barcode,cluster.init
AAACAAGTATCTCCCA-1,2
AAACACCAATAACTGC-1,2
AAACAGAGCGACTCCT-1,4
AAACAGCTTTCAGAAG-1,2
AAACAGGGTCTATATT-1,2
AAACATTTCCCGGATT-1,2
AAACCACTACACAGAT-1,4
AAACCCGAACGAAATC-1,2
AAACCGGAAATGTTAA-1,2
AAACCGGGTAGGTACC-1,2
AAACCGTTCGTCCAGG-1,2
AAACCTAAGCAGCCGG-1,5
AAACCTCATGAAGTTG-1,2
AAACGAAGAACATACC-1,1
AAACGACAGTCTTGCC-1,2
AAACGAGACGGTTGAT-1,4
AAACGCCCGAGATCGG-1,1
AAACGGGCGTACGGGT-1,3
AAACGGTTGCGAACTG-1,5
AAACGTGTTCGCCCTA-1,4
AAACTAACGTGGCGAC-1,4
AAACTCGGTTCGCAAT-1,5
AAACTCGTGATATAAG-1,4
AAACTGCTGGCTCCAA-1,2
AAACTTAATTGCACGC-1,2
AAACTTGCAAACGTAT-1,2
AAAGACATGAAGTTTA-1,4
AAAGACCCAAGTCGCG-1,1
AAAGACTGGGCGCTTT-1,1
AAAGCTTGCCTACATA-1,4
AAAGGCCCTATAATAC-1,2
AAAGGCTACGGACCAT-1,5
AAAGGCTCTCGCGCCG-1,3
AAAGGGATGTAGCAAG-1,1
AAAGGGCAGCTTGAAT-1,2
AAAGGTAAGCTGTACC-1,4
AAAGGTCAACGACATG-1,4
AAAGTAGCATTGCTCA-1,2
AAAGTCACTGATGTAA-1,4
AAAGTCGACCCTCAGT-1,2
AAAGTGTGATTTATCT-1,2
AAAGTTGACTCCCGTA-1,2
AAATAACCATACGGGA-1,4
AAATAAGGTAGTGCCC-1,4
AAATACCTATAAGCAT-1,2
AAATAGCTTAGACTTT-1,4
AAATAGGGTGCTATTG-1,2
AAATCCGATACACGCC-1,3
AAATCGTGTACCACAA-1,2
AAATCTAGCCCTGCTA-1,2
AAATGATTCGATCAGC-1,4
AAATGCTCGTTACGTT-1,4
AAATGGCATGTCTTGT-1,1
AAATGGCCCGTGCCCT-1,2
AAATGGTCAATGTGCC-1,2
AAATGTATCTTATCCC-1,2
AAATGTGGGTGCTCCT-1,4
AAATTAACGGGTAGCT-1,4
AAATTAATAAGCGCGA-1,4
AAATTACACGACTCTG-1,4
AAATTACCTATCGATG-1,4
AAATTCCAGGTCCAAA-1,4
AAATTGATAGTCCTTT-1,2
AAATTGCGGCGGTTCT-1,4
AAATTGGTGAGAAGCA-1,4
AAATTTACCGAAATCC-1,4
AAATTTGCGGGTGTGG-1,2
AACAACTGGTAGTTGC-1,2
AACAATACATTGTCGA-1,3
AACAATTACTCTACGC-1,2
AACACACGCTCGCCGC-1,2
AACACGACTGTACTGA-1,1
AACACGAGACGCGGCC-1,2
AACACGCGGCCGCGAA-1,4
AACAGCTGTGTGGCAA-1,2
AACAGGAAATCGAATA-1,4
AACAGGATGGGCCGCG-1,2
AACAGGTAGTATGGAT-1,2
AACATATCAACTGGTG-1,1
AACATCGATACGTCTA-1,4
AACATTGAAGTTGATC-1,2
AACATTGTGACTCGAG-1,5
AACCAAGACTTCTCTG-1,2
AACCAGTATCACTCTT-1,1
AACCATAGGGTTGAAC-1,3
AACCATGGGATCGCTA-1,2
AACCCAGAGACGGAGA-1,4
AACCCATCCCATGATC-1,2
AACCCGACAACCCGTG-1,5
AACCCGAGCAGAATCG-1,2
AACCCGATAGGGCTTC-1,4
AACCCTACTGTCAATA-1,2
AACCCTGGTGGAACCA-1,4
AACCGAGCTTGGTCAT-1,4
AACCGCTAAGGGATGC-1,2
AACCGTTGTGTTTGCT-1,1
AACCTAAAGCCGTCCG-1,2
AACCTCGCTTTAGCCC-1,3
AACCTGTCACGGAATT-1,4
AACCTTTAAATACGGT-1,2
AACCTTTACGACGTCT-1,4
AACGAAAGTCGTCCCA-1,2
AACGATAATGCCGTAG-1,2
AACGATAGAAGGGCCG-1,2
AACGATATGTCAACTG-1,4
AACGCATGATCTGGGT-1,4
AACGCGAACGGCAACA-1,4
AACGCGACCTTGGGCG-1,5
AACGCGGTCTCCAGCC-1,4
AACGCTGTTGCTGAAA-1,2
AACGGACGTACGTATA-1,2
AACGGCCATCTCCGGT-1,2
AACGTACTGTGGGTAC-1,2
AACGTCAGACTAGTGG-1,2
AACGTGATGAAGGACA-1,2
AACGTGCGAAAGTCTC-1,2
AACGTTATCAGCACCT-1,4
AACTACCCGTTTGTCA-1,2
AACTAGCGTATCGCAC-1,4
AACTAGGCTTGGGTGT-1,3
AACTCAAGTTAATTGC-1,2
AACTCCAGAGCGTGTT-1,3
AACTCCTAATCCCATG-1,4
AACTCGATGGCGCAGT-1,1
AACTCTCAATAGAGCG-1,2
AACTCTCAGTGTGCTC-1,2
AACTGAGGTCAGCGTC-1,4
AACTGATATTAGGCCT-1,4
AACTGGGTCCCGACGT-1,4
AACTGGGTTCGAGCCG-1,4
AACTGGTGTGGGCCTT-1,4
AACTTCTGCGTCTATC-1,2
AACTTGCCCGTATGCA-1,2
AACTTGCGTTCTCGCG-1,4
AACTTTACGGGAGCTT-1,4
AACTTTAGCTGCTGAG-1,1
AACTTTCTCGATCATG-1,4
AAGAAATCACCAGATT-1,4
AAGAAGGATCAGTTAG-1,4
AAGACCCAACTGAACA-1,5
AAGACTAACCCGTTGT-1,4
AAGACTCACGCCCACT-1,2
AAGACTGCAAGCTACT-1,2
AAGAGATGAATCGGTA-1,2
AAGAGCTCTTTATCGG-1,1
AAGAGGATGTACGCGA-1,1
AAGAGGCATGGATCGC-1,2
AAGAGGCCCTTTGGAA-1,2
AAGATGGCACCGGACC-1,3
AAGATTGGCGGAACGT-1,4
AAGCACCCTGCGTATC-1,3
AAGCATACTCTCCTGA-1,2
AAGCCGAAGCGGTTTA-1,2
AAGCCGCCGTGAAATC-1,2
AAGCCGCTTTACCTTG-1,4
AAGCGCAGGGCTTTGA-1,5
AAGCGGAGTGCGCGCA-1,4
AAGCGGCGTCATGGGT-1,4
AAGCGTCCCTCATCGA-1,3
AAGCTAGATCGAGTAA-1,2
AAGCTCGTGCCAAGTC-1,2
AAGCTCTTTCATGGTG-1,3
AAGGAGAACTTATAAG-1,1
AAGGAGCGGTTGGTGC-1,2
AAGGATCGATCGCTTG-1,4
AAGGATGAGGGACCTC-1,4
AAGGCAGGCTGTCTCC-1,2
AAGGCGCGTAAAGCTT-1,2
AAGGCTGTGCTCATCG-1,2
AAGGGAACGACTGGCT-1,2
AAGGGACAGATTCTGT-1,4
AAGGGACTATGCATTC-1,2
AAGGTATCCTAATATA-1,4
AAGGTGATAAACCAGC-1,2
AAGTAGAAGACCGGGT-1,1
AAGTAGTGACGCGAGG-1,2
AAGTCAATTGTCGTCA-1,2
AAGTCTAGTAGCTGCC-1,4
AAGTGACGACCGAATT-1,2
AAGTGAGTCGGGTTTA-1,5
AAGTGCAAAGGTAGAC-1,2
AAGTGCCTTGACTGTA-1,2
AAGTGCGTTAGAATCT-1,2
AAGTGCTTCTCTATTG-1,5
AAGTGTTTGGAGACGG-1,2
AAGTTCACTCCAAGCT-1,2
AAGTTCAGTCTGCGTA-1,2
AAGTTCGGCCAACAGG-1,2
AAGTTGTGATGTTATA-1,2
AAGTTTACTAATGGCA-1,4
AAGTTTATGGGCCCAA-1,5
AATAACAACGCTCGGC-1,2
AATAACACTAGAACAA-1,2
AATAAGTCCTCGAGAC-1,2
AATAATCTTCGTATCG-1,2
AATACAATGTTTCAGG-1,2
AATACCGGAGGGCTGT-1,5
AATAGAACAGAGTGGC-1,2
AATAGAATCTGTTTCA-1,2
AATAGCAAGCCTCCTG-1,2
AATAGCTACCGCGTGC-1,4
AATAGTCCGTCCCGAC-1,3
AATAGTCGCGAGTCGG-1,4
AATATCAAGGTCGGAT-1,1
AATATCGAATCAATGC-1,2
AATATCGAGGGTTCTC-1,4
AATATTGGAGTATTGA-1,2
AATCAGACTGCAGGAC-1,4
AATCAGGTTTCATTTA-1,3
AATCATGTAAAGACTC-1,2
AATCCAAGGGCCTGAG-1,2
AATCCATGCAAGGGTG-1,1
AATCGCCTCAGCGCCA-1,2
AATCGCGCAGAGGACT-1,4
AATCGGGACACTACGA-1,1
AATCGTGAGCCGAGCA-1,5
AATCTAGGTTTACTTG-1,2
AATCTATGCCGGAGCC-1,4
AATCTCTACTGTGGTT-1,2
AATCTGCGTTGGGACG-1,2
AATCTGGCTTTCTAGT-1,2
AATCTGGGTAGACCCT-1,4
AATGACAGCAATGTCT-1,2
AATGACGTAGGATGTC-1,2
AATGACTGTCAGCCGG-1,2
AATGAGTTCGCATATG-1,4
AATGATGATACGCTAT-1,4
AATGATGCGACTCCTG-1,4
AATGCAACCGGGTACC-1,4
AATGCACCAAGCAATG-1,4
AATGGCCGCCAATGCG-1,4
AATGGTCCACCGTTCA-1,2
AATGGTTCTCACAAGC-1,2
AATGTGCCCGAGGTGT-1,2
AATGTGCTAATCTGAG-1,5
AATTAAAGGTCGGCGT-1,2
AATTAACGGATTTCCA-1,3
AATTAGCGCTGCAGCG-1,2
AATTCATAAGGGATCT-1,1
AATTCATTGTCATGCA-1,2
AATTCCAAGCATGTAC-1,5
AATTCGATTCGAGGAT-1,5
AATTCTAGAGTTAGGC-1,2
AATTGAACGCTCTGGT-1,2
AATTGCAGCAATCGAC-1,2
AATTTGGGACATAGTA-1,4
AATTTGGTTCCAAAGA-1,4
ACAAACCATGCGTCCT-1,2
ACAAACCGACAAGGCG-1,2
ACAAAGCATGACCTAG-1,2
ACAAATCGCACCGAAT-1,2
ACAAATGGTAGTGTTT-1,2
ACAAATTCAGATCTGA-1,2
ACAACAGCATGAGCTA-1,2
ACAACGGTCCCTGCGA-1,1
ACAAGCAGTGCCTAGC-1,1
ACAAGCTATATGGAAG-1,2
ACAAGGAAATCCGCCC-1,2
ACAAGGACAAGAGGTT-1,2
ACAAGGATGCTTTAGG-1,3
ACAAGGCCTACCAGCC-1,2
ACAAGGGCAGGCTCTG-1,2
ACAATAGTCGTACGTT-1,2
ACAATCCATTTAAACC-1,2
ACAATCGATCTTTATA-1,4
ACAATGAATACGGAGA-1,2
ACAATGATTCTTCTAC-1,2
ACAATTGTGTCTCTTT-1,2
ACAATTTAGGAGGCTC-1,2
ACAATTTGAGCAGTGG-1,2
ACAATTTGGCCATATT-1,2
ACACAAAGACGGGTGG-1,2
ACACAAATATTCCTAG-1,4
ACACACCAGGACCAGT-1,2
ACACACTTTCTACACG-1,4
ACACATGATCAAATCT-1,2
ACACATTGACGCAACA-1,4
ACACCACATAATTAGC-1,4
ACACCCAGCATGCAGC-1,2
ACACCCGAGAAATCCG-1,1
ACACCGGTCTGACCGC-1,2
ACACCTTAAGTAGGGC-1,2
ACACCTTACTACTTGC-1,4
ACACGAGACTCCTTCT-1,4
ACACGGCACTATGCAT-1,4
ACACGGGAACTTAGGG-1,2
ACACGTAGGCCACAAG-1,2
ACACTCCAATGTCACT-1,4
ACACTGATCAAGGTGT-1,2
ACACTGGGACAGTCGT-1,2
ACAGAACTGAGAACAA-1,2
ACAGATTAGGTTAGTG-1,4
ACAGCATAGAGCCAGT-1,4
ACAGCGACATTCTCAT-1,2
ACAGCGCACCCGCAGC-1,4
ACAGGCTTGCCCGACT-1,2
ACAGGTGGAGGTGAGG-1,2
ACAGGTGTGTTGTTGC-1,4
ACAGTAATACAACTTG-1,2
ACAGTGCAGCGCATTT-1,2
ACATAAGTCGTGGTGA-1,2
ACATAATAAGGCGGTG-1,2
ACATCAGCTGGGACGC-1,4
ACATCCCGGCCATACG-1,3
ACATCCTGGTAACTGT-1,2
ACATCGATCGTTTACC-1,2
ACATCGGTCAGCCGCG-1,2
ACATCGTATGCAATGG-1,2
ACATCGTTAACCTAGT-1,4
ACATCTCAACGCGTAA-1,4
ACATGGCGCCAAAGTA-1,4
ACATTAGTTTATATCC-1,2
ACCAAACACCCAGCGA-1,4
ACCAAACTAGAAATCC-1,4
ACCAACACCACACACT-1,2
ACCAACCGCACTCCAC-1,2
ACCAACGCTTATTTAT-1,3
ACCAAGAACGCGTGTC-1,1
ACCAATATGCAAGTTA-1,3
ACCACAACTCAGAACA-1,4
ACCACAAGTTTCTATC-1,2
ACCACCAATGTAACAA-1,2
ACCACCCTCTCTTCTA-1,2
ACCACGTGCAGCTATA-1,2
ACCAGCCCGGTCTTTG-1,2
ACCAGGAGTGTGATCT-1,4
ACCAGTGCCCGGTCAA-1,2
ACCAGTGCGGGAGACG-1,2
ACCATATCCGCAATAA-1,2
ACCATCCGCCAACTAG-1,2
ACCATCGTATATGGTA-1,2
ACCCAACGCCCGTGGC-1,4
ACCCACCTACATGCTC-1,2
ACCCATCTTGAGGGTA-1,2
ACCCATTTGTCCCTCT-1,2
ACCCGAGCGAAATTAC-1,2
ACCCGATTGGTTCCGA-1,3
ACCCGGAAACTCCCAG-1,3
ACCCGGATGACGCATC-1,2
ACCCGGTTACACTTCC-1,2
ACCCGTGTCATCAGTA-1,3
ACCCTATAGGACTGAG-1,1
ACCCTATGCCATATCG-1,3
ACCCTCCCTTGCTATT-1,2
ACCCTGGTAACGCCCT-1,4
ACCCTTCATCTGCGAA-1,1
ACCCTTGCCTGGGTCG-1,4
ACCCTTTAGTTCTCCA-1,1
ACCGAAAGGGCCCTGC-1,2
ACCGAAGAGTCTGGTT-1,2
ACCGACACATCTCCCA-1,3
ACCGACTGAGTCCCAC-1,2
ACCGATAGGCATAACC-1,2
ACCGATATTTAATCAT-1,2
ACCGATGGTAGCATCG-1,4
ACCGCAATAACTGCCT-1,2
ACCGCGGTGGAAGTCG-1,2
ACCGGGCCTTTGTTGA-1,2
ACCGGTCAGGTACACC-1,2
ACCGGTCTGAGTACGG-1,4
ACCGTGACCACGTGGG-1,5
ACCGTTCCCGCTCTGA-1,4
ACCTAAGTACCTTTCA-1,2
ACCTAATCGACTTCCT-1,2
ACCTACAGTATGTGGT-1,2
ACCTACTATAAATCTA-1,5
ACCTCCGCCCTCGCTG-1,2
ACCTCCGTTATTCACC-1,4
ACCTCGAACTTATGCT-1,2
ACCTGCGTGTCATGTT-1,2
ACGAAATGGGCGGCAC-1,2
ACGACTGGTCATACTC-1,5
ACGAGAACCCATCACG-1,4
ACGAGATATTTGCTTA-1,4
ACGAGGATACCACTCT-1,2
ACGAGGTTTACAACGT-1,2
ACGAGTACGGATGCCC-1,4
ACGATACATAGAACTA-1,2
ACGATACCTATCCTGA-1,4
ACGATCATACATAGAG-1,4
ACGATCATCTTGTAAA-1,2
ACGATGCATATGTTAT-1,2
ACGATGGATCCGATGC-1,1
ACGCAAACTAATAGAT-1,5
ACGCAATCACTACAGC-1,4
ACGCATAAATGACATG-1,4
ACGCATACGTTTACTA-1,2
ACGCATTCGTGAGTAC-1,2
ACGCCAGATGATTTCT-1,2
ACGCCCAGCTGTCGAT-1,4
ACGCCGCTAGACGACC-1,2
ACGCGAAGTCAGACGA-1,2
ACGCGCTACACAGGGT-1,2
ACGCGGGCCAAGGACA-1,2
ACGCGTTTCTTAAGAG-1,2
ACGCTAGTGATACACT-1,4
ACGCTGTGAGGCGTAG-1,2
ACGCTTAGTGTCTCTC-1,4
ACGGAATTTAGCAAAT-1,4
ACGGACTCTCAAAGCG-1,3
ACGGAGCGCAAATTAC-1,4
ACGGATGGTGCGGATA-1,3
ACGGCACTTGCTTGGG-1,2
ACGGCCAACATGGACT-1,3
ACGGCGACGATGGGAA-1,2
ACGGCGGGTTGCCCTG-1,4
ACGGCTGGATGTAGAA-1,2
ACGGGAGTGTCGGCCC-1,2
ACGGGCGTATGCGACA-1,4
ACGGGTCATGTGACTT-1,4
ACGTACAGATTTCTCT-1,1
ACGTAGATTGCTGATG-1,2
ACGTATTACTCCGATC-1,2
ACGTGCGCCTCGTGCA-1,4
ACGTGGTCGAATGTGC-1,4
ACGTTAATGTCGAAGA-1,2
ACGTTAGATTTGCCCG-1,2
ACGTTATTGGTCACTC-1,1
ACGTTCCGCGCTCCGT-1,4
ACGTTCGCAATCAATT-1,4
ACGTTCGTTCAGGAAA-1,3
ACGTTCTGTACAAGTC-1,2
ACGTTTAGTTGTGATC-1,4
ACTAAGGACGCACACC-1,4
ACTAATACGTCAGGCG-1,2
ACTACATCCCGACAAG-1,2
ACTACCAGCTCTCTGG-1,2
ACTACGCGTTAGAATT-1,5
ACTAGTTGCGATCGTC-1,2
ACTATATGCTGTGTTC-1,4
ACTATCCAGGGCATGG-1,4
ACTATCTGCCCGCGTA-1,2
ACTATGTCCAGCTGCC-1,2
ACTATTCGTCCGTGGT-1,2
ACTATTTCCGGGCCCA-1,3
ACTCAACGAATGTATT-1,1
ACTCAAGTGCAAGGCT-1,3
ACTCAATAAAGGCACG-1,1
ACTCAGACCTGCTTCT-1,4
ACTCATGGCAGCCTTC-1,2
ACTCCAATATCATCAT-1,2
ACTCCCATTCCTAAAG-1,2
ACTCCCGAATTCGTTT-1,4
ACTCCCTAATGCTAAA-1,3
ACTCCCTAGAATAGTA-1,2
ACTCGATGTATTTCAT-1,4
ACTCGTAACCCGTCCT-1,2
ACTCGTCAGTAATCCC-1,1
ACTCTAAACCTGGGAT-1,2
ACTCTCTGACTTAGGT-1,2
ACTCTCTTATACACGA-1,4
ACTCTTCAGCTCCCGC-1,4
ACTCTTGTATAGTAAC-1,2
ACTGAAACGCCGTTAG-1,2
ACTGAATGGCGAAAGT-1,2
ACTGATTTAGTGATTC-1,2
ACTGCCCGCCATTCTC-1,3
ACTGCCGTCGTAACTC-1,4
ACTGCGGACACACCGT-1,2
ACTGCTCGGAAGGATG-1,2
ACTGGCGAACCTGCGT-1,4
ACTGTACGATACACAT-1,2
ACTGTAGCACTTTGGA-1,2
ACTGTATACGCGAGCA-1,1
ACTGTCCAGGATTATA-1,2
ACTGTCTTCTTTAGAA-1,2
ACTGTGCTAGTAGATC-1,4
ACTGTTTAGTGTAGGC-1,4
ACTTACCGGGCGCGCA-1,4
ACTTACGCATCCACGC-1,2
ACTTAGTACGACAAGA-1,4
ACTTATACTTACCCGG-1,4
ACTTATTAGGATCGGT-1,2
ACTTATTTATGTGCCA-1,2
ACTTCAGGCTGATCCC-1,2
ACTTCCATGCGGGACA-1,3
ACTTCGCCATACGCAC-1,2
ACTTGACTCCCTCTTT-1,2
ACTTGCCATATTGTAC-1,4
ACTTGGGACCCGGTGG-1,1
ACTTGTAGTCCCTTCA-1,2
ACTTGTGGATGGAACG-1,2
ACTTTACCCTCATGAA-1,4
ACTTTCCTATAGCTTC-1,4
ACTTTGACTGCATCCT-1,1
ACTTTGGTCGTGCTCC-1,2
ACTTTGTCGACGCACT-1,2
AGAAATTATGACTCGC-1,2
AGAACCCAGCGTGACA-1,2
AGAACCCTCAATTGGG-1,2
AGAACGTGGTACATTC-1,4
AGAAGAGCGCCGTTCC-1,5
AGAAGGTACACTTCAC-1,2
AGAAGGTTGCCGAATT-1,2
AGAAGGTTGTAGGTCG-1,5
AGAAGTGATTCGTGAT-1,2
AGAATAAATCTTCAGG-1,2
AGAATGCGGGTTCGGA-1,4
AGAATTATGGATTCGA-1,4
AGAATTGTTTGACATA-1,1
AGACAGCTCAGAATCC-1,4
AGACAGGCATCTCAGC-1,2
AGACATAGATCCTTCC-1,4
AGACCAAACCACACCT-1,2
AGACCATGGGATACAA-1,4
AGACCCACCGCTGATC-1,2
AGACCCGCCCTCCTCG-1,4
AGACCGCTCCGCGGTT-1,2
AGACCGGGAAACCCTG-1,2
AGACGAAGTGCCGGTC-1,2
AGACGACGATGCCGCT-1,2
AGACGCCCACTTCGCC-1,2
AGACGGGATTGGTATA-1,4
AGACGGGCCGATTTAA-1,2
AGACTAGCCTTCCAGA-1,2
AGACTGTTACCGGGTC-1,3
AGAGAAACACCAGAAA-1,3
AGAGAACCGTCTAGGA-1,4
AGAGAAGGAGTACAAT-1,3
AGAGATCTCTAAAGCG-1,2
AGAGCAGTTATGAGAC-1,4
AGAGCCGCCGAGATTT-1,2
AGAGCGCTTGTAACGG-1,4
AGAGCGGGCTAATCAT-1,2
AGAGCGTACAAGCTCG-1,4
AGAGCTACGAAAGCAT-1,4
AGAGGCTTCGGAAACC-1,2
AGAGGGACAATTGTCC-1,4
AGAGGTATCTCGGTCC-1,4
AGAGTAAACTTCACTA-1,2
AGAGTATAGTGTTACG-1,4
AGAGTGAACAGACACC-1,2
AGAGTTAGAGACCGAT-1,2
AGAGTTGCAGGCCTCC-1,4
AGATAACTTCAGGGCC-1,2
AGATACCAATAGAACC-1,2
AGATACCAGCACTTCA-1,4
AGATACCGGTGTTCAC-1,2
AGATACGACTTCATAT-1,4
AGATACTCAAGATCGA-1,2
AGATATAATACGACTA-1,5
AGATCGTGCATAAGAT-1,4
AGATCTCAGGTGTGAT-1,4
AGATGACTCGCCCACG-1,4
AGATGAGGGTTGCGAT-1,4
AGATGATGGAGTCTGG-1,4
AGATGCAAGACGTGCA-1,2
AGATTATAGGACGTTT-1,2
AGATTCAAGCGGGTCG-1,3
AGATTCACAACCGATA-1,2
AGCAAAGGCCGCTAGT-1,3
AGCAACATATCTTATT-1,2
AGCAACCGAAAGTAAT-1,2
AGCACACGTTTAGACT-1,2
AGCACCAGTACTCACG-1,4
AGCACTACCGGCCTGT-1,2
AGCACTACCTCACCAG-1,2
AGCACTTAAGGACGCC-1,2
AGCAGAAGGAGAAAGA-1,5
AGCAGCCAGATGAATA-1,3
AGCATATCAATATGCT-1,2
AGCATCATTTCGAAAG-1,2
AGCATCGTCGATAATT-1,2
AGCCAAGCTTTGTGTC-1,5
AGCCACAGGTTACCCG-1,2
AGCCACTCCCGTGCTT-1,4
AGCCCATACATGTAAG-1,2
AGCCCGCAACAAGCAG-1,5
AGCCCGGCATTAGAGG-1,2
AGCCCGGTAGCCTGTA-1,5
AGCCCTAAGCGAAGTT-1,4
AGCCCTCCCTGGTGGC-1,2
AGCCCTGTCGCACCGT-1,2
AGCCCTTCTAATCCGA-1,4
AGCCCTTGGACATCCC-1,2
AGCCGTGGCTAAATGT-1,2
AGCCTAATACCCACGT-1,2
AGCCTTAAAGCGGAAG-1,4
AGCGACAGGAACGGTC-1,2
AGCGACATCCCATTCA-1,1
AGCGACCAACGATATT-1,2
AGCGAGACGTGAAGGC-1,4
AGCGATGCGCCTAATA-1,2
AGCGCATAATGAATCG-1,3
AGCGCGGGTGCCAATG-1,4
AGCGCTAGAGCGATGT-1,4
AGCGCTTATGGGCAAG-1,4
AGCGGACACTTCGTAG-1,5
AGCGGCGGTTAGCGGT-1,2
AGCGGGAAGGGTCCAT-1,1
AGCGGGTCTGACACTC-1,5
AGCGGTTGAGATGTAC-1,4
AGCGGTTGCCGCTCTG-1,4
AGCGTACGAGAGCTAG-1,4
AGCGTAGCGCTAGACC-1,4
AGCGTGGTATTCTACT-1,2
AGCGTTCCGATTTAAA-1,2
AGCTAACAAGCAATGT-1,3
AGCTAAGTACGCAGGC-1,3
AGCTAGAAGCAGAAGT-1,4
AGCTATTTAATCCAAC-1,2
AGCTCCATATATGTTC-1,2
AGCTCCTTCGCACATC-1,2
AGCTCGTTGATGGAAA-1,4
AGCTCTAGACGTTCCA-1,2
AGCTCTTCCCAGTGCA-1,4
AGCTCTTCGTAACCTT-1,4
AGCTCTTTACTCAGTT-1,2
AGCTGAAGTAAACCAA-1,4
AGCTGCATTTGAGGTG-1,4
AGCTGCTGTGCCGAAT-1,4
AGCTGTAACCTCAATC-1,2
AGCTTATAGAGACCTG-1,1
AGCTTCAATACTTTGA-1,4
AGCTTGATCTTAACTT-1,2
AGGAACGAACGACTTC-1,2
AGGAAGCTGTCCGCCG-1,5
AGGACAGTCGAATCCC-1,2
AGGACATCGCACGTCG-1,4
AGGACGACCCATTAGA-1,2
AGGACGCTCGATGTTG-1,4
AGGAGACATCCACAGT-1,4
AGGAGGCCTTCGCGCG-1,2
AGGATAAAGTCGGGAT-1,2
AGGATATAGGGATTTA-1,2
AGGATCACGCGATCTG-1,2
AGGATTGCTTACGACA-1,4
AGGCACGTGACTGTCC-1,2
AGGCAGATGCGTAAAC-1,4
AGGCAGGGAGCGTACT-1,5
AGGCATTGTCGTAGGG-1,2
AGGCCACCCGTTATGA-1,2
AGGCCCATTGTACAGG-1,2
AGGCCCTAGAACGCCA-1,2
AGGCCTGAGAATCTCG-1,3
AGGCGATAACTGGCGT-1,2
AGGCGGTTTGTCCCGC-1,2
AGGCGTCTATGGACGG-1,4
AGGCTATGGTTAGCTT-1,2
AGGCTTCCCGAAGAAG-1,2
AGGCTTGCTAGACACC-1,2
AGGGAAACGAGGTACT-1,4
AGGGACCGGCTGCGTT-1,4
AGGGACTCTACGCGAC-1,3
AGGGAGACATACTTCG-1,4
AGGGCAGCGGCGTGGT-1,4
AGGGCGAGCAGCTGAT-1,2
AGGGCGTGATCGGCTA-1,1
AGGGCTGCAGTTACAG-1,2
AGGGTCAGAGCACTCG-1,5
AGGGTCAGTAACCCTA-1,4
AGGGTCGATGCGAACT-1,4
AGGGTGCCGTTCTTTA-1,3
AGGGTGCTCTCGAGGG-1,4
AGGGTGGATAGTGCAT-1,4
AGGGTGTGCTACACGC-1,4
AGGGTTCAGACGGTCC-1,5
AGGGTTCCCTTTGGTT-1,4
AGGGTTTAGTTCGGGA-1,1
AGGTAACCTCCTATTC-1,4
AGGTACGATATTGCCA-1,4
AGGTAGATCGAGATAT-1,5
AGGTAGGTACAAAGCT-1,2
AGGTATAATTGATAGT-1,2
AGGTATGCGGACATTA-1,4
AGGTCAGGTGAGAGTG-1,2
AGGTCGCCACTTCGGT-1,4
AGGTCGCCTCCCAACA-1,2
AGGTCGCGGAGTTACT-1,4
AGGTGGTGACCTTCGC-1,5
AGGTGTATCGCCATGA-1,2
AGGTTACACCATGCCG-1,2
AGGTTGAGGCACGCTT-1,4
AGGTTTCACACACCTT-1,2
AGTAACGTTCATCCTG-1,4
AGTAATGTCTTGCCGC-1,2
AGTACATCATTTATCA-1,4
AGTACCTTCGAGTGCT-1,4
AGTACGGCCCGTATCG-1,4
AGTACGGGCACCTGGC-1,2
AGTACGTGGCCTGTCT-1,2
AGTACTCTTATGCCCA-1,2
AGTAGCGTGAACGAAC-1,4
AGTAGCTAGACGCCGA-1,4
AGTAGGAAGGAAGTTG-1,1
AGTAGGTAACATACAT-1,2
AGTATAATACTAGGCA-1,4
AGTATACACAGCGACA-1,5
AGTATCCATAATAACG-1,4
AGTATGCTGGAGACCA-1,2
AGTATTTGGCACGACC-1,3
AGTCAAATGATGTGAT-1,3
AGTCAACACCACCATC-1,2
AGTCAAGATGACACTT-1,2
AGTCACTAGCTCTCGA-1,2
AGTCACTCCGCCTCAT-1,4
AGTCAGCCACCGCCTG-1,1
AGTCCAGCGGGTACGT-1,2
AGTCCATTGGCTGATG-1,1
AGTCCCGCCTTTAATT-1,1
AGTCGACGGTCTCAAG-1,4
AGTCGGCCCAAACGAC-1,2
AGTCGGCTCAACTTTA-1,2
AGTCGGTTGCGTGAGA-1,4
AGTCGTATAAAGCAGA-1,5
AGTCGTCGACCACCAA-1,2
AGTCGTGGGCATTACG-1,2
AGTCTAAAGTATACTC-1,4
AGTCTCACAAGACTAC-1,2
AGTCTGGACATCCTTG-1,2
AGTCTTCTCCTCAAAT-1,1
AGTCTTTAAAGTGTCC-1,5
AGTGAACAAACTTCTC-1,2
AGTGACCTACTTTACG-1,2
AGTGACTGTGACACAA-1,2
AGTGAGACTTCCAGTA-1,4
AGTGAGCCTCGCCGCC-1,4
AGTGAGGGTTTCTGAC-1,4
AGTGATAACCTGCGCG-1,2
AGTGATATGAGTAGTT-1,2
AGTGATTCAAGCAGGA-1,1
AGTGCACGCTTAAGAA-1,2
AGTGCGTAGCTCGTAA-1,2
AGTGCTAAACACAGCA-1,2
AGTGCTTGCACGAATA-1,2
AGTGGCGGCAATTTGA-1,4
AGTGGCGTCTGAAGGT-1,3
AGTGGCTCCGTCGGCC-1,2
AGTGGTGTTACCCGTG-1,4
AGTGTATTGCGCATTG-1,4
AGTGTGCTAAGATCGC-1,4
AGTGTGGTCTATTGTG-1,2
AGTTAAACACTTGCGA-1,2
AGTTAAGCGGTCCCGG-1,4
AGTTAAGTCAACCGCT-1,2
AGTTACCCTTAAGACT-1,4
AGTTACCGCACATGGT-1,4
AGTTACTCTATCGTGG-1,4
AGTTATTGAAAGGTAA-1,4
AGTTCACCGGTTGGAC-1,2
AGTTCCTACAGAATTA-1,2
AGTTCCTATTTATGTT-1,2
AGTTCTGCGTTGTATC-1,4
AGTTGACATCGGCTGG-1,1
AGTTGACGGTCCTTGC-1,5
AGTTGCTGACTGATAT-1,4
AGTTTATGTAAAGACA-1,4
AGTTTCGCAGGTCGGA-1,4
AGTTTGCACCTGCCTC-1,3
AGTTTGGCACGGGTTG-1,2
AGTTTGGCCAGACCTA-1,2
ATAAACGGACCCGTAA-1,2
ATAAACGTTGCACCAC-1,2
ATAAAGGCTCGGTCGT-1,2
ATAAAGGTCAAGTACG-1,2
ATAAATATTAGCAGCT-1,2
ATAACGCCGGAGGGTC-1,2
ATAACGGAGTCCAACG-1,4
ATAACGTTACCTCCAC-1,4
ATAAGCAAACACCGAG-1,4
ATAAGGTGGAGAACAT-1,2
ATAAGTACCCGATTGT-1,4
ATAAGTAGGATTCAGA-1,4
ATAAGTAGGGCGACTC-1,4
ATAAGTTACCGCGACG-1,2
ATAATACCGTTAGCCG-1,1
ATAATAGCTGTTGAAT-1,2
ATAATAGTGTAGGGAC-1,1
ATAATCTTGGAGAACC-1,5
ATAATTAGCTAAGTAG-1,3
ATACAGGCCCTCCAAT-1,3
ATACCACGGGCAACTT-1,2
ATACCAGCAAATTGCT-1,4
ATACCAGGCTAATAGA-1,2
ATACCAGGTGAGCGAT-1,4
ATACCGTCATCCATAA-1,4
ATACCTAACCAAGAAA-1,3
ATACGAAGGCTTTCCA-1,2
ATACGACAGATGGGTA-1,2
ATACGCCGGCGAAACC-1,2
ATACGGAACGTCGTTT-1,2
ATACGGGTTTCGATTG-1,4
ATACGGTGAAGATGCA-1,2
ATACGTACTTAGCCAC-1,2
ATACGTCCACTCCTGT-1,2
ATACGTTATGCACGGA-1,5
ATACTACCCGTACCAC-1,2
ATACTAGCATGACCCT-1,4
ATACTCTCGCCACTCT-1,1
ATACTGCCTTACACCG-1,3
ATACTTGTTCTCGAGC-1,2
ATAGACAACGGGACCT-1,4
ATAGACGAAGAGAAAG-1,2
ATAGAGTACTGGGACA-1,2
ATAGAGTTATCAACTT-1,4
ATAGCAACTAGGGAAG-1,3
ATAGCCTCAGTACCCA-1,4
ATAGCTGCTCTTGTTA-1,2
ATAGGAATCTAAGCTT-1,4
ATAGGCGGCTATAGAA-1,2
ATAGGCTAGCTTCGCA-1,4
ATAGGGATATCCTTGA-1,2
ATAGGTTGGGCAGATG-1,4
ATAGTCTTTGACGTGC-1,4
ATAGTGAAGCGTTCTC-1,2
ATAGTTCCACCCACTC-1,2
ATATAAAGCGCTCGTG-1,3
ATATAAATGTAGCTGC-1,3
ATATAACACGGGCGCA-1,3
ATATACGCTCGTGACG-1,2
ATATAGAGTATTGGTC-1,2
ATATCAACCTACAGAG-1,4
ATATCGGTAGGGAGAT-1,2
ATATCGTGCCAGACCC-1,2
ATATCGTTCCTCGAAC-1,2
ATATCTCCCTCGTTAA-1,4
ATATCTTAGGGCCTTC-1,1
ATATGTCTCCCTAGCC-1,4
ATATGTGCACAAACCA-1,4
ATATTCAGTTAAACCT-1,2
ATATTCCACATAGTGA-1,2
ATATTCCCACAGGTCA-1,1
ATATTGCTGTCAAAGT-1,4
ATATTGGAGAGGCCTT-1,2
ATATTTAACCCTCAAG-1,2
ATCAAACACTGTTCCA-1,2
ATCAAACGAAGGTTTG-1,2
ATCAAGATCCCAGGAC-1,2
ATCAATCTGGGCTGCA-1,2
ATCAATGCCGTGGCTG-1,2
ATCACATTAGAATATC-1,1
ATCACGTGCTAATTAA-1,2
ATCACTTCATCCTCGC-1,4
ATCAGACGGCACGCCG-1,2
ATCAGCCTCATGCTGC-1,2
ATCAGCTCGTCCACTA-1,2
ATCAGGTCGCCATTGC-1,4
ATCAGTAGGCAGGGAT-1,4
ATCATAGCCCTATGTA-1,2
ATCATCCAATATTTGT-1,2
ATCATCTGCCCAGTGT-1,4
ATCCAACGCAGTCATA-1,2
ATCCAATGGAGGGTCC-1,2
ATCCACATCGACAGAA-1,5
ATCCACGCTAAATGTT-1,2
ATCCACTTTCAGACTA-1,4
ATCCAGAGCAACAACC-1,4
ATCCAGGATTCGTGAA-1,2
ATCCCATCCACAGCGC-1,2
ATCCTACCTAAGCTCT-1,2
ATCCTGAATCGCTGCG-1,2
ATCCTGCGTGGAATGG-1,2
ATCCTGCTGCAGATAG-1,4
ATCGACCCAATACAGA-1,2
ATCGACTCTTTCCGTT-1,4
ATCGCACGATTGTTCA-1,4
ATCGCACGCCGGGAGA-1,4
ATCGCCAGTCAACATT-1,2
ATCGCTGCGTGCAGCA-1,4
ATCGCTTTACGTCTCA-1,4
ATCGGAGACAGACGGC-1,2
ATCGGCAAGCAGTCCA-1,4
ATCGGTTACCTAGTAA-1,1
ATCGTATTCCGAGAAC-1,4
ATCGTGGAAAGTCTGG-1,2
ATCGTTAGCTAGCGGA-1,2
ATCGTTCACTTTCGCC-1,4
ATCTAATATCCTACGG-1,3
ATCTAGCTTGTGAGGG-1,5
ATCTCATAAACCTACC-1,2
ATCTCCCACGGAATAT-1,2
ATCTCCCTGCAATCTA-1,4
ATCTCGTGAGCGAAAC-1,2
ATCTGACATGGAAGGA-1,5
ATCTGATAGTGTCTTA-1,4
ATCTGCACCTCTGCGA-1,4
ATCTGCTGTTATCGCC-1,5
ATCTGGGCTGTTCTTG-1,3
ATCTGGTTAAGACTGT-1,1
ATCTGTAATTGTACCC-1,4
ATCTTATCGCACACCC-1,2
ATCTTGACCTGCAACG-1,2
ATCTTGACTTGTCCAA-1,4
ATCTTTCGTATAACCA-1,4
ATGAAGCCAAGGAGCC-1,2
ATGAAGTGGACCCAGC-1,4
ATGACGCCGGCTCTAA-1,4
ATGACGCGTTCTATCC-1,2
ATGACTATCAGCTGTG-1,5
ATGACTATGCGACATT-1,2
ATGAGGAGTGTTAATC-1,2
ATGAGGGCAGCGGCTA-1,4
ATGATCGGGAATAGAC-1,1
ATGATGCAATGGTACA-1,2
ATGCACCTTCCTTAAT-1,4
ATGCACGCGCTGTTCA-1,2
ATGCACTACCGCATTG-1,2
ATGCATGATCCAGGAT-1,4
ATGCATTCCGTGATGG-1,4
ATGCCAATCGCTCTGC-1,4
ATGCCATTTGCGACCA-1,2
ATGCCGGTCTTGCATA-1,4
ATGCCGGTTGATGGGA-1,1
ATGCGACAATTGGTCC-1,4
ATGCGACAGTCCCATT-1,1
ATGCGAGTCCCACCAC-1,2
ATGCTCAGTGTTGCAT-1,4
ATGCTCTGGCGCGGTA-1,3
ATGCTTAGGAGTTGAT-1,2
ATGGAAATTTAAGGAG-1,2
ATGGAACAGAATAAAC-1,1
ATGGAACCTTTGCACA-1,4
ATGGAGCAGGCCGTGA-1,2
ATGGATCCGGCGTCCG-1,4
ATGGATTGACCAAACG-1,2
ATGGCAGCATTACGAT-1,2
ATGGCAGCCGAGAAAC-1,2
ATGGCTGGAAATGGCC-1,4
ATGGGAACGGAAGCGG-1,4
ATGGGACCTGCTGAAC-1,3
ATGGGCCTCGGCCTCT-1,2
ATGGGTGTATACCTCC-1,2
ATGGTCGCGTGGTTTC-1,2
ATGGTGCTCAAAGCCA-1,2
ATGGTTACGAAACATG-1,4
ATGTAAGGCTGCTCTT-1,4
ATGTACATGCGGTGAG-1,2
ATGTACGATGACGTCG-1,5
ATGTAGCGCGCGTAGG-1,5
ATGTCATTTCCCATTG-1,4
ATGTGAAAGCCTAATG-1,4
ATGTGCATCCGACGCA-1,2
ATGTGGACATCTTGAT-1,2
ATGTGTAGTTTAGTCA-1,1
ATGTTACGAGCAATAC-1,4
ATGTTCCTGCCCACCT-1,2
ATGTTCGTCGACCCAC-1,2
ATGTTGATTAGAGACT-1,3
ATGTTGTAGTCTGTTT-1,5
ATGTTTGTAAGATCAT-1,4
ATTAAACATGCGGACC-1,2
ATTAACACCTGAGATA-1,4
ATTAATACTACGCGGG-1,4
ATTAATGAACCAGTCG-1,1
ATTAATTCGGTCACTC-1,1
ATTACAACTACCGGCC-1,2
ATTACATGTCAGTCTT-1,2
ATTACCACACTGCCTG-1,2
ATTACGCGCTGGCAGG-1,2
ATTACTAGCCTCTTGC-1,4
ATTACTTACTGGGCAT-1,4
ATTAGATTCCTCAGCA-1,4
ATTAGATTGATAGCGG-1,2
ATTAGGCGATGCTTTC-1,2
ATTATACTTTGCTCGT-1,4
ATTATAGCTACTTTAC-1,4
ATTATCGGAATGTACG-1,5
ATTATCTCGACAGATC-1,2
ATTATGAGACCCAATT-1,2
ATTATGCCATAGGGAG-1,2
ATTATGCTCAGTATTG-1,4
ATTATTATGTCCGTCA-1,3
ATTATTCAGAGTCACT-1,3
ATTCAAAGTACCTGTT-1,4
ATTCAACCATTTAAGG-1,2
ATTCACTGATGTTGGA-1,3
ATTCAGATGAATCCCT-1,4
ATTCAGGACCTATTTC-1,4
ATTCAGGATCGCCTCT-1,2
ATTCAGTAGCAGGGTC-1,2
ATTCATATACTGTCCA-1,2
ATTCATCGTTGAGGCA-1,3
ATTCCCACATAAACAA-1,2
ATTCCTAAGACGTGGA-1,4
ATTCCTCCGCCAGTGC-1,2
ATTCCTTCCAGGCGGT-1,4
ATTCGACGCCGGGCCT-1,2
ATTCGCAGAGGACACT-1,4
ATTCGCGCCTTGAGAG-1,2
ATTCGTGCTATCTCTT-1,2
ATTCTCGTCTCTTTAG-1,4
ATTCTGAGTATGAACT-1,2
ATTCTTCGTACTTATG-1,2
ATTGAAGATCTTAGTG-1,2
ATTGACCGGCGATGAC-1,4
ATTGACGTAACTCGGT-1,4
ATTGATAGCAACGAGA-1,4
ATTGATCACCACATTT-1,2
ATTGATGAGTCCTAAC-1,4
ATTGCCTATTAGACCG-1,2
ATTGCCTTTATGTTTG-1,3
ATTGCGATCAGTAACT-1,2
ATTGCTGCTCCTCCAT-1,2
ATTGGATTACAGCGTA-1,2
ATTGGGAATATCTTGG-1,1
ATTGGGAGTTCTGTAA-1,4
ATTGGTAGGATCCGCT-1,4
ATTGTACAACTCGGCT-1,4
ATTGTCGCAATACCTT-1,4
ATTGTGACTTCGCTGC-1,4
ATTGTTCAACGATCCG-1,2
ATTTAACTCGTATTAC-1,2
ATTTACAGTTTACTGG-1,2
ATTTACTAAGTCCATT-1,4
ATTTCATTATTTCGCG-1,2
ATTTCCGGGTTCTGCG-1,2
ATTTGCGCGAGTAGCT-1,2
ATTTGTCTTGGGAGCT-1,2
ATTTGTTCCAGGGCTC-1,4
CAAACCAGGTCTGCAT-1,4
CAAACGAGTATCGCAG-1,2
CAAACGGTCGCACTTT-1,2
CAAACGTGGTCTTGCG-1,4
CAAACTACGATAGAGA-1,4
CAAACTATTGAGCTTC-1,1
CAAACTCGCGACGCCG-1,2
CAAAGATTATTGGGCC-1,2
CAAAGGTCATCTGAAA-1,4
CAAAGGTTAAATTCAG-1,4
CAAAGTCAGGTTAGCT-1,2
CAAATCTCTCACAAGG-1,2
CAAATGTCCTTCCGTG-1,2
CAAATTGGATTATGCC-1,4
CAAATTGTCAGCAAGC-1,1
CAACACATCTCCTGCC-1,4
CAACAGAATAACGCTA-1,4
CAACATGGCCTGATAA-1,2
CAACCAGTGGCCTACC-1,2
CAACCTACCGAGCAGT-1,2
CAACCTGAACCTGCCA-1,4
CAACGACCCGTTTACA-1,2
CAACGGTTCTTGATAC-1,2
CAACGTGGTGGAGTCT-1,2
CAACTATATCGAATGC-1,4
CAACTCCAACGTTTAG-1,4
CAACTCCGTAACTTGC-1,4
CAACTCCTTGATCCCG-1,2
CAACTGAGGGTATGAC-1,4
CAACTGCTCATCCGAT-1,3
CAACTTGTAGTGGGCA-1,1
CAAGAAACCCTAAACT-1,2
CAAGAGGGCGGAGTAC-1,2
CAAGATATTATAACGT-1,2
CAAGCAACGTCGGAGT-1,2
CAAGCACCAAATGCCT-1,2
CAAGCGGCACATAATT-1,3
CAAGGATCGCATGTTC-1,2
CAAGGCCAGTGGTGCA-1,2
CAAGGTCCTATAGGCT-1,4
CAAGTAAGTGATAGAC-1,5
CAAGTGAACTTTGGTT-1,4
CAAGTGTGGTTGCAAA-1,1
CAATAAACCTTGGCCC-1,2
CAATACGAGAGTCTGA-1,4
CAATACGCTCTGAGGC-1,2
CAATATGTAGATTTAC-1,4
CAATATTCTTGACCTA-1,3
CAATCCATTATCCGTT-1,4
CAATCCCTATACCAGC-1,4
CAATCCTGCCGTGGAG-1,4
CAATGACCCTTAATTT-1,2
CAATGAGGTTCGACTA-1,4
CAATGCGAGAAGTATC-1,2
CAATGGAATCTACATA-1,2
CAATGGATCTCTACCA-1,4
CAATGGTCGGCCTGGG-1,4
CAATGTGCCAACCCTT-1,2
CAATTAAGGGTGATGA-1,4
CAATTTCGTATAAGGG-1,2
CACAAGAAAGATATTA-1,4
CACAAGCTAAGAAAGG-1,4
CACAATGAGCTGCTAT-1,2
CACACACGCTAACGAG-1,2
CACACAGCTTGCGCTC-1,4
CACACAGGGATAGATT-1,2
CACACGCGCTGTCTTA-1,2
CACACGTTTCAATGGG-1,4
CACACTTGTATTGCGA-1,4
CACAGAGACGAGGACG-1,2
CACAGCACCCACGGCA-1,2
CACAGCTAGGGAGTGA-1,4
CACAGGGCCATATAGT-1,2
CACAGGGCCGTTGTCA-1,5
CACAGTCCCGCTTCGC-1,2
CACAGTTCGCTTCCCA-1,4
CACATATTAGCAGGAT-1,2
CACATCGTGCACGCGC-1,5
CACATCTCACCGACGA-1,3
CACATGATTCAGCAAC-1,2
CACATGTTTGGACATG-1,4
CACATTCTTTCGATGG-1,4
CACATTTCTTGTCAGA-1,2
CACCACGCCACACAGA-1,2
CACCAGTCAGCATGCA-1,2
CACCATCGGAGGAGAC-1,1
CACCATGATCGCAAAG-1,4
CACCCAAATCTTATGT-1,4
CACCCACACGTCACCC-1,2
CACCCACGAGGCAATT-1,4
CACCCGGTTTGTGACT-1,2
CACCCTAACAAGATCT-1,2
CACCCTTGGTGAGACC-1,2
CACCCTTTCCTCGCTC-1,1
CACCGATACACCGAGC-1,1
CACCGCCAGAAGGTTT-1,2
CACCGCCGACCAGCGA-1,1
CACCGCGTCCACTCTA-1,4
CACCGGAGATATCTCC-1,2
CACCGGTAGAGACATT-1,2
CACCGTATCCCATCCG-1,2
CACCGTTAGGGATCAC-1,2
CACCGTTGCGCGATAT-1,2
CACCTAATAGAGTCGT-1,4
CACCTAATCAGTTTAC-1,4
CACCTCGATGGTGGAC-1,4
CACCTCTACGAGTGTG-1,4
CACCTTGCGAAACTCG-1,2
CACCTTGGCGCCTTTG-1,4
CACGAAAGTTAGTCCC-1,2
CACGACCACAGACTTT-1,4
CACGACGTAATAGTAA-1,2
CACGACTAAAGTTCTG-1,4
CACGCACAGCGCAGCT-1,4
CACGCAGCGAGGCTTT-1,2
CACGCGGAACTGTTGC-1,2
CACGGCGCGCCAAAGG-1,4
CACGGGATTGAGGGTT-1,2
CACGTCAATCAATGGA-1,2
CACGTCGGCAACCTCT-1,2
CACGTCTATGATGTGG-1,4
CACGTTCGTGCTCTAG-1,2
CACGTTTCGTACACAC-1,2
CACTAAAGTTGCCTAT-1,2
CACTACGGGAGCTGCC-1,2
CACTACTCAGTTCTGT-1,4
CACTCAAGAGCTATGG-1,2
CACTCAGCTCTTGAGG-1,2
CACTCCTATGTAAGAT-1,2
CACTCCTCTCGGTCGG-1,4
CACTCGAGCTGAACAA-1,2
CACTCGGTTAGGAGGA-1,2
CACTCTCAAGCATCGA-1,5
CACTCTTCTGCTAGCC-1,2
CACTGACGATTGTGGA-1,5
CACTGTCCAAGTGAGA-1,1
CACTTAATCAGACGGA-1,2
CACTTCGCCACAGGCT-1,4
CACTTCGTCTTATCTC-1,4
CAGAACTTAGCCCTCT-1,2
CAGAATAACACACGGA-1,2
CAGAATATTCGTTATC-1,2
CAGACACCGATCGCTG-1,3
CAGACCTGTAAGTGTT-1,4
CAGACGAACCTGATAC-1,3
CAGAGACGGTCACCCA-1,2
CAGAGCATGAGCTTGC-1,4
CAGAGGCGATGCATGA-1,3
CAGAGTGATTTAACGT-1,1
CAGATAATGGGCGGGT-1,2
CAGATACTAACATAGT-1,4
CAGATATGAAGATGAC-1,2
CAGATCATTTAAAGTC-1,4
CAGATCCTGGTTTGAA-1,2
CAGCAGCCCGTTCCTT-1,4
CAGCAGTCCAGACTAT-1,2
CAGCAGTCTGTGCTGC-1,5
CAGCCCTCACAGGCAG-1,4
CAGCCGGGCCCTCTAT-1,4
CAGCCTCCTGCAGAGG-1,4
CAGCCTCTCCTCAAGA-1,4
CAGCGATTCCCTTCAA-1,3
CAGCTCACTGAGACAT-1,2
CAGCTCGACAAGTTAA-1,4
CAGCTCGTGCTTGTGT-1,2
CAGCTGGCGTAACCGT-1,2
CAGCTTAGTAGGTAGC-1,2
CAGGAAGACTTTATAT-1,4
CAGGATATATCGTTGT-1,2
CAGGCAGTCTTACCAG-1,5
CAGGCCGTTTGGGTGT-1,2
CAGGCGCACGGTGGTC-1,2
CAGGCGCCATGCTAGG-1,2
CAGGGAGATAGGCCAG-1,2
CAGGTTTAGTACTACA-1,4
CAGTAACTATTTATTG-1,4
CAGTAATCCCTCCCAG-1,2
CAGTACATTCTCTAAA-1,4
CAGTACCAGTTTACGT-1,2
CAGTAGATGATGTCCG-1,4
CAGTAGCCCACGCGGT-1,4
CAGTAGCGAGGTAGTA-1,4
CAGTCCAACGCCTTCT-1,4
CAGTCGAGGATGCAAT-1,4
CAGTCTCTCGGCTAAT-1,4
CAGTCTGTATACTGGG-1,2
CAGTGAATAAATGACT-1,2
CAGTGGTTGCACATGA-1,4
CAGTGTCCGCAGAATG-1,2
CAGTGTCGGCTGGCCC-1,2
CAGTTCAAATTGACAC-1,2
CAGTTCCGCGGGTCGA-1,1
CAGTTCGAGGACCCGA-1,5
CATAACGGACAGTCGT-1,2
CATAAGAAGCTTGGCT-1,3
CATAAGCTCTCCGTCT-1,2
CATAATGAGCGGGCGA-1,4
CATACAAAGCCGAACC-1,4
CATACACGGTTCCCAC-1,5
CATACCCGTACCCAGT-1,2
CATACGAACTAGCTGG-1,3
CATACGGCGTCTGGGC-1,2
CATACGGGTGCATGAT-1,4
CATACTATGTAATTGT-1,2
CATACTTAGGCAATAC-1,4
CATACTTCTTTCTCCG-1,5
CATAGCCGCCCGGGAT-1,1
CATAGCGTTGCCCACC-1,3
CATAGTACATTGAGAG-1,2
CATAGTAGCATAGTAG-1,2
CATAGTCAAATACATA-1,3
CATAGTCCACAAGAAC-1,2
CATATACTACTGATAA-1,1
CATATAGGTACAGTCA-1,2
CATATGTCAGGCTACG-1,2
CATATTATTTGCCCTA-1,1
CATCAAACTGGCGCCC-1,4
CATCAACACCTACTAA-1,4
CATCATCTACCCGGAC-1,1
CATCATTACCCTGAGG-1,2
CATCCAATATAGTTTG-1,2
CATCCGCAGGCCCGAA-1,4
CATCCTCTCAAAGATC-1,2
CATCGCCCGCGGCCAA-1,2
CATCGGACGGGTTAAT-1,2
CATCGTCCGGTTACTA-1,2
CATCTACCCGAGAACG-1,4
CATCTAGTGAAGGGAA-1,2
CATCTATCCCGTGTCT-1,2
CATCTGCAGGATCATT-1,2
CATCTTACACCACCTC-1,1
CATGAACCGACATTTG-1,4
CATGAACCTCTTATCA-1,4
CATGACTTCGCTGAAT-1,4
CATGAGATGCACTCTC-1,3
CATGATGCACAATTCT-1,4
CATGATGGAAGTTAGC-1,2
CATGCACGTGTTACTG-1,4
CATGCATGGAGACCCT-1,2
CATGCCAACTCGCAAA-1,2
CATGCGACCAGTTTAA-1,4
CATGCGTTAGACAGAA-1,4
CATGCTGGCTCCAATT-1,4
CATGGAAATGGGACCA-1,2
CATGGATTGTCTTCCG-1,2
CATGGCAGGAAGATCG-1,2
CATGGCTCCCTATGTC-1,4
CATGGGTATGCCTTAT-1,3
CATGGGTCGGGTGTGG-1,4
CATGGTAAGTAGCGTT-1,2
CATGGTCTAGATACCG-1,2
CATGTAAGAGACATTT-1,2
CATGTAGGAGCGCCAA-1,4
CATGTCTCATTTATGG-1,2
CATTACATAGATTGTG-1,4
CATTACGTCGGCCCGT-1,4
CATTATCCCATTAACG-1,2
CATTATGCTTGTTGTG-1,2
CATTCACTGACAGCTA-1,4
CATTCAGGTCAGTGCG-1,4
CATTCCCATTCCGTCG-1,4
CATTCCCTAAGTACAA-1,4
CATTGATGAACACGCC-1,4
CATTGCAAAGCATAAT-1,4
CATTGCGAAATGGGCG-1,2
CATTGCGGGTCAATTC-1,4
CATTGTGTGCTAGATC-1,1
CATTTAGCGGACCATG-1,4
CATTTATCGTTCAAGA-1,4
CATTTCTAGCAGACTA-1,4
CATTTGAGTGGTACGT-1,2
CCAAACAGAACCCTCG-1,2
CCAAAGTCCCGCTAAC-1,4
CCAAATAACAAGATTC-1,2
CCAAATCAAAGGGCAA-1,2
CCAACCTTATGTAACT-1,5
CCAACGATGCACTGAT-1,2
CCAACGCTTGCCAGGG-1,4
CCAACTTGATAGATCC-1,2
CCAAGAAAGTGGGCGA-1,2
CCAAGACTTCTGCGAA-1,1
CCAAGCGTAACTCGTA-1,2
CCAAGGAACAGAGAGG-1,4
CCAAGTTTCTACAGAT-1,4
CCAATAGATTTCATCT-1,2
CCAATAGTGCCGTCGA-1,2
CCAATCGGTAGATCGA-1,1
CCAATGTCACAGCAAG-1,2
CCAATTACGGGTCGAG-1,4
CCAATTGAATGTTAAT-1,2
CCACAATGTACGTCTT-1,2
CCACACTGAGATATTA-1,2
CCACAGCTGAAATCAT-1,4
CCACAGTACCCATCCT-1,2
CCACATACTGCACCCA-1,2
CCACCAACTTTACTGT-1,2
CCACCCAAGGAAAGTG-1,2
CCACGAATTTAACCTC-1,4
CCACGAGAAGAGAATC-1,4
CCACGGAGCCATAAGA-1,2
CCACGGTGCCCGGTAG-1,2
CCACGTAAATTAGACT-1,4
CCACTAAACTGAATCG-1,2
CCACTATCCGGGTCAC-1,4
CCACTGGTGGCTGGTT-1,2
CCACTGTTTGGATTAA-1,2
CCAGAAAGCAACTCAT-1,2
CCAGAGACAAAGCCGG-1,2
CCAGATAGTTGAGTGA-1,1
CCAGATGTAAATGGGT-1,4
CCAGCCTGGACCAATA-1,2
CCAGCGGGATCACCAG-1,4
CCAGCTACGCCTCATA-1,1
CCAGCTCGAACGCATT-1,5
CCAGCTGATGGTACTT-1,2
CCAGCTTCCGCCCGCA-1,2
CCAGGCTGGCGTCTGA-1,2
CCAGGGACGTGGCCTC-1,2
CCAGTAGTCTGATCCA-1,1
CCAGTCAAATCTCTTA-1,2
CCAGTCCATTATTCGA-1,4
CCAGTCTAGACGGCGC-1,4
CCAGTCTTGTCATAGA-1,5
CCATAAACAACCCGAC-1,1
CCATACCTTTACTTGT-1,1
CCATACTCGCCTCTCC-1,2
CCATAGGTTGGCGTGG-1,4
CCATAGTCAGTAACCC-1,4
CCATATGGAAACTATA-1,2
CCATCATAAGAACAGG-1,4
CCATCCATACCAAGTC-1,4
CCATCGCAGTTAAACT-1,2
CCATCTCACCAGTGAA-1,2
CCATCTTGTTCACAAT-1,4
CCATGCCCTAGATTTC-1,2
CCATGCCTGTTTAGTA-1,2
CCATGCTCTGCAGGAA-1,2
CCATGGCCCTTGTACC-1,2
CCATGTTCATCTATAT-1,2
CCATTAGCGATAATCC-1,2
CCATTCCCTGCCCACA-1,2
CCATTGTTTCCTCCAT-1,4
CCATTTCTACCTATTA-1,2
CCCAAACATGCTGCTC-1,1
CCCAACATACGTCGCG-1,2
CCCAACCACACTAACA-1,1
CCCAAGAATGCACGGT-1,4
CCCAAGACAGAGTATG-1,4
CCCAATGAGATTTGCA-1,5
CCCAATTTCACAACTT-1,2
CCCAGAGGAGGGCGTA-1,4
CCCAGGTCTGAAGGCT-1,2
CCCAGTAAACTTGGGA-1,2
CCCAGTTAAGGCGCCG-1,2
CCCATATAGGTCGATT-1,2
CCCGAAGTTTCGCGAA-1,2
CCCGACCATAGTCCGC-1,2
CCCGAGTTTCTCCGTA-1,2
CCCGCAGCGCGAACTA-1,2
CCCGCAGGGCCCAAAG-1,4
CCCGCCATGCTCCCGT-1,2
CCCGCGCAATGCACCC-1,1
CCCGCTAGAGGGTTAA-1,2
CCCGGGTCGTTCAGGG-1,5
CCCGGTGGAAGAACCT-1,4
CCCGGTGTATCGGAAT-1,2
CCCGTAAGTCTAGGCC-1,2
CCCGTAGCTGGGAAGA-1,3
CCCGTCAGCGTCTGAC-1,4
CCCGTTTCGCAGATGT-1,2
CCCTAGTGTCAGGTGT-1,4
CCCTATGTAGAGCAGA-1,2
CCCTCAAGCTCTTAGT-1,4
CCCTCATTCTGGAATT-1,1
CCCTCCTCGCTCGTAT-1,2
CCCTCGGGAGCCTTGT-1,4
CCCTGAAATGAGTTGA-1,2
CCCTGACTAACAAATT-1,2
CCCTGATGTAACTCGT-1,4
CCCTGCCCAATCCGCT-1,2
CCCTGCGCTACGCATA-1,2
CCCTGGTATGGGCGGC-1,2
CCCTTTAATGGAGTTC-1,2
CCCTTTGACAGGTCTT-1,3
CCGAAAGTGGTGAGCA-1,1
CCGAACACTGGGCCTC-1,2
CCGAACCTTCCCGGCC-1,2
CCGAAGTATATTGTTC-1,2
CCGACAAACACATGAG-1,2
CCGACAAAGGGAGTGC-1,2
CCGACAATAGGCCGCC-1,2
CCGACGGGCATGAGGT-1,2
CCGACGTAAACACAAC-1,4
CCGACTCGCATAGTCT-1,4
CCGAGAAGTCGCATAA-1,2
CCGAGCTGTGCTTGTC-1,4
CCGAGGGATGTTAGGC-1,4
CCGATATGACGTAAGG-1,2
CCGATCTCAACCTTAT-1,2
CCGATCTTAAGAGGCT-1,4
CCGATTCGAGGGACCC-1,2
CCGATTGGTCAATGAA-1,4
CCGCACAAAGACCAAC-1,2
CCGCACACGAACGTGT-1,4
CCGCACGTGACCTCGG-1,2
CCGCATGTGGTACGAT-1,3
CCGCCACCACAATCCA-1,4
CCGCCGGAACTTCTCG-1,2
CCGCCGGTCAACACAC-1,1
CCGCCGTTGAGGATAA-1,2
CCGCCTGCGAATTGGT-1,4
CCGCCTTGCGATGTCG-1,4
CCGCGATTTGGTAGGT-1,2
CCGCGGAATGCGTCAC-1,3
CCGCGGGTACGAAGAA-1,2
CCGCGTAGGTAAGGGC-1,2
CCGCTATCAGCACCAG-1,2
CCGCTCTTCCGAACTA-1,3
CCGCTGGTGCCATTCA-1,4
CCGCTTACCTCACTCT-1,2
CCGCTTCGCGGTTAAC-1,4
CCGCTTGCTGACATGG-1,4
CCGGAATGGTTTCAGT-1,1
CCGGAGCGTACTTTCT-1,3
CCGGCACGACCGTTTC-1,4
CCGGCGCATATTGGAT-1,4
CCGGCGTGAGACTCTG-1,2
CCGGGACCCGCAGAGA-1,2
CCGGGCGGTCTCGTCA-1,4
CCGGGCTAAGAATTTC-1,2
CCGGGCTGCTCCATAC-1,2
CCGGGTTCGAGGTTAC-1,2
CCGGTAATGGCTAGTC-1,4
CCGGTGCGAGTGATAG-1,4
CCGGTTTGTAATTGTG-1,2
CCGTAAGTTGGTCCCA-1,4
CCGTACCCAAGCGCCA-1,4
CCGTAGGAAATCCCTG-1,3
CCGTAGGGTTGTTTAC-1,2
CCGTATCTCGTCGTAG-1,2
CCGTATTAGCGCAGTT-1,4
CCGTCAACCTCTGGCG-1,3
CCGTGAGGCATTCATG-1,4
CCGTGCCCATGACGGC-1,4
CCGTGGAACGATCCAA-1,4
CCGTGTTAAATTCCAT-1,2
CCGTTACGTTAGAACA-1,1
CCGTTCCGAATCTCGG-1,2
CCTAAAGGCTGACGCT-1,4
CCTAAATTAACGGTTC-1,2
CCTAAATTGTATCCTA-1,2
CCTAACCCAAACAAGT-1,2
CCTAACTAAGGCTCTA-1,4
CCTACAAGTCCGGAAT-1,4
CCTACATTCACAGACG-1,2
CCTACGCGACCTTACA-1,2
CCTACGGCTCAGTCGA-1,1
CCTACTCAACACGATT-1,2
CCTACTGCGGCGGCCA-1,4
CCTACTGCTTACACTT-1,1
CCTAGGCGTAGCGATC-1,2
CCTAGGTAAAGGTAGC-1,1
CCTAGTTAGTCGCATG-1,4
CCTATAATGAGTGCCC-1,3
CCTATACCGTCCTGTC-1,3
CCTATATCGTGTCACG-1,4
CCTATATTTGTCCTGG-1,5
CCTATCTATATCGGAA-1,4
CCTATGAAGTGGTGCC-1,1
CCTATGGCTCCTAGTG-1,2
CCTATGGGTTACCGTC-1,4
CCTATGGTCAAAGCTG-1,5
CCTATGTCCACTCCAC-1,3
CCTCACCAATCTTGAC-1,2
CCTCACCTGAGGGAGC-1,4
CCTCACCTTAGCATCG-1,4
CCTCATGCAGCTACGA-1,2
CCTCCCGACAATCCCT-1,4
CCTCCGACAATTCAAG-1,2
CCTCCTAGCTAGAGTC-1,2
CCTCCTGAGCCCACAT-1,2
CCTCCTGTTGTGTCGT-1,2
CCTCGAAGTGGACGGG-1,2
CCTCGACCCACTGCCT-1,1
CCTCGCCAGCAAATTA-1,1
CCTCGCGCGATATAGG-1,4
CCTCGCGCTGTGCGAT-1,3
CCTCGGACCGGGATAG-1,2
CCTCGGATGCTACCTG-1,2
CCTCGTTACGCCTGTT-1,4
CCTCTAATCTGCCAAG-1,4
CCTCTACAAGGATTGG-1,2
CCTCTATCGATTAGCA-1,2
CCTCTCTCCCATCTAG-1,2
CCTCTGGCCTAGACGG-1,4
CCTCTGTACTATTCTA-1,3
CCTGAACGATATATTC-1,2
CCTGAATATTTACATA-1,2
CCTGACAAACTCGCGC-1,4
CCTGACCACCGATGGT-1,2
CCTGACGCAACCTTTA-1,2
CCTGCCCGTTGTCTAG-1,2
CCTGCGATAGAACTGT-1,2
CCTGCGTTCTACGCTT-1,2
CCTGCTATTTGAGAAG-1,2
CCTGGAAACGTTCTGC-1,4
CCTGGCTAGACCCGCC-1,1
CCTGGTCGAATGTGGG-1,3
CCTGTAAGACATGATA-1,2
CCTGTACTCACGCCCA-1,2
CCTGTCACCCGGGCTC-1,2
CCTGTCCCTCACGTTA-1,4
CCTGTCGCCCGTAAAT-1,2
CCTGTGAAACCGTAAC-1,4
CCTGTGCGGATTGTAA-1,4
CCTGTTTGAAGACACG-1,2
CCTTCAGTTAAAGTGA-1,3
CCTTCGTATAGAATCC-1,5
CCTTCTCAGCGTTCCT-1,2
CCTTCTTGATCCAGTG-1,2
CCTTGACCACTTTATT-1,2
CCTTTAAGGGAGCACT-1,2
CCTTTCAATGAAGAAA-1,4
CGAAACATAGATGGCA-1,4
CGAAACGCAATTCATG-1,2
CGAACAGTATGGGCGT-1,2
CGAACATAGTCAGAAA-1,4
CGAACCCGCATGCGTC-1,3
CGAACGCCCAGTGCCG-1,2
CGAACGGCCGGACAAC-1,2
CGAAGACGGTGAGTGC-1,4
CGAAGCTATAAATTCA-1,4
CGAAGGGTTTCAGATT-1,2
CGAAGTTGCTCTGTGT-1,2
CGAATCTGCTCGACGC-1,2
CGAATGAAGTCATTGC-1,3
CGAATGACGCATAATG-1,5
CGAATTACATGGTGTT-1,4
CGACAATTTGATCTAA-1,2
CGACACCGCTTAAGGA-1,4
CGACACGCTCCGACAG-1,2
CGACACGGATGCCCAC-1,4
CGACAGTTCGCGTTAT-1,2
CGACATGCGATCTTCT-1,4
CGACCCTTAACGCCGG-1,2
CGACGCATCCGTACCT-1,2
CGACTCAGGATGTTAT-1,4
CGACTCGGTACACGGT-1,4
CGACTTTGTATAGCCT-1,4
CGAGACCCTAGAGTGT-1,2
CGAGAGATGTGAACCT-1,1
CGAGAGCGCGTAGATA-1,2
CGAGAGCTTTCACTAC-1,3
CGAGAGGGTAGCCGCG-1,2
CGAGATGTTGCCTATA-1,4
CGAGATTTCGCTCGGG-1,2
CGAGCACTTCAAGTTT-1,2
CGAGCGTTGATCAGCC-1,4
CGAGCTGGGCTTTAGG-1,4
CGAGGAGCTTCCATAT-1,4
CGAGGATCGGGAACGA-1,4
CGAGGCCAGGCATTGG-1,2
CGAGGCTAAATATGGC-1,4
CGAGGGACTGCGGTCG-1,2
CGAGGGTATCCAGGTG-1,3
CGAGTACTAAAGAGGA-1,2
CGAGTGAAGGTACCAG-1,2
CGAGTGCTATAGTTCG-1,1
CGAGTTCTGTCCCACC-1,4
CGAGTTTATCGGACTG-1,2
CGATAACCAATTTGAG-1,4
CGATAATACTCAGGTT-1,4
CGATACCTCGCGGACA-1,2
CGATAGCGATACAGTG-1,2
CGATAGTCGTACTGCA-1,3
CGATATTAGCCGCAGG-1,4
CGATCATTAGAGGCAC-1,4
CGATCCGACCCAGTGC-1,2
CGATCCTCGCAACATA-1,5
CGATCTGTTGGAGGAC-1,2
CGATGGACCCTACGCC-1,4
CGATGTTGTTATCTAC-1,2
CGATTAAATATCTCCT-1,3
CGATTCGCCTGGCTGC-1,3
CGCAAACACGAGTTAC-1,2
CGCAATCGATCATTAG-1,4
CGCAATTACTTTCGGT-1,2
CGCAATTAGGGTAATA-1,2
CGCAATTCTACAATAA-1,2
CGCACATGTCCACTAC-1,2
CGCACGTCTGTTTATG-1,3
CGCACGTGCGCTATCA-1,1
CGCAGAAACATTTGCG-1,4
CGCAGATCTTCACCCG-1,4
CGCAGGCGATCCAAAC-1,2
CGCATCATGGCTTCAG-1,4
CGCATCCATCAGCCAG-1,4
CGCATGCCGAATGCGT-1,3
CGCATGGTGCGATGCT-1,2
CGCATTAGCTAATAGG-1,2
CGCCAAGAAGCCGAGT-1,2
CGCCACAGGTCGCGAT-1,2
CGCCACCCGCATTAAC-1,4
CGCCATCCGATTATGA-1,2
CGCCCAGCACGCCTAG-1,3
CGCCCAGCGTTTCACG-1,3
CGCCCGCTTCCGTACA-1,4
CGCCCTAATTGTTCAA-1,2
CGCCCTTACATCCACC-1,2
CGCCCTTGAAGGCTGA-1,4
CGCCGCCCATGCCTGT-1,2
CGCCGGTGTCGCAGTA-1,4
CGCCGTCTACCCATCG-1,2
CGCCGTTCAGCATAGT-1,2
CGCCTCCCTCCTCTAT-1,2
CGCCTGGCCTACGTAA-1,2
CGCCTTTAGCATGCTC-1,4
CGCGAAGTGGCATACT-1,3
CGCGACACTGCGCAGC-1,4
CGCGACCGCGACAGAT-1,3
CGCGAGAGGGACTTGT-1,4
CGCGAGTCTGCCGGGT-1,2
CGCGCAAATGTCCAGA-1,2
CGCGCAAGGAACTACA-1,2
CGCGCATGTTTGATTG-1,3
CGCGCCCGACTTAATA-1,4
CGCGGCAGTATTACGG-1,4
CGCGGCTCAACTTGAA-1,2
CGCGGGAATTAGGCAG-1,4
CGCGGTAAGTCTAGCT-1,4
CGCGGTACGGTATACA-1,2
CGCGGTCACAAACCAA-1,4
CGCGTACATTCTGGAA-1,4
CGCGTCATATTAAACC-1,4
CGCGTTCATGAAATAC-1,1
CGCTACCGCCCTATGA-1,4
CGCTACGGGACATTTA-1,2
CGCTAGAGACCGCTGC-1,2
CGCTATACCGCCCACT-1,4
CGCTATCGTGGCTTTA-1,4
CGCTATTCAATGTATG-1,2
CGCTATTCTTAGGCTC-1,2
CGCTCGACATAATGAT-1,1
CGCTCTCCGTAGATTA-1,2
CGCTGGTGACTACCCT-1,2
CGCTGTGACGCCGCAC-1,2
CGCTGTGTGGATGTTG-1,5
CGCTTAGTATTGATAC-1,5
CGCTTATTCCCGGTCG-1,2
CGCTTCCACTGAAATC-1,2
CGCTTCGGTCTAAGAC-1,2
CGCTTGGACGGATAGA-1,2
CGCTTTCATACCGGTG-1,1
CGCTTTCTTGCATTCG-1,1
CGGAAAGAATCAAACG-1,3
CGGAAAGCAAATGTGC-1,4
CGGAAATTTCACATCC-1,4
CGGAACGTAAACATAG-1,2
CGGAGCAATTTAATCG-1,3
CGGAGCATGGCGATCC-1,2
CGGAGCTTATAACACC-1,4
CGGAGTTTGAGAGACA-1,2
CGGATAAGCGGACATG-1,2
CGGATCCTCAAGGACT-1,3
CGGCAAACATCGTGCG-1,3
CGGCAATAAGATCGCC-1,2
CGGCACCGTTAGCGCC-1,4
CGGCACTCAAGAAAGT-1,2
CGGCAGGGTCGGGTTG-1,4
CGGCCACGCACAAAGT-1,1
CGGCCAGAGCGACCAT-1,5
CGGCCCAACCTGTAGT-1,4
CGGCCCAGGTATATCC-1,4
CGGCGCCATCAATCCC-1,2
CGGCTCTAAAGCTGCA-1,4
CGGCTCTTCGTCGAAC-1,1
CGGCTGAAGGTTACGC-1,4
CGGCTGCAAGATTAAG-1,1
CGGCTTTGTATGATAA-1,4
CGGGAATATAGTATAC-1,2
CGGGAATTTATGTAAA-1,2
CGGGAGCTTCAGTGTA-1,2
CGGGAGTATACCGCCG-1,4
CGGGATCAATGTAAGA-1,2
CGGGCAGCTAAACCGC-1,1
CGGGCCATAGCCGCAC-1,4
CGGGCCTTCTTTGTAA-1,2
CGGGCGATGGATCACG-1,5
CGGGCTACTTAAATTG-1,4
CGGGTGTACCCATTTA-1,4
CGGGTTCGGCACGTAT-1,4
CGGGTTTGTTAGGGCT-1,2
CGGTACTAGAATCAAA-1,2
CGGTAGAGGTGCAGGT-1,4
CGGTATAGGTATTAGC-1,4
CGGTCAAGTGGGAACC-1,1
CGGTCCATGAGACTCC-1,4
CGGTCCGTCGCAAGCC-1,5
CGGTCTATCAACCCGT-1,4
CGGTGAAGACTAAAGT-1,2
CGGTGCAGATAGAACG-1,2
CGGTGCGCGTTGGTCC-1,2
CGGTGGGCTCCAGCCT-1,4
CGGTGTACTTGATCCC-1,4
CGGTTATCCAACAGTG-1,1
CGGTTCAAGTAGGTGT-1,4
CGGTTCCGGCTTCTTG-1,4
CGGTTGACCTGGCATA-1,2
CGGTTGAGTATCCTTC-1,2
CGGTTGGGTTCAAGTT-1,4
CGGTTTATGAAGGAAC-1,4
CGTAAACGCTTGAGTG-1,4
CGTAACGGAACGATCA-1,2
CGTAACTTCGACACTT-1,5
CGTACCGAAAGTCTAG-1,4
CGTACCTGATAGGCCT-1,4
CGTAGAGAGTAATTAT-1,3
CGTAGCGAATTGTCAG-1,1
CGTAGCGCCGACGTTG-1,4
CGTATTAAGAGATCTA-1,2
CGTCAAATGGTCGCAG-1,4
CGTCAAGGCTATAAAT-1,2
CGTCACGTCCATTGGT-1,2
CGTCAGCTATTTACTC-1,1
CGTCAGTGCGCACAAG-1,4
CGTCAGTTTATCGTCT-1,4
CGTCATACCATATCCA-1,1
CGTCGCATGTGAGCCA-1,5
CGTCGCGGCGGGATTT-1,4
CGTCGCTTGGTTATAC-1,2
CGTCGGATAGTGTTGA-1,1
CGTCGGGTCTAAGCGC-1,2
CGTCGTCCTTCGCGAA-1,2
CGTCTCTCGCCGAGGC-1,4
CGTCTGGAAGGGCCCG-1,1
CGTGAAGTTAATTCAC-1,2
CGTGACATTGGGTCGT-1,4
CGTGACCAGTCCTCTG-1,5
CGTGCAGACTGGGACA-1,2
CGTGCATTGTCGACGC-1,2
CGTGCCCTCCCGAAGA-1,2
CGTGCTGGCCTAGTCG-1,2
CGTGCTTCTACCTAAA-1,3
CGTGGAAGCCTCGTAC-1,2
CGTGGCCGAATATCTA-1,2
CGTGGTACCCAAAGGC-1,5
CGTGTATGGGAGCTGA-1,1
CGTGTCCCATTCGCGA-1,2
CGTGTCTCGTTACGAC-1,3
CGTGTGTTAAACCCTG-1,4
CGTTAAACTAGTTAGG-1,2
CGTTAATGTCCCGACG-1,2
CGTTAGCTCACAACTG-1,1
CGTTCAAGGAAACGGA-1,3
CGTTCAGACCCGCGAA-1,3
CGTTCATGGTGCGCGT-1,2
CGTTCTTCGCACACCT-1,4
CGTTGAATACCGCGCT-1,3
CGTTGAGCGACCGTCG-1,2
CGTTGAGTAATTGCGT-1,4
CGTTGCCCGCGTGGGA-1,5
CGTTGTAAACGTCAGG-1,4
CGTTGTAAGATTGATT-1,4
CGTTGTCGGCAATTGA-1,5
CGTTGTTTCAATTCCC-1,2
CGTTTAAGCGGAGCAC-1,2
CGTTTACAAGGCAGCT-1,4
CGTTTCACTTCGGGCG-1,4
CGTTTCGCTCATTACA-1,2
CGTTTGGTGTTGTGGG-1,2
CGTTTGTGTAGAGGGT-1,2
CTAAAGAATGCCTACT-1,2
CTAAAGGGAAATAGGA-1,2
CTAAAGTCCGAAGCTA-1,4
CTAAATCCGGTGTACA-1,3
CTAAATCCTATTCCGG-1,4
CTAACCGCGCGCCCGT-1,2
CTAACGAAACTTGCTG-1,1
CTAACTGATAATCGCC-1,2
CTAACTGGTCCGGTTC-1,2
CTAAGGGAATGATTGG-1,2
CTAAGTACAGGGCTAC-1,4
CTAATTATGAAGCGTA-1,4
CTAATTCGCACGCGCT-1,2
CTAATTCTCAGATATT-1,4
CTAATTTCAACAACAC-1,4
CTACAAGAAATAACCC-1,2
CTACACTCGCAGATGG-1,2
CTACCCTAAGGTCATA-1,4
CTACGAACTAGGTCGA-1,4
CTACGACTAGCTATAA-1,2
CTACGATCCTATCCTA-1,5
CTACGCACGGAGTACC-1,2
CTACGCCATTTCCGAT-1,1
CTACGTGTTGCCACCA-1,4
CTACTATCATAGGTTT-1,2
CTACTATCTTTCAGAG-1,1
CTACTCAAGGTATAGT-1,5
CTACTCTAGGCCCGGC-1,2
CTACTGCCACCTGACC-1,4
CTAGACATATATGTAG-1,4
CTAGACTGCATTTCGT-1,4
CTAGATAAACTCCTCG-1,4
CTAGATGTGAGTGTAA-1,2
CTAGATTTACGACGGC-1,2
CTAGCATAGTATAATG-1,1
CTAGCCACAGGCGAGC-1,2
CTAGCCGATGTTATGA-1,4
CTAGCGCCAATCCTAC-1,2
CTAGCTTAATGGTCCC-1,2
CTAGGCGCCCTATCAG-1,2
CTAGGCGGCAGAGAAT-1,2
CTAGGGATAGGGACAA-1,3
CTAGGTCTGAAGGAAT-1,2
CTAGGTTCGGACGTGA-1,3
CTAGTAGAAAGGGATT-1,3
CTAGTATTCGGAATTA-1,4
CTAGTCACGTCTTAAG-1,2
CTAGTGAAGGACAGGA-1,2
CTAGTTACAACCCGGT-1,3
CTAGTTGGGCCCGGTA-1,4
CTATAAGAGCCAATCG-1,4
CTATAGGCGTTGATGT-1,3
CTATATCCAGCCTGGC-1,3
CTATCGACGAAATACA-1,2
CTATCGCGTAGAGAAC-1,2
CTATCGGGTCTCAACA-1,2
CTATGCCCGAATGCAA-1,5
CTATGGGAAGCGGAAT-1,2
CTATGTCACTAGCCCA-1,2
CTATGTCTATTGAAAC-1,2
CTATGTGAGTCACGGC-1,2
CTATTCATGTGTCCCA-1,2
CTATTGTGTTTGGTCA-1,4
CTATTTGGTTACGGAT-1,2
CTCAAACCACTGCCCG-1,5
CTCAACTAACCCGGAT-1,3
CTCAAGACATTAGCGC-1,4
CTCACACGCAAGCCTA-1,4
CTCACATTTACTAAAT-1,5
CTCACCAGTACAAGTG-1,2
CTCACCGATCCAAACT-1,4
CTCACTGTGATACTTA-1,5
CTCACTTGGCTGGTAA-1,2
CTCAGCAGACTGCCGA-1,4
CTCAGGACTCACCTGT-1,2
CTCAGTCACGACAAAT-1,4
CTCATGGCTCACAATC-1,1
CTCATGGTAATTTGCG-1,2
CTCATTCGTGAACATC-1,3
CTCATTGCTCTAACAA-1,3
CTCATTTGATGGGCGG-1,1
CTCCCAATGAGTCGCG-1,2
CTCCCTCCTTTCGATC-1,2
CTCCGAGTAAATCCGC-1,4
CTCCGCCCACATGAGG-1,2
CTCCGGCCTAATATGC-1,4
CTCCGGCTTGTAGACA-1,1
CTCCTAAGTTATGTCT-1,1
CTCCTCCAGCTCACAC-1,5
CTCCTGTTCAAGGCAG-1,2
CTCCTTTACGCAAGTC-1,4
CTCGAATGGAACGTAT-1,4
CTCGAGACATACGATA-1,2
CTCGAGATCCAAAGCA-1,4
CTCGAGGTCGAACAGT-1,2
CTCGATATTTGCGAGC-1,4
CTCGCACCTATATAGT-1,1
CTCGCATTGCATAGCC-1,2
CTCGCCGAATGTAGGG-1,3
CTCGGGATAACACCTA-1,4
CTCGGGTTCTCTGGCC-1,2
CTCGGTACCACTGCTC-1,2
CTCGGTCCGTAGCCTG-1,4
CTCGGTTGTCGGCCCT-1,2
CTCGTCGAGGGCTCAT-1,2
CTCGTTTCTAATGTTT-1,4
CTCTAATGCATTGATC-1,4
CTCTACACTGGCGATT-1,2
CTCTAGCCCTCGGAAA-1,3
CTCTATTTGGCTGCAG-1,2
CTCTCACAATCGATGA-1,1
CTCTCGATGTGCGCCT-1,4
CTCTCGCTGTACTATG-1,4
CTCTCTAACTGCCTAG-1,2
CTCTGCGAAGCAAGCA-1,1
CTCTGGACGCCTGGTG-1,2
CTCTGTTTGAGGATTC-1,4
CTCTTCTATTGACTGG-1,2
CTCTTCTGGAAGTTAG-1,5
CTCTTGTCCCGCTTGG-1,2
CTGAAACGGCCCTCAG-1,4
CTGAAAGAGATCCGAC-1,1
CTGAATCCGAGACCTC-1,2
CTGAATTTATTGCCAG-1,4
CTGACATAGAAATAGA-1,2
CTGACTGCGCAGCTCG-1,4
CTGAGAAAGTTCGGCG-1,2
CTGAGCAAGTAACAAG-1,4
CTGAGCGAGACTTATT-1,4
CTGATAGTGTATCTCA-1,2
CTGCAAGCACGTTCCG-1,2
CTGCACAACTACATAT-1,2
CTGCACCTAGTCCACA-1,4
CTGCACCTGGAACCGC-1,1
CTGCACTCCAGTACAG-1,3
CTGCAGAGAATCAGAG-1,2
CTGCCAAGGTTGGAAG-1,4
CTGCCATGCATCACAT-1,2
CTGCCCACGAAGCGTT-1,2
CTGCCTAGCCACCAAG-1,2
CTGCCTCATATGCAAC-1,4
CTGCCTTTAATACCTT-1,2
CTGCCTTTCTAGTAAA-1,3
CTGCGGGTGAAATGTT-1,2
CTGCGGTAGTCACGTG-1,4
CTGCGTTACGATATAA-1,2
CTGCTGAGGCCACGAA-1,2
CTGCTGTCTAACGAGC-1,2
CTGCTTGGCGATAGCT-1,2
CTGCTTTATGTCCGCG-1,4
CTGGAAATGGATGCTT-1,2
CTGGAAGACACGGTGG-1,2
CTGGACGCAGTCCGGC-1,2
CTGGATTTACACTTGA-1,3
CTGGCATCCGAATGAG-1,2
CTGGCGACATAAGTCC-1,4
CTGGCGCACAGGTCTG-1,1
CTGGCGGGAATAAGTA-1,4
CTGGCTCCTGCGGGAT-1,4
CTGGCTGATTCATCCT-1,2
CTGGCTGCTAACGTAA-1,4
CTGGCTGGTTGTCAGT-1,3
CTGGGATAAATAATGG-1,2
CTGGGATACGCTACCC-1,4
CTGGGCACTAGTCGGA-1,4
CTGGGCCTGCTATATC-1,2
CTGGGCGGCCAAATGT-1,4
CTGGGCTATCCTTTGG-1,4
CTGGGTAGGCAGTTAA-1,2
CTGGGTTGAGTTAAAG-1,2
CTGGTAAAGTGTGGGC-1,2
CTGGTAACACATAGAA-1,1
CTGGTAACGAGCTCTT-1,4
CTGGTCATTCCAATCC-1,4
CTGGTCCTAACTTGGC-1,1
CTGGTGAATGGGCCTA-1,2
CTGGTTCAACGCATCA-1,4
CTGGTTTCGAGCAAGA-1,2
CTGTACTTCTTAGCAT-1,2
CTGTAGCCATCTCACT-1,5
CTGTAGTGAGGATCGA-1,5
CTGTATGGTGTAGAAA-1,1
CTGTCAAATGGCTCGG-1,4
CTGTCACGCCAGGCGC-1,4
CTGTGCAGGGTAGGTC-1,2
CTGTGGTCGGGAGATA-1,2
CTGTTACCCAATCTAG-1,2
CTGTTCACTGCCTGTG-1,2
CTGTTCATCTCACGGG-1,2
CTGTTGGCTCTTCTGA-1,4
CTGTTGTTCAGTCGTA-1,2
CTTAAATAAGACCCAT-1,4
CTTAACTTCGAAGTAC-1,4
CTTACACGGTATTCCA-1,2
CTTACACTGGGAAATA-1,4
CTTAGCCCGGATAGTG-1,2
CTTAGCCTTCCACATG-1,4
CTTAGGTATAGACCAG-1,2
CTTAGTAGGCCTACAG-1,4
CTTAGTGTAGTAGCAT-1,3
CTTAGTTGAGGAATCG-1,3
CTTATAGATGGCTGTT-1,2
CTTATGCGCTCAGGGC-1,2
CTTATGTTGACTACCA-1,4
CTTCAACTCCACTTGG-1,3
CTTCAGTGGTCGCCTA-1,2
CTTCATAGCTCAAGAA-1,4
CTTCATTGTCAGTGGA-1,1
CTTCCGCTCCGTGAAG-1,3
CTTCCTGCATATTTAC-1,2
CTTCGATTGCGCAAGC-1,3
CTTCGGCCAATTGTTT-1,2
CTTCGTAGATAGGTGA-1,2
CTTCTATGTTGAAGTA-1,2
CTTCTATTAATGCTAG-1,2
CTTCTGGGCGTACCTA-1,5
CTTCTTACGTCGTATA-1,2
CTTGACCCGAAAGATA-1,4
CTTGAGGTTATCCCGA-1,2
CTTGAGTTAGGGTAAT-1,2
CTTGCAACCGCCTCCT-1,2
CTTGCCCAGGCTCTAC-1,2
CTTGGCCAAGCTGGGA-1,5
CTTGTACTTGTTGACT-1,2
CTTGTCAACATTCGAG-1,2
CTTGTCGTACGTGTCA-1,4
CTTGTGAGGACAGCGG-1,2
CTTGTGAGTCTTTGAC-1,4
CTTGTGCTCACCGATT-1,4
CTTGTTGCTGAGTCAA-1,1
CTTGTTTATGTAGCCA-1,2
CTTTAACTTTCAAAGG-1,4
CTTTAATATTGGTCGA-1,2
CTTTACCGAATAGTAG-1,2
CTTTAGGAACACTGTT-1,2
CTTTAGTGCTATTATT-1,2
CTTTCTGTGCGGGCTT-1,3
CTTTGAAACATATTCC-1,2
CTTTGCATCGCTCTTG-1,2
CTTTGCTGTCATGGAT-1,2
CTTTGGCAGACAGAGT-1,1
CTTTGGCGCTTTATAC-1,2
CTTTGGCTTTAGTAAA-1,2
CTTTGGGATTGTTGCA-1,5
GAAACAGATGACCACC-1,2
GAAACAGCCATGCAGT-1,4
GAAACATAGGAAACAG-1,2
GAAACCATGGTGCGCT-1,4
GAAACCGAATTACCTT-1,2
GAAACCTATACAAATG-1,5
GAAACTCGTGCGATGC-1,2
GAAACTCTAATGAAGG-1,1
GAAAGAACAGCGTTAT-1,2
GAAAGCAGTGCACTTT-1,5
GAAAGCCCTTTGGACC-1,2
GAAAGTGACTAACTGC-1,2
GAAATACCTGCTGGCT-1,4
GAAATACTAAACGTTT-1,4
GAAATATCACCATCAG-1,2
GAAATATGCTTGAATG-1,4
GAAATCGCGCGCAACT-1,4
GAAATCTGACCAAGTT-1,4
GAAATGGCGGTGTTAG-1,2
GAAATGGGATGTAAAC-1,4
GAAATTAGCACGGATA-1,4
GAAATTCACATCGCTG-1,1
GAAATTGTCTCTATAA-1,2
GAACAACTGGGATGAA-1,3
GAACACACATCAACCA-1,2
GAACAGATTACTAAAT-1,3
GAACATTAGTATGTTA-1,4
GAACCATCTGGGAGAC-1,1
GAACCCTCTGTGTTCT-1,5
GAACCTCGACCTACAC-1,2
GAACCTTTAACGATCC-1,5
GAACGACCGAATGATA-1,4
GAACGATAAGTTAAAG-1,4
GAACGCGGGTCACACG-1,2
GAACGGTGTAAAGCAG-1,4
GAACGTCTCATGGTCG-1,1
GAACGTTAGGAAGACG-1,1
GAACTGTGGAGAGACA-1,5
GAACTTAGCGCCCGGT-1,4
GAACTTGTGCACGGGA-1,4
GAAGAAACGATATTGT-1,2
GAAGAACGGTGCAGGT-1,4
GAAGACTTCAATGCCG-1,4
GAAGCCACTGATTATG-1,5
GAAGCCGGGTAAGCTC-1,4
GAAGCCTGCACATTCC-1,5
GAAGCGTGAGGAATTT-1,2
GAAGCTCGGACCCGTC-1,2
GAAGCTTGCTGACCGC-1,2
GAAGGAGTCGAGTGCG-1,5
GAAGGCTACCATTGTT-1,4
GAAGTCAGTTGCACTA-1,3
GAAGTCTCCCTAGCGA-1,4
GAAGTGATTTATCGTG-1,2
GAAGTGCTGGATAGCT-1,1
GAAGTTTCCACTCAAT-1,2
GAATAGACGCGACCCA-1,2
GAATAGCATTTAGGGT-1,2
GAATAGCCCTGCGGTC-1,4
GAATAGTGCTCGATTA-1,5
GAATATTCGGAGTCCC-1,4
GAATCGACATGGTCAC-1,2
GAATCGCCGGACACGG-1,4
GAATCTATACTCGGAC-1,4
GAATCTGAACATTCTC-1,2
GAATGAAGGTCTTCAG-1,2
GAATGCCGAAATGACC-1,2
GAATGCGAATCGGTTC-1,5
GAATGTATGGCAGGTC-1,4
GAATGTGGTCCGGATT-1,2
GAATGTTGGGTAATCT-1,4
GAATTATAGTGAAAGG-1,2
GAATTATGCAACCTAC-1,3
GAATTCACCCGGGTGT-1,2
GAATTTCTCGCTGCAG-1,2
GACAAACATATGCAGG-1,2
GACAACGACCATTGAA-1,4
GACAACGCAGCTTACG-1,1
GACAAGAGATGAGATT-1,2
GACACAAGGGAAGAAA-1,2
GACACGAGTTAGAGGA-1,2
GACACTGAGTTCAGTG-1,2
GACACTGGAACCCGAT-1,2
GACAGATTTCTGGCTC-1,2
GACAGCCAGACCTGAC-1,2
GACAGGCACACACTAT-1,2
GACATACTGTCGCAGA-1,2
GACATCCGTCGAACTG-1,5
GACATCGATTTATAAC-1,3
GACCAAACGTTGACTG-1,2
GACCAGAGCCCTGTAG-1,2
GACCAGGTCATTCATA-1,4
GACCCAATTATGATAC-1,2
GACCCGTCGCCGGCTA-1,1
GACCGACGTGAAAGCA-1,2
GACCGACTGAAGCGTC-1,2
GACCGATTAAATATGT-1,2
GACCGCGTCTGACGTG-1,2
GACCGTCAGGTCGTGA-1,4
GACCGTGCTGACGGTG-1,4
GACCTTCCACGTCTAC-1,5
GACGACGATCCGCGTT-1,2
GACGAGGCTAATAAAC-1,2
GACGCCGTAAAGGCTA-1,3
GACGCCTGTTGCAGGG-1,4
GACGCTTGCTTCTAAA-1,2
GACGGACCGCGTTCCT-1,4
GACGGGTTGGCCCGTA-1,5
GACGGTCAATAGAAGC-1,4
GACGTGAGACTCCATG-1,4
GACGTGTAGGGATTAT-1,2
GACGTTCGTAAATACA-1,4
GACTAACACAGCACCT-1,2
GACTAAGATCATGCAC-1,2
GACTAAGTAGGCTCAC-1,2
GACTACAAAGCGGTGG-1,2
GACTACAATTGCTCGT-1,4
GACTAGGCCGTTAGGT-1,5
GACTCACCCACGTGAG-1,4
GACTCCCAGAATAAGG-1,4
GACTCCTTCCAATTGA-1,2
GACTCGCGGGAATGAC-1,4
GACTCGGTCGGCGGAT-1,4
GACTGATTGGTCACAA-1,4
GACTGCAAATCGAGCT-1,3
GACTGCACCAGCCCAG-1,2
GACTGCGGCACGTGTA-1,2
GACTGCTGGTGAGAAA-1,5
GACTGGGCGCCGCAAC-1,4
GAGAATCTCACGATCA-1,2
GAGACCCTGCAACGCC-1,4
GAGACTGATGGGTAGA-1,2
GAGACTTCGCGACCGA-1,3
GAGAGCGCAGTCCCTG-1,4
GAGAGGGCGCGAGGTT-1,2
GAGAGGTGCATTCTGG-1,2
GAGATCTGCTTGGCAT-1,2
GAGATCTGTCACTCCG-1,1
GAGATCTTCCATGACA-1,2
GAGATGACAATCCTTA-1,2
GAGATGGCTTTAATCA-1,5
GAGATGGGAGTCGACA-1,2
GAGCACCTGTGTCCAG-1,3
GAGCACGGCGCCTCTT-1,4
GAGCATCAACAACTTG-1,2
GAGCATCATCCCTGGG-1,1
GAGCCACGGTAGTAGG-1,4
GAGCCAGCTACCTGTG-1,2
GAGCCGAGCGTTTATT-1,4
GAGCGAGGGAGTACCG-1,2
GAGCGCAAATACTCCG-1,2
GAGCGCGCACGAGTAG-1,2
GAGCGCTGTTAGGTAA-1,2
GAGCGGAATGCGGTGT-1,5
GAGCTAAGGGCATATC-1,1
GAGCTCTCGGACCTAA-1,4
GAGCTGTCGTCTCGGA-1,4
GAGGAATGGAGAGGTT-1,2
GAGGATAAACAGTGCT-1,2
GAGGCATTTGCAGCAG-1,4
GAGGCCCGACTCCGCA-1,2
GAGGCCTGTTGATACA-1,2
GAGGCTATCAAAGTCG-1,2
GAGGGAGTCAGATCGC-1,5
GAGGGCATCGCGTATC-1,4
GAGGGCCGGCAGAGTC-1,4
GAGGGCGCAGCTCTGC-1,4
GAGGGTAGTAACAAAG-1,3
GAGGTACATCCATCTT-1,4
GAGGTACGCGTGTCCC-1,5
GAGGTCCCAAAGATCT-1,4
GAGGTCTTAGTGGGTC-1,4
GAGTAAACCGGAAAGT-1,2
GAGTAAGGCCACGGGA-1,2
GAGTACGGGTATACAA-1,2
GAGTAGATACTAGTTG-1,5
GAGTATCAAAGTTACA-1,2
GAGTATGCCCGCCTTG-1,2
GAGTATGCGCGTGCAT-1,5
GAGTCAGACCAGAATC-1,3
GAGTCCGCTTACCGGA-1,2
GAGTCGACAGACCCTC-1,1
GAGTGCACGGACAACA-1,4
GAGTGTCAACCAGAAA-1,3
GAGTGTGCGGTACCCA-1,2
GAGTTGATGGCAATTT-1,2
GATAAATCGGTGGATG-1,2
GATAACTCGCACTGTG-1,2
GATAAGGCAGATGCAA-1,4
GATACGATGGGAGTCA-1,2
GATAGGTAACGTTGAC-1,2
GATAGGTGTCCCGGGC-1,4
GATAGTGCGAGTAAGT-1,5
GATATCAGTATGTATC-1,4
GATATCTCATGCAATA-1,4
GATATGAGACACTAAC-1,2
GATATGCGGTAGCCAA-1,4
GATATGGATTACGCGG-1,2
GATATTGAGATTGGCG-1,4
GATATTTCCTACATGG-1,4
GATCAACATAAAGGGA-1,5
GATCATTCCAAACATT-1,2
GATCCCTTTATACTGC-1,2
GATCCGAATATAAGTG-1,4
GATCCGGGAATTAACA-1,2
GATCCTAAATCGGGAC-1,4
GATCCTCGACACTGGC-1,2
GATCCTCTTGCGCTTA-1,4
GATCGACACTATCTGA-1,2
GATCGCGGGCTCTCCA-1,2
GATCGCTACCCGATTT-1,2
GATCGCTATATCTCAG-1,2
GATCGCTGTGGTGCGT-1,2
GATCGGATAGAACCAT-1,2
GATCGGCGATAAGTCG-1,4
GATCGGTGGCCATAAC-1,4
GATCGTGACTGATATC-1,2
GATCTCGACGCTGTGG-1,2
GATCTGCTATCTAAGG-1,5
GATCTTAGTGAACGTG-1,4
GATCTTCATTGTCCTC-1,2
GATCTTGGAGGGCATA-1,2
GATCTTTGCAGGGTAT-1,2
GATCTTTGCTCAAAGA-1,4
GATGACAAGTAGGGCA-1,2
GATGACGATGATCGCG-1,4
GATGAGGAACCTTCGG-1,5
GATGCCAGCAGAAGGC-1,4
GATGCCTTCTGCGGCA-1,2
GATGCGAATGGTATTA-1,4
GATGCGTCCTGCATTC-1,2
GATGCTACAAGCGCCT-1,2
GATGCTGTATTTCATC-1,2
GATGGCGCACACATTA-1,1
GATGGTGAAATAACCC-1,4
GATGGTGCCCTAGGCA-1,4
GATGTAACGAACCACC-1,2
GATGTCCGGATCACAT-1,4
GATGTCGGTCAACTGC-1,4
GATGTGTTGTCACAAG-1,4
GATGTTCAATCCACGA-1,2
GATGTTTGTGCGAGAT-1,1
GATTAACCGAAAGCCC-1,2
GATTAATCCTGGCTCA-1,4
GATTACTGAATTTGGG-1,2
GATTCCCTTGTCGCAG-1,2
GATTCCGCGTTTCCGT-1,4
GATTCCTATACGGCGC-1,2
GATTCGACGGTTCACG-1,2
GATTGACACTCTGCTC-1,4
GATTGCTCCAGTTGCA-1,2
GATTGGGAAAGGTTGT-1,5
GATTTAGTGCGTACTG-1,4
GCAAACCCTACATTAT-1,2
GCAAACCTTGGCCATA-1,3
GCAAACGTCGCCAGGT-1,2
GCAAAGGGCGTTAGCC-1,2
GCAAATATTACGCTTT-1,2
GCAACACACTAGAACT-1,2
GCAACAGCAGTATGCG-1,2
GCAACCACCAGACCGG-1,4
GCAACCACGGCCGCGT-1,2
GCAACCCAAGTTGTTT-1,2
GCAACGGCTAGTTATG-1,2
GCAAGAATTCCTTGGC-1,2
GCAAGATGTGTTCGCG-1,2
GCAAGTGCACAGAGAA-1,2
GCAAGTGTAAAGCATG-1,5
GCAATTAGTCGCACCG-1,4
GCACAAACCCTAGATG-1,2
GCACAAACGAGGCGTG-1,2
GCACAACCTCGGGCGT-1,2
GCACAAGTGGATCATA-1,4
GCACAAGTGTCGGAAG-1,1
GCACACACTGGTAGCC-1,2
GCACACGCCCATGGTC-1,2
GCACGCCTACTTAGAT-1,3
GCACGTGGTTTACTTA-1,2
GCACTAGTCGCGCTAT-1,4
GCACTGCCTACCTTTA-1,5
GCACTGTGCAAATGTA-1,4
GCAGAAACGTAATCCA-1,2
GCAGAAGGTAATCTCC-1,2
GCAGACCCAGCACGTA-1,2
GCAGATCCATAAGACT-1,2
GCAGATCCTCGCAAAT-1,2
GCAGATTAGGGATATC-1,2
GCAGCACACAGCCCAG-1,2
GCAGCCTATATCACAT-1,4
GCAGCGGTGGGCATTA-1,4
GCAGCTATGGACAGGT-1,2
GCAGGAACTTAGATCT-1,2
GCAGGACTATAGAATA-1,2
GCAGGTAGAGTATGGT-1,4
GCAGTGCGGGCGGATG-1,2
GCAGTGTGGCTATAGG-1,3
GCAGTTCGATCCGAGC-1,2
GCATAAATTGAACGCC-1,4
GCATACGAGGTCTTTA-1,2
GCATAGAGCACTCAGG-1,2
GCATCCCTAACTTTGA-1,2
GCATCGGCCGTGTAGG-1,4
GCATGAGGGACGCGGC-1,2
GCATGCTAATAACGAT-1,3
GCATTCAAGGCAACGC-1,4
GCATTCGAAATGAACA-1,2
GCATTGTAATTCATAT-1,2
GCATTTCCAAGGCTCC-1,4
GCCAACCATTTCCGGA-1,4
GCCAAGAATACTTCTG-1,2
GCCAATAGGGCATCTC-1,4
GCCACAATTTAAGGAC-1,2
GCCACTCAGAGCGCGA-1,2
GCCACTCCTTACGGTA-1,2
GCCAGGAGTAACCGAT-1,4
GCCAGGCGTTCGCATG-1,1
GCCATATTGCACACAG-1,4
GCCATCGAGCTGCGTG-1,3
GCCATCGATGCTGCAT-1,4
GCCATTAGCCTCAAAC-1,2
GCCCACCAAGGCTGTC-1,4
GCCCACTGGTCCACAA-1,4
GCCCAGATGCTGGAGA-1,4
GCCCAGTTGGTATGCC-1,4
GCCCATGGGTGCAATG-1,4
GCCCGACTTCTTCCCG-1,2
GCCCGAGAGTCTAAAT-1,2
GCCCGATCTGTGGTCG-1,3
GCCCGCGCGTAAACGG-1,2
GCCCGCGCGTTTGACA-1,2
GCCCGTAATACCTTCT-1,4
GCCCTAGCCGTCGCGA-1,2
GCCCTGAGGATGGGCT-1,5
GCCGAAATTCCTACGT-1,4
GCCGACCCACGACTGC-1,2
GCCGATTGGCCAAGCT-1,2
GCCGCACTCCGTTTCA-1,2
GCCGCATTAGTCCGGC-1,2
GCCGCTAGATACGCAG-1,2
GCCGCTTGTGAGAAAC-1,2
GCCGGAAACACATCTT-1,4
GCCGGGTTAGGGTCGC-1,2
GCCGTCGGTTTCGGGC-1,3
GCCGTGGAAGAAATGT-1,4
GCCTACGTTCTGTGCA-1,3
GCCTAGCGATCTGACC-1,1
GCCTATAGTGTCAGGG-1,4
GCCTATGCTGGGCCTT-1,3
GCCTATTCCGATATAG-1,2
GCCTATTTGCTACACA-1,1
GCCTCATCTGGAAATA-1,2
GCCTCCGACAATTCAC-1,2
GCCTCTATACATAGCA-1,2
GCCTGCTACACTGAGA-1,4
GCCTTCAGCCCTACCG-1,4
GCCTTGTATATGCAGT-1,2
GCCTTTGTCAGTGGAC-1,2
GCGAAACGATCGGGAG-1,2
GCGAAACTTAACTGGA-1,2
GCGAAGAATCTGACGG-1,3
GCGAAGCCATACCCGT-1,2
GCGACATGTAAACATC-1,4
GCGACCCAACCATCTG-1,3
GCGACGATAGTTGTAC-1,2
GCGAGAAACGGGAGTT-1,4
GCGAGAGGCCATGTAA-1,4
GCGAGAGTTGCGTCCA-1,4
GCGAGCGCATGCTCCC-1,4
GCGAGGCCCGAGCAGA-1,2
GCGAGTTCTGCAAAGA-1,4
GCGATGTCTGTGCTTG-1,4
GCGATTCTGGAAGCAG-1,4
GCGATTGTTAACGTTA-1,1
GCGCAAATATATTCAA-1,2
GCGCAAGAGCGCGCTG-1,4
GCGCATCCAGTCAGCA-1,4
GCGCCGTTCCACGATA-1,2
GCGCCTCCCACTCCGA-1,2
GCGCGATGGGTCAAGT-1,2
GCGCGGTCTAGTAACT-1,5
GCGCGTCATTGGTACA-1,2
GCGCTAAGTATGCATG-1,4
GCGCTAATTGAATAGA-1,1
GCGCTATGCCGAGGCA-1,2
GCGCTCGATCACCTGT-1,4
GCGCTGATCCAGACTC-1,1
GCGCTGCTTTGCATTT-1,4
GCGCTTAAATAATTGG-1,2
GCGGACCGCGTTGTGG-1,2
GCGGAGAAACTTCGCA-1,2
GCGGAGAGGGAGAACG-1,2
GCGGCAAAGTATTGCC-1,2
GCGGCTCTGACGTACC-1,2
GCGGGAACCAGGCCCT-1,1
GCGGGCATTACGATGC-1,4
GCGGGCGAGCCTTACC-1,3
GCGGTAACCCAAATGA-1,4
GCGGTCCCTAGACGCA-1,1
GCGGTGAACTGCGCTC-1,4
GCGGTGCGGAGCATCG-1,4
GCGGTTCCCTATCATG-1,2
GCGTAAATGGCCATAA-1,4
GCGTCCCTAAGACATA-1,5
GCGTCGAAATGTCGGT-1,1
GCGTCGCCAGGGTGAT-1,3
GCGTCTCTGCATTGGG-1,2
GCGTGGTACTGGGTTA-1,2
GCGTGTATGTCGTATT-1,4
GCGTTATATTTGGAAC-1,2
GCGTTCGGAGACCGGG-1,4
GCTAAACCTGAGGTGA-1,4
GCTAACTGAAGTCTGA-1,2
GCTAAGTAAAGGCGAT-1,2
GCTAAGTAGTTTCTCT-1,4
GCTAATACCGAATGCC-1,1
GCTACAATCGAGGATA-1,2
GCTACAGTACGGACCG-1,4
GCTACGACTTATTGGG-1,2
GCTACTATAGTAGAGT-1,2
GCTAGACCGTCTACTG-1,2
GCTAGAGTAGAGATGT-1,2
GCTAGCACCTGGGCCA-1,4
GCTAGCAGGGAGTGGG-1,4
GCTAGCGATAGGTCTT-1,2
GCTAGCTTGAATAGCT-1,2
GCTAGGCACCACGGAG-1,2
GCTAGTAGAGCTTGTA-1,2
GCTAGTTTCATTGAGG-1,4
GCTATACGTCTCGGAC-1,2
GCTATCATACTCATGG-1,2
GCTATCGCGGCGCAAC-1,1
GCTCAACCTCTTAGAG-1,4
GCTCAATCCGTTTATT-1,2
GCTCAATGTAATACCG-1,5
GCTCATTACTGCATGT-1,4
GCTCCATGAGTGCAGA-1,2
GCTCCATGCAAAGCAA-1,3
GCTCCCAGTCGGTCCA-1,1
GCTCCGCTCGCTTCAG-1,2
GCTCCGGACGTTGATA-1,4
GCTCCTGACATACTGG-1,3
GCTCGACCGAACTGAA-1,2
GCTCGCGGTTCCGCTC-1,2
GCTCGCTCATGTCCAA-1,2
GCTCGGAATTTAAAGC-1,2
GCTCTAAACCCTGACG-1,2
GCTCTATGTTACGTGC-1,1
GCTCTCGGGTACCGAA-1,4
GCTCTTTCCGCTAGTG-1,5
GCTGAACTCTCCAGGG-1,2
GCTGAATCTTCCAATC-1,2
GCTGAGCAACGGTTCT-1,4
GCTGAGGCGTGAGTAT-1,2
GCTGCACGGTTTCTTA-1,2
GCTGCGCCTCCCACGT-1,4
GCTGCTAAGTAGTCGA-1,3
GCTGCTACTGCGTAGC-1,2
GCTGCTCTCCGGACAC-1,1
GCTGGACCCAAAGTGG-1,4
GCTGGCAGGTGCCGTG-1,4
GCTGGCATATTCACCT-1,1
GCTGGCGGCGCATGCT-1,2
GCTGGTGACTCGTAGT-1,4
GCTGGTTTAGGCCATA-1,2
GCTGTATTACTGGCCC-1,2
GCTGTCTGTGATCGAC-1,1
GCTGTTGCTACCGAAC-1,2
GCTTAATGTAACTAAC-1,2
GCTTACGTAGTTAGTA-1,2
GCTTAGGGAAGCGGTA-1,4
GCTTATGAAGCAGGAA-1,4
GCTTCAGTGGGATTAC-1,4
GCTTCCGTCCCTAGAC-1,4
GCTTCGACGTTCAATC-1,3
GCTTGATGATAATCAG-1,2
GCTTGCAGCACAATTG-1,4
GCTTGGATCGATTAGG-1,4
GCTTTCAGAGGAGGTG-1,1
GCTTTCTATCTCAACT-1,4
GCTTTGCTGCCGGGTA-1,4
GGAAACCTTGTTGAAT-1,4
GGAAACTAAATGGGCC-1,2
GGAAAGTGCCCATGCC-1,4
GGAACCCGAACAAGAA-1,4
GGAACCGTGTAAATTG-1,2
GGAACCTTGACTCTGC-1,2
GGAACGGCCTGCAGCC-1,4
GGAACTTTGGCGATTA-1,2
GGAAGATAAGACTGTA-1,4
GGAAGCTCGCTTACAG-1,4
GGAATAACCTCAAGAA-1,2
GGAATGCGCTAGCGTG-1,2
GGACAAGTTGCAGTGA-1,2
GGACACAAGTTTACAC-1,2
GGACCAACAGGATAAC-1,2
GGACCTACGGTAACGT-1,4
GGACCTCTAGGCCGCC-1,2
GGACGGCTTGCGCAAC-1,4
GGACGTCCATAGTTGG-1,4
GGACTAAGTCAGGAGT-1,4
GGACTCACAAATTAGG-1,2
GGACTCGACAGCGCAT-1,5
GGACTCGTGAGTGGTC-1,5
GGACTCTTCCGGTTGA-1,2
GGAGAAGTCATTGGCA-1,2
GGAGACCAATGTGCTT-1,4
GGAGACCATCTACATA-1,2
GGAGACGACACCTTTG-1,2
GGAGCAACATTTCAAG-1,2
GGAGCACCAAGAACTA-1,2
GGAGCGAGGCCTACTT-1,5
GGAGGATTGAAAGGAG-1,4
GGAGGCCGAAGTCGTC-1,2
GGAGGCGAAGAACCGC-1,4
GGAGGGCTTGGTTGGC-1,2
GGAGGGTCAAGTAAGA-1,2
GGAGTGCCGCCCTGGA-1,1
GGATACTCATGAATTG-1,4
GGATCAAAGGACGAGG-1,4
GGATCATCCCGTACGC-1,2
GGATCCGGAATATACT-1,2
GGATCTTACTGCCCTT-1,3
GGATCTTGACTCAACC-1,2
GGATGAAGATCGCTGA-1,2
GGATGACGCGAGTTTA-1,2
GGATGCTGGCGTTCCT-1,2
GGATGTCCTTACCGCA-1,4
GGATTAAGCTAAGGTC-1,4
GGATTCAGTACGGTGG-1,2
GGATTCCGCTATACCC-1,4
GGATTGCTGTGACTCC-1,3
GGATTTCACTTCTATA-1,1
GGCAAAGGCGCCAATA-1,2
GGCAAATTACTTTACT-1,2
GGCAAGCCAGGGATAG-1,4
GGCAAGCCCATAGTGG-1,5
GGCAAGGCGAAATAGC-1,2
GGCAATAGTCAATGAG-1,2
GGCACTCAGCCGACCC-1,2
GGCACTCCACTGGGCA-1,2
GGCAGCAAACCTATGC-1,2
GGCAGCGGTAATCCTA-1,4
GGCATACAGGTAGCGG-1,2
GGCATATCGGTTCTGC-1,4
GGCATCAACGAGCACG-1,2
GGCCACACGAAAGCCT-1,4
GGCCCAATCTAGAGGG-1,4
GGCCCAGTTATCAGCA-1,4
GGCCCGGAGCATGTCT-1,4
GGCCCGTATACCATGC-1,4
GGCCCTCACCCACTTA-1,2
GGCCGAGACTCTGGTG-1,3
GGCCGGCGTCTGCTAT-1,5
GGCCGTTTGGGTTTCA-1,3
GGCCTGCTTCTCCCGA-1,2
GGCCTTTGCAACTGGC-1,2
GGCGAAATCTAACTTG-1,2
GGCGAACCGTTCTGAT-1,4
GGCGAGCGAAACGGCA-1,2
GGCGCAGGACATCTTC-1,2
GGCGCATGAATTGATG-1,2
GGCGCGGAGATCTTTC-1,3
GGCGCGTTCGAGTTTA-1,2
GGCGCTCCTCATCAAT-1,1
GGCGCTTCATTCCCTG-1,5
GGCGGAGTAATATTAG-1,2
GGCGGGCTCTAAGAGT-1,2
GGCGGTAGGATCATTG-1,4
GGCGGTTTGCCGGTGC-1,4
GGCGTACCCTATATAA-1,4
GGCGTAGGGAAAGCTG-1,3
GGCGTCCTATCCGCTG-1,2
GGCTAAAGGGCGGGTC-1,4
GGCTAATGATTGAAAT-1,4
GGCTACTATACACTCC-1,5
GGCTATTAAGTTGTAT-1,2
GGCTCCTCCACCTGTT-1,3
GGCTCGCGTTGAGGTA-1,1
GGCTCGTGCCACCAGC-1,4
GGCTCTGCTCCAACGC-1,1
GGCTGAAATAGCAAAG-1,2
GGCTGAGCATCGTAAG-1,4
GGCTGGCTAGCTTAAA-1,4
GGCTTGGCTCTCACCT-1,4
GGCTTTCAATAAGGGT-1,3
GGGAACGGGAGGTTAG-1,2
GGGAACGGTTTCAGAT-1,3
GGGAAGACGGTCTGTC-1,5
GGGAAGGGCTTTCTCA-1,3
GGGAATGAGCCCTCAC-1,4
GGGAATTCTGTCCAGT-1,4
GGGACAGAGTTACTCC-1,2
GGGACCCGTATATCTT-1,3
GGGACTGCATAGATAG-1,2
GGGAGAACTCACAGTA-1,1
GGGAGCGACCGTAGTG-1,3
GGGAGGATGCCCGAAA-1,2
GGGAGTAATGGCTGGC-1,4
GGGAGTTAATGAGGCG-1,4
GGGATACGGTAATAAT-1,4
GGGATGGTCGTAACCG-1,2
GGGATTTACCGCACCT-1,2
GGGCAACCGCACGTGC-1,2
GGGCACGAATTGGCCG-1,2
GGGCACGTAGTACTGT-1,3
GGGCAGAGCAATCGTT-1,5
GGGCAGTCAACGCCAA-1,5
GGGCCCGTCTTAAACA-1,2
GGGCCCTACGAAAGGG-1,1
GGGCCGGCCGAAGTAC-1,1
GGGCCTAAATGGGCTA-1,2
GGGCCTATACAACCGG-1,4
GGGCCTATTTAAGTAT-1,2
GGGCGAATTTCTCCAC-1,4
GGGCGATATGTGTGAA-1,2
GGGCGCAGCGTTACTC-1,4
GGGCGGCAAATGAATT-1,2
GGGCGGGTTCCCTACG-1,2
GGGCGGTCCTATTGTC-1,1
GGGCGTACATTTATAT-1,2
GGGCGTCACCACGTAA-1,2
GGGCGTCCACTGGCTC-1,4
GGGCGTGGTTTCCCAG-1,3
GGGCGTTTACATTCAT-1,2
GGGCTATGATCGATGG-1,3
GGGCTCATCGAACCCA-1,1
GGGCTGCCTAGGGCGA-1,2
GGGCTGGTTAGTCGCG-1,2
GGGTAATGCTGTGTTT-1,4
GGGTACCCACGGTCCT-1,4
GGGTACTTCATGAACT-1,2
GGGTATGTATGCACTT-1,2
GGGTATTCTAGCAAAC-1,2
GGGTCACCGTGACGGT-1,2
GGGTCACGTGCTTATG-1,4
GGGTCACTGAGTAGTG-1,4
GGGTCAGGAGCTAGAT-1,5
GGGTCATGCGTACCAT-1,1
GGGTCGTGGCAAGTGT-1,4
GGGTCTATCGCTTTCC-1,2
GGGTGACACCTTAACT-1,2
GGGTGCATATGAAAGC-1,4
GGGTGGTCCAGCCTGT-1,1
GGGTGTTTCAGCTATG-1,1
GGGTTAACATTTGAGT-1,3
GGGTTCAGACGAACAA-1,4
GGGTTTAGGATAGGAT-1,2
GGTAAATGTGCGTTAC-1,4
GGTAACCGGGAGGATA-1,2
GGTAACTATGTATCTG-1,4
GGTACAAACATGCTAT-1,2
GGTACACCAGATTTAT-1,4
GGTACATCTGGGACGA-1,4
GGTACCATTAAGACGG-1,4
GGTACTAAGTGCTTTG-1,2
GGTAGAAGACCGCCTG-1,3
GGTAGACCGTTGGGCG-1,3
GGTAGTGCTCGCACCA-1,4
GGTATAGTGACACATA-1,4
GGTATTGCCGAGTTTA-1,2
GGTCAAGACTACTTCG-1,2
GGTCAGTGGGTCCCAC-1,2
GGTCATTGTAGTCATA-1,4
GGTCCCATAACATAGA-1,4
GGTCCTTCATACGACT-1,4
GGTCGGATAAACGGCG-1,4
GGTCGGCCAGGAGCTT-1,2
GGTCGGTAATTAGACA-1,4
GGTCGGTCGTCCACAG-1,3
GGTCGTAAGCTCGCAC-1,2
GGTCTCCAAGTAGTGC-1,2
GGTCTCCGTCCAGGTT-1,3
GGTCTCTGAATGGACT-1,2
GGTCTGAGAATCTGGA-1,2
GGTCTTGAGCGCTCTT-1,5
GGTGAAACCGGGAATG-1,4
GGTGAACGGGCTAGCC-1,4
GGTGAAGTACAGGGAT-1,2
GGTGAGATGCAGATAA-1,2
GGTGATAAGGAGCAGT-1,2
GGTGATGAAGGAAGTG-1,4
GGTGATTTCATCTTGT-1,1
GGTGCAGAGCCTATCG-1,2
GGTGCATAAATGATTA-1,5
GGTGCGGATAAGTGGC-1,2
GGTGCTGATCACAAAG-1,2
GGTGCTGGTACACATT-1,2
GGTGGACCACGTGTTA-1,4
GGTGGACTGCTCTGGC-1,2
GGTGGAGGTTGATACG-1,4
GGTGTAAATCGATTGT-1,5
GGTGTTCTGTTTCTAC-1,2
GGTGTTGGGCGTCTTA-1,2
GGTTACCACCCTCGGG-1,2
GGTTACCCGACACTTT-1,4
GGTTAGCTATATGTCT-1,2
GGTTAGGCTTGGAGAA-1,2
GGTTAGTTACGGCGCC-1,2
GGTTCCACCCGCTTCT-1,4
GGTTCCCTAGTGTCTC-1,4
GGTTCGATGCTGAGTT-1,4
GGTTCGGATTATACTA-1,4
GGTTCTACTCGTCTGA-1,2
GGTTGTGCTCTTGTCC-1,2
GGTTGTGTAGCCTGGC-1,4
GGTTTAATTACCATCG-1,5
GGTTTAATTGAGCAGG-1,4
GGTTTACAATCTCAAT-1,4
GGTTTAGCCTTTCTTG-1,2
GGTTTCAATCGGTCAG-1,4
GGTTTGACAAGAAGCT-1,4
GGTTTGAGTGCTGGAA-1,4
GGTTTGCGAACACGTA-1,4
GGTTTGTGACCTGAGG-1,2
GTAACAACTGACCTTG-1,4
GTAACATCAGCTCATC-1,2
GTAACATCTAAGATAA-1,2
GTAACTGCCCAAGGAG-1,5
GTAACTTGCGGCAGTC-1,4
GTAAGCGGGCAGTCAG-1,4
GTAAGGATTTGTCGGA-1,1
GTAAGTAACAGTCTGG-1,2
GTAAGTAGGGTATACC-1,2
GTAAGTCCACACTCTA-1,2
GTAATAAAGGGCTCCC-1,4
GTAATCTGATTCTTCG-1,3
GTACACTTACCTGAAG-1,2
GTACAGAGGCAAGGGT-1,1
GTACGACGGCGCTGCG-1,4
GTACGAGATTGCGACA-1,1
GTACGCTTCATTGCAC-1,2
GTACGTCACGTATTAA-1,4
GTACGTTTGCCCGTCA-1,2
GTACTAAGATTTGGAG-1,2
GTACTCCCTTATCGCT-1,2
GTACTCCTGGGTATGC-1,4
GTACTGAGGTCGTAAC-1,4
GTACTGCATGAAGCGT-1,2
GTACTGGAGTTAGACC-1,2
GTACTTGGGCACTTCT-1,1
GTAGAAACGGGTGGAG-1,2
GTAGACAACCGATGAA-1,4
GTAGACACGCCTGACT-1,3
GTAGACGTCGTTACAT-1,4
GTAGAGGGAGACAAGT-1,2
GTAGCCAAACATGGGA-1,2
GTAGCGCTGTTGTAGT-1,4
GTAGCGGCTATACACT-1,2
GTAGCTAGTAAGCGCG-1,2
GTAGCTCCGGGAGGCT-1,5
GTAGCTTCCTCTTGTT-1,4
GTAGGTGATCCGTGTA-1,4
GTAGTCGCGGGAATCA-1,2
GTAGTCTACGATATTG-1,5
GTAGTTAGACAATATA-1,4
GTAGTTCGAAGGCGAA-1,5
GTAGTTTAAGCACACG-1,2
GTATAATCTCCCGGAT-1,1
GTATAGGACTCAGTAG-1,1
GTATAGTGGCCCATGT-1,4
GTATATGTTACGGCGG-1,4
GTATCAAACGTTAGCT-1,2
GTATCAGCTTGGGTTC-1,2
GTATCCTTTGGTAACC-1,3
GTATCGGGACGAGCTG-1,4
GTATCTCAGTCTTGAC-1,2
GTATCTTTCATAACCA-1,2
GTATGAAATTTCACTC-1,2
GTATGACGTGGGAAAC-1,4
GTATGTGGGTCTAGTT-1,4
GTATTAAGGCGTCTAA-1,2
GTATTAGGGTTCGCGT-1,4
GTATTCTGAGAAACGA-1,2
GTATTCTTACCGTGCT-1,1
GTATTTAATGGCATAA-1,2
GTCAAAGAAGTGGTGT-1,2
GTCAAAGTTTACATAG-1,1
GTCAACCAGGCCTATA-1,2
GTCAAGCGGACTCGGG-1,2
GTCAATTGTACTGAAG-1,4
GTCACAAAGTTTCCAA-1,1
GTCACCTGTCTATGTC-1,4
GTCACTCTCCAAATCT-1,2
GTCAGAATAGTCTATG-1,2
GTCAGTTGTGCTCGTT-1,1
GTCAGTTTGGTAGTCG-1,2
GTCATGCACCTCCGTT-1,2
GTCATGCGCGAGGGCT-1,3
GTCATGGACATGACTA-1,2
GTCATTAGAGCGAACG-1,2
GTCATTGCATTGACCC-1,2
GTCCAATATTTAGCCT-1,5
GTCCACGTCGCATTCG-1,2
GTCCAGGCACGTGTGC-1,5
GTCCATTACTGCTACG-1,2
GTCCCAACGTAAAGTA-1,2
GTCCCGCGACGTTATG-1,3
GTCCGAGAGCAATCAT-1,2
GTCCGGACCTGAAATT-1,2
GTCCGGCTGAATTGCG-1,2
GTCCGGGTTCACATTA-1,5
GTCCTACAGGCGGCTC-1,4
GTCCTACGAATAGTCT-1,2
GTCCTATTGTTGTGGT-1,2
GTCCTTCTACAACCCA-1,4
GTCCTTCTAGTGGGTT-1,4
GTCCTTTAATGACTTC-1,4
GTCGAATTTGGGCGCT-1,2
GTCGATAGGTGACTTT-1,4
GTCGCCGTTGTGTGTT-1,3
GTCGCGTAACCCGTTG-1,2
GTCGGAAGGATACCAG-1,4
GTCGGATATCTCAGAC-1,4
GTCGGATGTAGCGCGC-1,4
GTCGGGAAGCAGAAAC-1,3
GTCGTACCATCTCGGG-1,2
GTCGTACCTACGATTG-1,4
GTCGTATTGGCGTACA-1,4
GTCGTCAATTATAAGG-1,4
GTCGTCTGGTTGGCTA-1,4
GTCGTGTCTGGTCATC-1,5
GTCGTTATTCGCTTAT-1,2
GTCTAAGATGCCCAGC-1,4
GTCTACTCAATTACAA-1,2
GTCTAGTGAGCCGCTT-1,3
GTCTATCTGAGTTTCT-1,2
GTCTATTGCATGCTCG-1,2
GTCTATTGGTTCCGGT-1,2
GTCTCAAGGCCCGGCT-1,3
GTCTCCTGCCAGTATG-1,2
GTCTCGACTAAGTTTG-1,4
GTCTCGATCTGCTTTC-1,4
GTCTGGGCGGTCGAGA-1,2
GTCTTAGTACAGCCGG-1,4
GTCTTCCTCACCTAAG-1,4
GTCTTGAGGAGCAGTG-1,4
GTCTTGTAGCTATTCA-1,2
GTGAAACGGCGCCACC-1,4
GTGAAACGTGCTCCAC-1,4
GTGAACTCCCATTCGA-1,4
GTGAAGATTTCAAGTG-1,4
GTGAAGCCGTATAGTC-1,4
GTGAAGTCACGACTCG-1,2
GTGACAGCTTCCCACT-1,5
GTGACCGCACACTACG-1,4
GTGACCTAAAGAATAA-1,4
GTGACGAGGGTGACCC-1,4
GTGACGCAGGTTTCAT-1,5
GTGACTTCAGTAGTGC-1,2
GTGAGATAACCTTATA-1,5
GTGAGCGTGCTGCACT-1,2
GTGAGGACACTTAAGG-1,2
GTGAGGAGCGGTTGAG-1,4
GTGAGTCTAAGACGGA-1,1
GTGAGTGGTACAACGC-1,3
GTGATCAAGCGTGCAC-1,2
GTGATCACTAACGCCT-1,2
GTGATCATAGATCTGC-1,2
GTGATCCTTGTCATGA-1,3
GTGATGCACAACATCT-1,4
GTGATTCGCCGCTCAA-1,2
GTGCAACAAATGTGGC-1,2
GTGCACCAGCTTCAAC-1,5
GTGCACGAAAGTGACT-1,4
GTGCAGCGTAGAGTAG-1,2
GTGCCATCACACGGTG-1,2
GTGCCCGTTCGGATTC-1,1
GTGCCGCTTCAAAGGT-1,2
GTGCCTAGCTATGCTT-1,4
GTGCCTCAGTGTACGG-1,4
GTGCCTGAGACCAAAC-1,2
GTGCGAAATCGAACAC-1,2
GTGCGACAGGGAGTGT-1,4
GTGCGCAGCTTGCTCC-1,4
GTGCGGGTCTCCAAAT-1,4
GTGCGTGTATATGAGC-1,4
GTGCTCAAGTACTGTC-1,2
GTGCTGCAGATAAGGA-1,2
GTGCTTACATCAGCGC-1,2
GTGGAACCTACATGCG-1,4
GTGGACCAACCCGATT-1,2
GTGGACGCATTTGTCC-1,5
GTGGACGTGCTGAGAC-1,4
GTGGAGCATGTCGGCC-1,4
GTGGAGCGTTTACCGA-1,2
GTGGAGTCGGCGGTTG-1,2
GTGGCAAACAGCGGCA-1,2
GTGGCGGTCCCAGCGT-1,2
GTGGCGTGCACCAGAG-1,2
GTGGGAAGACTGAATC-1,2
GTGGGCTTAGACACAC-1,2
GTGGTATAGTCTGCCG-1,3
GTGGTCAGCGAAGTAT-1,4
GTGGTGGCCAAGTGAA-1,2
GTGGTTACTTCTTTCG-1,4
GTGGTTTCCGCCTTTC-1,2
GTGTACCTTGGCTACG-1,1
GTGTATATCAGCGGGC-1,3
GTGTCAGTGTACGTGG-1,5
GTGTCCGATAAGGCAT-1,2
GTGTCGTATAGCGTTC-1,2
GTGTCGTATTCACCTT-1,4
GTGTGAATAACTTAGG-1,2
GTGTTACTATGCGTCC-1,2
GTTAAAGTAGGACTGG-1,2
GTTAACATCACTTAAA-1,3
GTTAACTATGTTGTCA-1,4
GTTAAGGGTGCGATGT-1,5
GTTAAGTTAGAGTGGG-1,2
GTTAATGTCTATCTTA-1,2
GTTACAATTGGTGACG-1,2
GTTACCTACAACTTGC-1,2
GTTACGGCCCGACTGC-1,4
GTTACTTTGGGCCTAG-1,2
GTTAGAGTGTGCCGCT-1,4
GTTAGCCCATGACATC-1,5
GTTAGCCGTAAATCAA-1,4
GTTAGGCTACCCGTTT-1,2
GTTATAATACGGTGAA-1,2
GTTATATCAGGAGCCA-1,4
GTTATATTATCTCCCT-1,2
GTTATCACCTTCTGAA-1,4
GTTATTAAATACGACC-1,2
GTTATTAACGTGGGAG-1,2
GTTCAAATCAGATGTC-1,4
GTTCAATCTATGTCAA-1,2
GTTCACAGGAGTCTAG-1,2
GTTCATCGTTTGGCTG-1,1
GTTCCAAGACAGCGAC-1,4
GTTCCAGTCTGACCAT-1,4
GTTCCCGTAAACATAT-1,2
GTTCCGTCCGCCTGCA-1,3
GTTCGCCATAAGTGCC-1,2
GTTCGCTGAGACGTCT-1,2
GTTCGGAGCACTCAAC-1,2
GTTCGGATCGGGAACA-1,1
GTTCGGGCGTACCATT-1,4
GTTCGTCTAAAGAACT-1,2
GTTCTTCCCTCGATGT-1,2
GTTGAACCGGTTCCAT-1,2
GTTGAGTCCCGCCGGT-1,2
GTTGCACGGAGTTTCG-1,4
GTTGCGCTAACATTAC-1,2
GTTGCGGACGGTCAGG-1,2
GTTGGACCGCATCAGG-1,4
GTTGGATTCAGTGGCT-1,4
GTTGGATTGAGAACAC-1,1
GTTGGATTTGCGTTGG-1,2
GTTGGTCATGCTATCC-1,3
GTTGTCGTGTTAGTTG-1,4
GTTGTTACATTGCGCT-1,4
GTTGTTGCAAGATGGC-1,2
GTTTACGTTCCATCTG-1,2
GTTTATGGGATTTAGA-1,4
GTTTCAAACGAGTTGT-1,2
GTTTCATATCGTCGCT-1,2
GTTTCCTGGAGGGTGA-1,2
GTTTCTGCAGTCTCCC-1,2
GTTTGACCAAATCCTA-1,2
GTTTGGCCCAAGTTAT-1,2
GTTTGGCCGCTCAGCG-1,4
GTTTGGCGTCAGGCAC-1,2
GTTTGGGCTTGTGAGC-1,2
GTTTGGGTTTCGCCCG-1,3
GTTTGGTAGGGTCAAC-1,3
GTTTGGTGATCGGTGC-1,5
TAAACCCAGGAGGGCA-1,2
TAAACGTCGTCAATGA-1,1
TAAAGACAACCCTTTA-1,4
TAAAGAGCCCGAAACC-1,1
TAAAGCGGTATTTCCA-1,5
TAAAGCGTTAGGAGAA-1,4
TAAAGCTGCAATAGGG-1,4
TAAATCTTTACACCTC-1,4
TAAATGAATCCGTTTC-1,2
TAAATGCCGTCTCATG-1,4
TAACAAAGGGAGAAGC-1,2
TAACAATATTTGTTGC-1,2
TAACAGCGTTTGTGCT-1,5
TAACATACAATGTGGG-1,2
TAACATACACGCGATC-1,2
TAACCGCCCGCAGTGC-1,1
TAACCTACCGTCCGAG-1,1
TAACCTAGGGAGTCCA-1,2
TAACGCTTTGAGAGCG-1,2
TAACTATCGAAGGTCC-1,1
TAACTATTACGCCAAA-1,4
TAACTCATCCGCGCGG-1,2
TAACTCCATGGAGGCT-1,4
TAAGAGGGACAGGGAC-1,2
TAAGCAGGCGACACGC-1,2
TAAGCCCTTACGACCA-1,4
TAAGCGCGAATCAAAT-1,2
TAAGGAACTTGTGGGA-1,4
TAAGGCAACATAAGAT-1,4
TAAGGCATAACATCAA-1,3
TAAGGCCCGTCACCCT-1,5
TAAGGCTGAATCCCTC-1,2
TAAGGGCCTGTCCGAT-1,2
TAAGGGCTGGGAGAGG-1,2
TAAGTAAATGTGCCGC-1,2
TAAGTAACATCTTGAC-1,2
TAAGTCGCCGAGTATC-1,2
TAAGTTGCGACGTAGG-1,2
TAATAAACAAGGAGAT-1,4
TAATACACAGTAGTAT-1,4
TAATACTAGAACAGAC-1,5
TAATAGAACAGAGTTA-1,2
TAATAGGTCACCAGAA-1,2
TAATAGTGACGACCAG-1,2
TAATATTGAAATTCGC-1,1
TAATCAACCAAATGGG-1,2
TAATCAGGAATGCTGC-1,2
TAATCGATCCGTACGT-1,1
TAATGAAAGACCCTTG-1,2
TAATTACGTCAGTAGA-1,2
TAATTAGATGGATATG-1,2
TAATTAGGACATCCGT-1,4
TAATTGGAATCGGGAA-1,4
TACAAATTGCGGAGGT-1,2
TACAACGCACAACTCA-1,2
TACAAGCTGTTCACTG-1,2
TACAAGTCTCGTGCAT-1,2
TACACCGTCGTTAGTC-1,4
TACAGAAACGGTGGGC-1,3
TACATAGGCATACACC-1,2
TACATCCCTATCCCTG-1,2
TACATCTTGTTTCTTG-1,4
TACATGACCTTATCCG-1,4
TACATGCCGGAATTGT-1,2
TACATTTCTAACGTGC-1,2
TACCAAATAGCCCAGA-1,5
TACCAATAAAGTACCA-1,2
TACCAGAAGTAGGTTC-1,3
TACCAGCTAGGTTTAA-1,4
TACCAGGAATCCCGTC-1,5
TACCGAATAATTGTAA-1,3
TACCGCGGACTTGCAG-1,2
TACCGGCTCACTGCCC-1,2
TACCGGTCGTTTCCAT-1,2
TACCGTAGGTTAACTA-1,5
TACCGTGCCTCGGACC-1,2
TACCTACTCCCAGTAT-1,5
TACCTCACGCTTGTAC-1,2
TACCTCAGTTGTCTGT-1,5
TACCTCCACACCAATG-1,2
TACCTGCTGCACTGTG-1,2
TACCTTAAGATTTCCC-1,2
TACGAACACGACTTCA-1,2
TACGACGCTTGCTGCG-1,2
TACGACTGCCTCTTAG-1,2
TACGAGAACTTCACGT-1,2
TACGATCCAAGCCACT-1,4
TACGATGTTGATCATC-1,2
TACGCAGTTCTTTCCT-1,2
TACGCCATATTCTAAT-1,2
TACGCCGAGGGTACCC-1,2
TACGCCTCCATTCCGA-1,3
TACGCTATAGAAACCT-1,2
TACGCTCGGTATTGGA-1,2
TACGCTGCTGTGTTAA-1,2
TACGGAAGCCAAACCA-1,5
TACGGCATGGACGCTA-1,2
TACGGGATGCTAGCAG-1,4
TACGTAAAGCGGAGTG-1,2
TACGTACTAGTGCTGA-1,3
TACGTGCACTATGCTG-1,2
TACGTGGGCCCAGGGC-1,3
TACGTTTACCGGCAAT-1,2
TACTATGGTTCCTCAG-1,3
TACTCCTCTAGTTGAC-1,5
TACTCGGCACGCCGGG-1,2
TACTCTCCGAACAAAT-1,4
TACTCTTACTTTACTG-1,2
TACTCTTTCGTCTTCA-1,5
TACTGAACAGATTTAG-1,3
TACTGCAATCAATTAC-1,4
TACTGGACAGCTCGGC-1,2
TACTGTTTCTCTGGTA-1,4
TACTTAAACATGTACA-1,2
TACTTGTTAGTAGTCC-1,2
TACTTTACTGAGCCGG-1,4
TACTTTCCGCACGCCA-1,2
TAGAAACCACTAAGTA-1,4
TAGAAAGGTGGCGCTA-1,4
TAGAAATTCACGTATA-1,2
TAGAATAGCCGATGAA-1,2
TAGAATTAAGGGCAAC-1,4
TAGACGAAACGCCAAT-1,5
TAGACGCCCGTACCGG-1,1
TAGACTACCTAGCGTT-1,2
TAGAGATCATGCAACT-1,2
TAGAGCTACGAAGAAC-1,2
TAGAGGTTCTACTTGT-1,2
TAGAGTCTAAGCGAAC-1,2
TAGATATGGACTGGAA-1,2
TAGATCCGAAGTCGCA-1,2
TAGATGGTTCCTTACT-1,2
TAGATTCAAAGTGCGG-1,5
TAGATTCCTGGTTATT-1,2
TAGCAACCTGTCACAA-1,2
TAGCAGTAAATACGCG-1,4
TAGCAGTATGACTAAA-1,2
TAGCCATTTCAAAGTC-1,2
TAGCCGGCGGTCAGCG-1,4
TAGCGTCCCTCGATTG-1,2
TAGCGTCCGGTGTGGT-1,2
TAGCGTTGGGTCTTAC-1,2
TAGCTAAGTCCGGGAG-1,2
TAGCTAGAAGGCATGA-1,2
TAGCTAGTGATGATGG-1,5
TAGCTCAGATCCTAGT-1,4
TAGCTCGCCTGATAAC-1,2
TAGCTGATGTGAAGCG-1,2
TAGGAACAGCCTCCAG-1,2
TAGGCATGTTACGCCA-1,1
TAGGCCTATATAGTCT-1,2
TAGGCGATGAGGTCTC-1,2
TAGGCGGCTGCAAAGA-1,2
TAGGCTAAAGTGGCAC-1,3
TAGGGAGCTTGGGATG-1,4
TAGGGTGTTTCAAGAG-1,4
TAGGTCCAAGTAAGGA-1,1
TAGGTCGCCGGAACTG-1,4
TAGGTGACGATAACCT-1,3
TAGGTGAGCCCTACTC-1,2
TAGGTGCTCGCCTAGC-1,2
TAGGTGTTCCACAGAT-1,5
TAGGTTCGAGTTCGTC-1,1
TAGTACCACAACTTTC-1,2
TAGTACCTTAGTGGTC-1,4
TAGTAGCTTATACCAG-1,5
TAGTCCCGGAGACCAC-1,5
TAGTCCGCAGAGAATG-1,2
TAGTCCGTATGCATAA-1,2
TAGTCGATCACGGGTT-1,2
TAGTCTAACAACGAGA-1,2
TAGTCTGTGACGTTGC-1,4
TAGTCTTTCCGAATTG-1,2
TAGTGAGAAGTGGTTG-1,4
TAGTGCCCTCCAGAGT-1,1
TAGTGGAACTCATACA-1,2
TAGTGTCAGAAACGGC-1,1
TAGTTAAGATAGGATA-1,4
TAGTTTATTCTTGCTT-1,2
TATAAATCCACAAGCT-1,2
TATAAGTGAGGATAGC-1,4
TATACACAGACGCCTT-1,2
TATACACGCAAAGTAT-1,2
TATACCGAGTGCCACA-1,2
TATACGCGTCATCACT-1,5
TATACTCATGCGGCAA-1,1
TATAGAGTCGCTTGAA-1,5
TATAGATGGTCGCAGT-1,4
TATAGCGCACGTTATC-1,2
TATAGGGTACTCATGA-1,2
TATATAGGGCTTTACG-1,3
TATATATCGAGAAATG-1,2
TATATCATTGATCAGT-1,4
TATATCCCTGGGAGGA-1,1
TATATGCTGGGTTGCC-1,4
TATATTACAAATGTCG-1,4
TATATTCGCGTCGATA-1,2
TATCAAAGGTCTGTAA-1,4
TATCACAGCACGGGCA-1,4
TATCACCATGTAAAGT-1,4
TATCACCCAACCGACC-1,4
TATCACTTCGAGTAAC-1,4
TATCAGTGGCGTAGTC-1,2
TATCCAATTGGTTATC-1,3
TATCCATATCATGCGA-1,2
TATCCATCTCGGTTAG-1,2
TATCCGCACCGTCGGG-1,3
TATCCTATCAACTGGT-1,3
TATCCTGCATGGGAAT-1,1
TATCGATCTATGCATA-1,4
TATCGATGATTAAACG-1,2
TATCTACAGAGGTAAT-1,2
TATCTACCACAGCGGG-1,2
TATCTAGCCTAAAGGA-1,2
TATCTGAGCCGATATT-1,2
TATCTTGCAATACAAC-1,2
TATGAAGAATTAAGGT-1,2
TATGAAGACAGGTGCG-1,2
TATGATAAATCTAACG-1,4
TATGATCCGGCACGCC-1,4
TATGATCTTCTCTTTA-1,2
TATGCTCCCTACTTAC-1,1
TATGGAGTTTCTCGTT-1,4
TATGGATGTGCTACGC-1,2
TATGGCCCGGCCTCGC-1,2
TATGGCTAGGCTAATT-1,4
TATGGGACCGAGCAGG-1,2
TATGGGTACGTATCGT-1,2
TATGGTCTGAGTAACA-1,2
TATGGTTAGTGGGAGA-1,2
TATGTAAAGTGCTTAA-1,5
TATGTCAAGACCGACT-1,1
TATGTCTCATTGTGCC-1,1
TATTAACACCAAAGCA-1,2
TATTAACCTGACCGCG-1,3
TATTACCATCCTGCTT-1,2
TATTATGTTTGCCTGC-1,2
TATTCAATTCTAATCC-1,2
TATTCCACTCAGCTCG-1,2
TATTCCGAGCTGTTAT-1,2
TATTCCGGCAGTCCTA-1,4
TATTCCTCCGCCCACT-1,2
TATTCGTGCCAGAATA-1,2
TATTGACATTTCTGCC-1,4
TATTTAGTCTAGATCG-1,2
TATTTATACCGAGTAG-1,4
TATTTGATTTGCACAG-1,2
TATTTGTTACCCTTTA-1,2
TCAAACAACCGCGTCG-1,2
TCAAACAATTAGGACA-1,2
TCAAACTTAGATTGTT-1,2
TCAAATTGTTGTGCCG-1,5
TCAAATTTGAGACTCA-1,3
TCAACAAAGATAATTC-1,2
TCAACACATTGGGTAA-1,2
TCAACATAGCGCCCTA-1,3
TCAACATCGACCGAGA-1,2
TCAACCATGTTCGGGC-1,2
TCAACGAGGAGACAAA-1,2
TCAACGCAGGAAATAA-1,2
TCAACGCGACCGGCAG-1,2
TCAACTAACGTATAAC-1,2
TCAACTGCAGAGTCAG-1,2
TCAAGAAATACTAGCT-1,4
TCAAGCGCGGACGGTA-1,2
TCAAGCTGCCTTGAAA-1,4
TCAAGGTTACTACACC-1,2
TCAATACAATTGCTGC-1,2
TCAATACGCCGTCATG-1,3
TCACAAACCGAGGTAC-1,2
TCACAGATCCTCAAAC-1,4
TCACAGCAAACTCGAA-1,3
TCACAGGAGAATAAGA-1,3
TCACAGGGAATCGCAA-1,2
TCACAGGTTATTGGGC-1,2
TCACATCTTATCTGAT-1,2
TCACCCTCTTAAGATT-1,2
TCACCGCTCGGCACTC-1,4
TCACGATGTCCGTGGA-1,2
TCACGCATTGTAGATC-1,2
TCACGGCCCAAGAGAG-1,3
TCACGGTCATCGCACA-1,2
TCACGTGCCCGATTCA-1,2
TCACTACGACCAATGC-1,2
TCACTCGTGCAACGGC-1,4
TCACTCTTCGTCTGTC-1,4
TCAGAACCTCCACAGG-1,4
TCAGACGCTATAGAAG-1,2
TCAGATGGAGACGTAG-1,4
TCAGCAAATGCATCTC-1,2
TCAGCAGTAGGCCCTG-1,5
TCAGCCAATCCGTAAA-1,2
TCAGGGCGACTTCCTT-1,4
TCAGGGCGCAAACTCG-1,2
TCAGGGTGCACGAAAC-1,1
TCAGGGTGTAACGTAA-1,4
TCAGGTTCTTTGAGAA-1,2
TCAGTACTGACCCGCG-1,2
TCAGTAGGGACTATAA-1,2
TCAGTGTATACGTCAT-1,3
TCAGTTACGGAATGAT-1,4
TCATACTTACAGATCC-1,1
TCATATGAGCTTTGTT-1,3
TCATCACTCGAGCTCG-1,1
TCATCCCAGAGGGTGG-1,4
TCATCCTCAGCTGCTT-1,3
TCATCGATGGTCCCAA-1,2
TCATGCAGGTTCTCAT-1,4
TCATTCGTATAATTTG-1,4
TCATTTAAGTCTCCGA-1,4
TCATTTAGAAGTGTGA-1,2
TCCAACTCAGCTATCT-1,3
TCCAACTTTAAATTCT-1,2
TCCAAGCCTAGACACA-1,5
TCCAATAAAGGCTACC-1,5
TCCACAATGGTTTACG-1,2
TCCACATCGTATATTG-1,5
TCCACCTCTAGCCTTT-1,3
TCCACTTTATCTAGGT-1,4
TCCAGAGCACCGGTTC-1,1
TCCAGATGTACGCCAA-1,4
TCCAGCGCTATAAGCG-1,2
TCCAGGCGAGTACGGT-1,2
TCCAGGGTATATACGA-1,5
TCCATCAATACTAATC-1,2
TCCATTAGTTGGATAG-1,4
TCCATTCCCACTAGAG-1,4
TCCATTGTGACCTCGT-1,4
TCCCAAACAGACAACG-1,4
TCCCAAAGACGAAGGA-1,2
TCCCAAAGCCCTAAAT-1,2
TCCCACGGAGGGAGCT-1,4
TCCCACTCTCTTCCGG-1,4
TCCCAGCACACGACAT-1,2
TCCCAGCTTTAGTCTG-1,2
TCCCAGGCTTAGCTAA-1,2
TCCCGCCTATGTGCGT-1,4
TCCCGCGTACTCCTGG-1,1
TCCCGGGTGTGCTGCT-1,2
TCCCGGTCAGGAATTT-1,4
TCCCGTCAGTCCCGCA-1,4
TCCCGTCGCGTCATAG-1,4
TCCCGTGTGCAATTTG-1,2
TCCCTAGATCAATAGG-1,4
TCCCTCTTCTCAAGGG-1,2
TCCCTGGCGTATTAAC-1,2
TCCCTGGCTCGCTGGA-1,2
TCCCTTAGATTACTCG-1,4
TCCGAACGTTGCCGCT-1,2
TCCGAACTTGGCTTAC-1,2
TCCGAAGTAGTCACCA-1,4
TCCGAATGGTCCTGAG-1,4
TCCGAGAAGGCTAAGC-1,4
TCCGATAATTGCCATA-1,2
TCCGATGACTGAGCTC-1,4
TCCGATGGTGCGACAT-1,2
TCCGATTACATTGCCG-1,2
TCCGCCTGTCTACAAG-1,3
TCCGCGGCAGCATCTG-1,1
TCCGCGGCCCAATGAA-1,2
TCCGCTGTCATCCCGG-1,2
TCCGCTTATCCCATTA-1,2
TCCGGAGGAAGGGCTG-1,4
TCCGGCCTAGCGTACA-1,2
TCCGGCCTGCATCGAT-1,4
TCCGGGCTTGACGGGA-1,2
TCCGGTTCGTCCGGTC-1,3
TCCGTAACCACAATCC-1,4
TCCGTTAAGCTAATAT-1,2
TCCGTTTAGCCTTGAA-1,4
TCCTAAAGATTCAGAC-1,3
TCCTAAATTGGGAAGC-1,3
TCCTAACCGTCGGGCA-1,5
TCCTACATCCACGGCC-1,2
TCCTAGCAAAGAAGCT-1,2
TCCTATCATAGGTAAC-1,4
TCCTCCTAAGACATTC-1,2
TCCTCGGGCTGGGCTT-1,2
TCCTCTACGAGATGGC-1,2
TCCTCTCCAGTTGTCC-1,2
TCCTCTGGCCCATTAG-1,4
TCCTGCCAACTGGAGA-1,4
TCCTGCGTTGATACTC-1,2
TCCTGGCGCTGCCTGG-1,4
TCCTTACGACGGTCCG-1,2
TCCTTCAGTGGTCGAA-1,4
TCCTTGTCCTTTAATT-1,5
TCCTTTAAATCCGCTT-1,3
TCCTTTCTTACGCTTA-1,2
TCGAAATTTAGGACCA-1,2
TCGAAGAACCGAGCAC-1,2
TCGAATATCCCGCAGG-1,3
TCGACAACTGAACCCG-1,2
TCGAGACCAACACCGT-1,2
TCGAGCCAGGCAGGCC-1,3
TCGAGGGCAACAGACG-1,2
TCGATAGGCTAGTCGC-1,1
TCGCAAAGATGCATTT-1,2
TCGCACCAGGAGGCAG-1,2
TCGCATAAAGGGCGCA-1,2
TCGCATCCCTAAGTGT-1,4
TCGCATTCAATGACTT-1,1
TCGCCCAACTGACTCC-1,2
TCGCCGAAGTTGCGTC-1,2
TCGCCGACATATTCGC-1,3
TCGCCGGATGGGCAAG-1,4
TCGCCGGTCGATCCGT-1,4
TCGCGTAGCAGTGTCC-1,5
TCGCGTCCAGAAGGTC-1,2
TCGCTAAACCGCTATC-1,4
TCGCTACTGGCTTTGA-1,5
TCGCTCGATATATTCC-1,2
TCGCTCGGCACCAGCG-1,4
TCGCTGCCAATGCTGT-1,5
TCGCTGGGCGGATTGT-1,2
TCGCTGTGCGTAAATC-1,1
TCGCTTAATTACGAAG-1,4
TCGCTTTAAACGTTTG-1,4
TCGGAATGACCATCAA-1,4
TCGGAATGCGCTCTGA-1,4
TCGGACGCCCAGCCCA-1,2
TCGGAGAGTATCGGGA-1,2
TCGGAGTACATGAGTA-1,2
TCGGCGAACCCAAACC-1,2
TCGGCGGTATTAGATT-1,4
TCGGCGTACTGCACAA-1,2
TCGGCTAACTTCCCTT-1,4
TCGGCTTGTATCGACG-1,2
TCGGGAACGTGCCTAG-1,4
TCGGGAGACAGCGTAC-1,3
TCGGGATTCAAACATA-1,2
TCGGGCCGTCGTGGTA-1,4
TCGGGTGAAACTGCTA-1,1
TCGGTCCCGACAATAG-1,2
TCGGTCCCTGACTCCA-1,4
TCGGTGACCGCTCCGG-1,4
TCGGTTAGCCATGTAG-1,4
TCGTAAGACGACATTG-1,1
TCGTAAGCTCCGAGGA-1,4
TCGTACCGACGTCAAG-1,5
TCGTATAGTGCAATTA-1,1
TCGTATCACCAAGCTA-1,2
TCGTATTACCCATTGC-1,2
TCGTATTTCGTCCGGA-1,4
TCGTCAAGTACGCGCA-1,3
TCGTCACACTGTTAGC-1,2
TCGTCCGCTGGCGTCT-1,2
TCGTCCGGGTACACTC-1,4
TCGTCTTAGGCGTTAA-1,2
TCGTGTACTATGGATG-1,2
TCGTGTATTGGTCACG-1,5
TCGTGTCACGCTGACA-1,2
TCGTGTTCGACCACAA-1,2
TCGTTAGGAGTCCCTA-1,3
TCGTTCGTTATTATGT-1,1
TCGTTGACAGGGTCCC-1,4
TCGTTGCTATCCGGTC-1,2
TCGTTGGCTCGTCAAT-1,4
TCTAAAGAACAGTCTC-1,2
TCTAACTGTATGTAAA-1,4
TCTAATACTGCCTCAG-1,2
TCTACACGTTCATGCA-1,4
TCTACCCAATAGAGAG-1,2
TCTACCGTCCACAAGC-1,4
TCTACGGGCTCAGTTG-1,4
TCTAGCAATCTCCGCC-1,2
TCTAGCATCTTCGATG-1,4
TCTAGCATGCCCAGAA-1,2
TCTAGGTGGCGACGCT-1,4
TCTAGTGATATCGTGG-1,2
TCTAGTTATCAGAAGA-1,2
TCTATAGGTGGGTAAT-1,2
TCTATCATGCAGTTAC-1,1
TCTATCGGTCGCAACA-1,1
TCTATGCTATAACGAC-1,3
TCTATTACGCTGGCGA-1,1
TCTATTACTAGAGGAT-1,2
TCTCATGAGATAGGGT-1,2
TCTCCAACGTAGGTTA-1,4
TCTCCACAAGTTGAAT-1,2
TCTCCCTGGGCAGCGT-1,2
TCTCGAACGAGGTCAC-1,2
TCTCGACGTATCGCCG-1,4
TCTCGAGGAGGTTCGC-1,2
TCTCGGCTCCAGGACT-1,4
TCTCTAATAGCTGGTA-1,2
TCTCTCGCCGCACATA-1,2
TCTCTTACCGCGAACC-1,5
TCTGAACCGGTCGGCT-1,2
TCTGAACTCGTACCCG-1,2
TCTGAAGCACGTGGTC-1,2
TCTGAATTCCGTACAA-1,2
TCTGACGGGCTAACCC-1,2
TCTGACTGTAATGGTT-1,4
TCTGAGCAATTGACTG-1,2
TCTGATCGGGTGCTAG-1,4
TCTGATGTATTCTGTC-1,2
TCTGATTGGAAATGGA-1,4
TCTGCAGATTCGAGTC-1,2
TCTGCATACCTTGCTT-1,3
TCTGCCAGAAACTGCA-1,2
TCTGCGAATCGTTCGC-1,4
TCTGCGTCCGGTTTCT-1,2
TCTGCTTAGAACAAGC-1,2
TCTGGCCGTTCAAGTT-1,4
TCTGGGAACCTTTGAA-1,2
TCTGGGTAGCGCTCAT-1,2
TCTGTCATACAAGAGC-1,4
TCTGTGACTGACCGTT-1,4
TCTGTGATGGAGGTTG-1,4
TCTGTGCCATCATAGT-1,1
TCTGTTACCCAGCATA-1,2
TCTTACAGAGGTACCG-1,2
TCTTACCGGAACTCGT-1,4
TCTTACGGCATCCGAC-1,2
TCTTACTTATGCCTCT-1,2
TCTTAGAGCTCCAATT-1,2
TCTTAGAGTGAACTCT-1,2
TCTTCCCATGGGCACA-1,4
TCTTCGAATAGACGTT-1,2
TCTTCGATACCAATAA-1,2
TCTTCGCGGTGAGAGG-1,2
TCTTCTATAACCCGCC-1,2
TCTTGATGCGTAGCGA-1,2
TCTTGCTCCCGATACT-1,5
TCTTGGTAACACCAAA-1,4
TCTTGGTCAATGATAC-1,2
TCTTTAAGACTATGAA-1,2
TCTTTAGAGTCTAACA-1,2
TCTTTAGCAGGCGAAC-1,4
TCTTTCCTTCGAGATA-1,2
TCTTTCTCTTAAGGAG-1,4
TGAAACTTATGCAAGC-1,4
TGAAAGGACCTGACTC-1,4
TGAACAAGCAGGGACT-1,5
TGAACTGCTATGACTT-1,2
TGAAGAGCGGTCCTAG-1,4
TGAAGTAGCTTACGGA-1,4
TGAATACCGACGCGTA-1,5
TGAATATGCTATAAAC-1,4
TGAATGAGATACAGCA-1,4
TGAATGAGTGTTTCCC-1,5
TGAATGTCAGCCGGCC-1,2
TGACACTTCTCTTTGC-1,2
TGACAGGACAAGTCCA-1,3
TGACATCGAGCGGACC-1,2
TGACATGTAACGTGAC-1,5
TGACCAAATCTTAAAC-1,5
TGACCAGCTTCAAAGT-1,2
TGACCCACGTTAGACA-1,2
TGACCCAGCATTCCCG-1,4
TGACGAATATTTCCCT-1,2
TGACGATGCACTAGAA-1,4
TGACTATAATCCTTTC-1,2
TGACTCCGAATCATAC-1,2
TGAGAATGCTTTACCG-1,4
TGAGAGATTTACCACG-1,2
TGAGATCAAATACTCA-1,4
TGAGATTAGGCCCTAA-1,1
TGAGCCATACAGTCTC-1,2
TGAGCGGAAAGTGTTC-1,3
TGAGCTTTAATGACGC-1,4
TGAGGAGTGCCAGCTT-1,3
TGAGGCATGTACTGTG-1,2
TGAGTAAATTAGCGTA-1,2
TGAGTGCCTCTTAAAT-1,2
TGAGTGGTCCGTGACG-1,1
TGAGTTAAAGACATTC-1,2
TGATACATTTAGCCGT-1,2
TGATAGCGGGATTCTA-1,2
TGATCACCACACTGAC-1,5
TGATCAGGGAACTGCT-1,2
TGATCCCAGCATTAGT-1,4
TGATCGGTTTGACCCT-1,2
TGATCTACGCTGATCT-1,4
TGATCTCCGGCGCCAG-1,2
TGATGCTCACGTAGTC-1,4
TGATGGCTGTTTCTGA-1,4
TGATGTCAATTAAGTG-1,2
TGATTATGGCACGCAG-1,4
TGATTCAGGTCCCGCG-1,2
TGATTCCCGGTTACCT-1,5
TGATTCGTCTATCACT-1,1
TGATTCTGTCGCCGGT-1,2
TGATTTATTAGCTGTG-1,2
TGATTTCCTCCTGACG-1,4
TGCAAAGTTCGTCTGT-1,2
TGCAACCCATCTGCGG-1,3
TGCAAGAATGACGTAA-1,2
TGCAATCTAACACGGT-1,3
TGCAATTTGGGCACGG-1,2
TGCACAGTGAAGTTAT-1,4
TGCACGAGTCGGCAGC-1,4
TGCACTATGTGAGTGC-1,2
TGCAGAACTATATCGT-1,2
TGCAGAGTACCGAGCA-1,2
TGCAGATCGTCCTAGG-1,2
TGCAGCTACGTACTTC-1,4
TGCAGGATCGGCAAAG-1,1
TGCAGTGAGGCTCGGG-1,2
TGCAGTGGTAGGGAAC-1,2
TGCAGTTTCCTCCCAT-1,2
TGCATATGTCTGTCAC-1,4
TGCATCTCCGGATCTT-1,4
TGCATGGATCGGATCT-1,4
TGCATGGCAGTCTTGC-1,4
TGCATGTGACCCATAG-1,3
TGCATGTGGTAATCTA-1,1
TGCCAAAGTCAGACTT-1,2
TGCCAATGGGTACTCT-1,3
TGCCACCTGGCGAAAC-1,4
TGCCAGTACGTGGAGA-1,2
TGCCATGGCTTATAAG-1,1
TGCCATTACTAAAGAA-1,4
TGCCCGTACCGTTAAA-1,2
TGCCGAAAGCGTATTC-1,4
TGCCGGATGTACGAGC-1,3
TGCCGTGGATCGTCCT-1,3
TGCCTAATTGAAGATT-1,2
TGCCTGACATCGGTCA-1,4
TGCCTGATCAAACGAT-1,4
TGCCTTGGCCAGGCAA-1,2
TGCGAATATGGGATTT-1,2
TGCGACACCCTAGTGC-1,2
TGCGACGGCCGAACGT-1,3
TGCGAGAATATTACCC-1,2
TGCGAGATGGCGGCCA-1,4
TGCGAGCCCTTCCGCG-1,4
TGCGATGCTAATGGCT-1,2
TGCGCAAAGCATTTGG-1,2
TGCGCGATTAACGGAG-1,2
TGCGGACTTGACTCCG-1,5
TGCGGAGTAAAGGTGC-1,4
TGCGGCATAGTTCAAC-1,1
TGCGGGTATTGGGATC-1,4
TGCGGTCTACGAGTAA-1,4
TGCGGTGAAATTTCAT-1,4
TGCGTAAGAACCTGAT-1,2
TGCGTACGGCTAATTG-1,2
TGCGTCATGACTGAGC-1,2
TGCGTGATTGGGTGTC-1,4
TGCGTTTGTTGACACT-1,1
TGCTAAGTGTCTATTT-1,2
TGCTATACAAACGGAC-1,4
TGCTCACACAACAACC-1,4
TGCTCCACAGTTCTTA-1,2
TGCTCGGCGAAACCCA-1,5
TGCTCGGTGGGTCACC-1,5
TGCTCTGCCGGTTCAC-1,4
TGCTCTTGAGAGTTTG-1,5
TGCTGCGTCAGAGTTA-1,4
TGCTGGTTGGACAATT-1,2
TGCTGTTGAAGAACTC-1,2
TGCTTAGAGAGAATGC-1,2
TGCTTCCCAAGCAGTA-1,5
TGGAAACGGAGTGAAC-1,4
TGGAACCACTGACACA-1,4
TGGAAGAAGGGAACGT-1,2
TGGAAGACGAACACCA-1,2
TGGAAGGATAAAGATG-1,1
TGGAATATCCTTGACC-1,4
TGGAATTAGACGCTTT-1,1
TGGACACCGTTGCTTG-1,4
TGGACCAATCTAAGAT-1,3
TGGACCACGGCGTTGA-1,4
TGGACGCAATCCAGCC-1,2
TGGACTGTTCGCTCAA-1,2
TGGAGCTAAAGTTCCC-1,4
TGGAGTGATGCGATGA-1,2
TGGATAGAGTAACAGA-1,4
TGGCAAACTAAATTAC-1,2
TGGCAACTCGCGCGCC-1,4
TGGCAAGCACAAGTCG-1,5
TGGCAATGGGACGGCG-1,2
TGGCACGAGCTCGAGT-1,4
TGGCAGATTACGATCA-1,2
TGGCAGCAGTAATAGT-1,2
TGGCATGAAGTTTGGG-1,2
TGGCCAAACTGAAGTA-1,4
TGGCCAATTTGGTACT-1,2
TGGCCGTATATTGACC-1,2
TGGCGACTGCTCCAAA-1,3
TGGCGATCAAGTTATG-1,2
TGGCGGTGTGCGATTG-1,1
TGGCTACACTCTACCT-1,3
TGGCTATGTGACATAC-1,2
TGGCTCTTGTCGCGTA-1,2
TGGCTTGTACAAGCTT-1,4
TGGCTTTGGGTAGACA-1,2
TGGGAAATGCCTTTCC-1,2
TGGGATGCACTCATTC-1,4
TGGGCAATAGTTGGGT-1,2
TGGGCACAAACAGAAC-1,4
TGGGCACGTTCTATGG-1,4
TGGGCAGGCCACCGCA-1,2
TGGGCCACAAGAGCGC-1,1
TGGGCCCATACTAATT-1,2
TGGGCGATACAATAAG-1,5
TGGGTAAGGTTCCCGC-1,4
TGGGTGCACAAGCCAT-1,3
TGGGTGGGATGTCATT-1,4
TGGGTTCCCGGACGGA-1,4
TGGTAAGCAGGATTGA-1,2
TGGTAGAATATATGGG-1,2
TGGTATCGCATCCCAA-1,4
TGGTATCGGTCTGTAT-1,4
TGGTCCCACGCTACGG-1,3
TGGTCGTGCAAGGCAA-1,2
TGGTCGTTTGATAGAT-1,2
TGGTCTAGCTTACATG-1,4
TGGTCTGTTGGGCGTA-1,2
TGGTGATCGTATTTGT-1,2
TGGTTAAGGGCGCTGG-1,4
TGGTTATGCTTGCGGT-1,4
TGGTTCAACGGGTAAT-1,2
TGGTTCGTAGCAAAGG-1,1
TGGTTGGAGGATCCTG-1,4
TGGTTTAAACGTGGGT-1,4
TGTAACTTGTCAACCT-1,4
TGTAATGACCACAATA-1,2
TGTAATGCCTTCGGAC-1,2
TGTACCTACACGAGGG-1,3
TGTACGAACAAATCCG-1,2
TGTACGCTATCAGCTT-1,4
TGTACTGTGCCAAAGT-1,4
TGTAGCCATCCCATTC-1,2
TGTAGGAGAAATTTCC-1,4
TGTAGTGATCTATAAT-1,2
TGTATAACAGATCCTG-1,1
TGTATCAGACTGAAGC-1,4
TGTATCCTTATTCCAT-1,1
TGTATGGCGCAGACAG-1,2
TGTATTTACCTAATGC-1,2
TGTCATTTGTTGGGAA-1,4
TGTCCACGGCTCAACT-1,2
TGTCCCGACATAGCAC-1,2
TGTCCGTGGCGCCTTT-1,2
TGTCCTAAGTCACCGC-1,2
TGTCGGCATGGTGGAA-1,4
TGTCGTTATCACATAT-1,2
TGTCTACAGTTTCTGT-1,4
TGTGACTACGCCAGTC-1,4
TGTGAGACTAGCCCAA-1,3
TGTGATTCCAGCGCTT-1,4
TGTGCCGGTGCCGGAA-1,2
TGTGCTTTACGTAAGA-1,2
TGTGGACTATCTACGT-1,4
TGTGGAGGAAGCTTAA-1,4
TGTGGCAAAGCGTATG-1,4
TGTGGCGGGCTTCTGG-1,5
TGTGGCTCCCACCAAC-1,4
TGTGGTAGGGTGCCTT-1,2
TGTGGTTGCTAAAGCT-1,5
TGTGTAGTAGCACGTG-1,2
TGTGTCGCGAGTTGCA-1,2
TGTGTTCGTATCCAAG-1,2
TGTTATTGTATGTGGC-1,2
TGTTCATAAATGTGCT-1,4
TGTTCCGCTTCCATGA-1,2
TGTTCGTATTGCGGTG-1,2
TGTTCTCTACTCCCTA-1,4
TGTTCTTCCATTGACT-1,2
TGTTGATCACTGTTTA-1,4
TGTTGCCGTCGTCCCA-1,2
TGTTGTCAAGAAGTCT-1,4
TGTTTAATACTTCATC-1,4
TGTTTCGGTACTTCTC-1,2
TGTTTGAGATCGTCAG-1,2
TTAAACAGAGTCCCGC-1,4
TTAAACCGGTAGCGAC-1,2
TTAAACCTGGTTCCTT-1,1
TTAAACTCGAATTCAT-1,1
TTAACACCTCGAACAT-1,1
TTAACCAACCCTCCCT-1,1
TTAACGAACAAGCAGT-1,4
TTAACGTCGCAAGACC-1,4
TTAACTCACGCGTGGA-1,2
TTAACTTCAGGTAGGA-1,2
TTAAGACGAACGAACC-1,4
TTAAGATAGGATTGAC-1,2
TTAAGCCGACAACTTC-1,4
TTAAGCGCCTGACCCA-1,2
TTAAGGATACGGAGGT-1,4
TTAAGGCCCGTACTTT-1,2
TTAAGTATTGTTATCC-1,2
TTAATCAGTACGTCAG-1,1
TTAATGCGAGGTAACT-1,1
TTAATGTAGACCAGGT-1,4
TTAATTGCTTTGGGTG-1,3
TTAATTTCAGACGCGG-1,4
TTACAACTACGCATCC-1,2
TTACACGATCTGCGAC-1,2
TTACAGACCTAAATGA-1,4
TTACATCGTGGCCTGG-1,4
TTACATGCCACAACTA-1,2
TTACCATTGATTACCC-1,2
TTACCCATTGCCGGGT-1,2
TTACCCTAACAGTCCT-1,4
TTACCCTAGGGATTGG-1,5
TTACCGCCTTAGGGAA-1,4
TTACGGATGGTTCGAG-1,2
TTACGTAGCGCGTGCT-1,4
TTACGTATCTATGACA-1,3
TTACTAAAGGACTTTA-1,2
TTACTATCGGCTTCTC-1,2
TTACTCCGGCCGGGAA-1,2
TTACTCTGGTACGTAC-1,2
TTACTGGGATATTTCA-1,2
TTACTGTCTAGAGCTC-1,4
TTACTGTTTCTCTACG-1,4
TTAGAAGAACATGACT-1,2
TTAGAATAAGGGTCGG-1,3
TTAGACACGATCGTTG-1,4
TTAGACGAGTCACCTC-1,2
TTAGAGTTTAGAAGGA-1,2
TTAGATAGGTCGATAC-1,4
TTAGCAACATGGATGT-1,4
TTAGCTAATACGATCT-1,4
TTAGCTCTGTAATCCG-1,2
TTAGCTGATTTGCCGT-1,4
TTAGGTCATAACCGAC-1,3
TTAGTAAACCTGCTCT-1,2
TTAGTAGGGCGGCGGG-1,2
TTAGTTATTCGTGGCA-1,2
TTAGTTCAAGTGTTCG-1,4
TTATAGATGCACATTA-1,1
TTATAGGTAATTGTCT-1,3
TTATAGTCCAAGGTGC-1,4
TTATATACGCTGTCAC-1,2
TTATATTTGGCAATCC-1,4
TTATCCAATCGAACTC-1,2
TTATCCGGGATCTATA-1,2
TTATCCTCAAGGAATA-1,2
TTATCGCCTGCGAAGC-1,2
TTATCTGACATTAGGA-1,2
TTATCTGTATCATAAC-1,2
TTATGAATGAAAGGGA-1,2
TTATGACAAACTGGAT-1,2
TTATGATCTTAACGAA-1,2
TTATGCGTCCCGGTCC-1,4
TTATGTTTGCGATAGA-1,1
TTATTAGAGCGTGTTC-1,2
TTATTAGGGAAGCATC-1,4
TTATTATCTGGAAGGC-1,2
TTCAAAGTCTCTAGCC-1,2
TTCAACGACCCGACCG-1,1
TTCAAGCCGAGCTGAG-1,4
TTCAATACTCTGAATC-1,2
TTCAATTAGCCATAAT-1,1
TTCACGAAAGGATCAC-1,2
TTCACTCGAGCACCTA-1,3
TTCACTTCCTAGAACG-1,5
TTCAGAGTAACCTGAC-1,4
TTCAGCCCTGGTCCAC-1,2
TTCAGCTGGCGTGCCC-1,2
TTCAGGCGTCAAAGCC-1,2
TTCAGTTTGTGGCAGC-1,2
TTCATAGCCTTGTAAC-1,4
TTCATAGGGTGTCCAT-1,2
TTCATGGCGCAACAGG-1,4
TTCCAATCAGAGCTAG-1,4
TTCCAATCTGGCTATC-1,2
TTCCACACAGATTTGA-1,2
TTCCACATTTCTCGTC-1,4
TTCCAGACGAGATTTA-1,4
TTCCATCATGCGGTGA-1,4
TTCCATCGACAGCGTG-1,2
TTCCCGACGCTTCACT-1,2
TTCCCGGCGCCAATAG-1,2
TTCCGCAGAGAAATAT-1,4
TTCCGCGTGAGGCGAT-1,2
TTCCGGCCTTGAGGCT-1,3
TTCCGGCTCGACTTCT-1,4
TTCCGGTATCTGTGTC-1,4
TTCCGGTTACCCACTT-1,2
TTCCTCGAGGGTGTCT-1,1
TTCCTCGGACTAACCA-1,2
TTCCTCTGCCCGAATA-1,2
TTCCTTTCTGTGTTGC-1,4
TTCGACAGAGCCCGTG-1,3
TTCGACGGGAAGGGCG-1,1
TTCGAGCCGGCGCTAC-1,4
TTCGCACTCGCGTGCT-1,2
TTCGCACTGTACGACA-1,5
TTCGCATCCGGAAGCA-1,4
TTCGCCGCTCGCGCTA-1,2
TTCGCGCGCCATACGA-1,3
TTCGCTAGGAAGTTGT-1,2
TTCGCTATCTGACGTG-1,4
TTCGGACTGATGCCTT-1,4
TTCGGCAACCCGCTGA-1,4
TTCGGCTAGAGATGGT-1,4
TTCGGGACTAATCGCG-1,4
TTCGGGCGCTAGTCTT-1,3
TTCGGGTTGCCACGGG-1,2
TTCGGTACTGTAGAGG-1,5
TTCGGTGGAGACGCCC-1,2
TTCGTAATCCCAGCGG-1,4
TTCGTACTCCAGAACG-1,2
TTCGTGGGCTGGAAGC-1,4
TTCGTTCAACGAAGTT-1,4
TTCTAACCGAAGCTTA-1,4
TTCTACCTCAATCGGT-1,3
TTCTACCTTTATGTTG-1,4
TTCTACTTGCGAGGGC-1,2
TTCTAGAAAGTCTTAT-1,3
TTCTAGGCCAATTGTG-1,2
TTCTATGCCTTTCGCA-1,4
TTCTATTAAACGCAGC-1,5
TTCTCTTACAGGTGAT-1,2
TTCTGACCGGGCTCAA-1,2
TTCTGCCGCGCCTAGA-1,2
TTCTGCGAGCGCCCTT-1,4
TTCTGCGGGTTAGCGG-1,1
TTCTGCTAGACTCCAA-1,4
TTCTGTTTCCTGTCGC-1,4
TTCTTAGTGAACGGTG-1,2
TTCTTAGTGGCTCAGA-1,4
TTCTTATCCGCTGGGT-1,2
TTCTTCCCTTTGATAT-1,4
TTCTTCGCAATAGAGC-1,4
TTCTTGAGCCGCGCTA-1,2
TTCTTGCTAGCATCTC-1,4
TTCTTGGACGATCTGC-1,2
TTCTTGGAGTAATGAG-1,4
TTCTTGTAACCTAATG-1,1
TTCTTGTGTCCATCAG-1,2
TTCTTTGGTCGCGACG-1,4
TTGAAAGGTGTAAAGG-1,4
TTGAACGAATCCTTTG-1,2
TTGAACGACGTGCTGA-1,3
TTGAAGAATTCCCAGG-1,2
TTGAAGGATGGGCGCC-1,2
TTGAATATGGACTTTC-1,1
TTGAATCGTTGTATAA-1,2
TTGAATTCACGTGAGG-1,2
TTGACAGGAGCTCCCG-1,2
TTGACATGAACGTGGA-1,2
TTGACCAGGAACAACT-1,5
TTGACCATGTTCTCCG-1,4
TTGACCGTGTTAATGA-1,2
TTGACGATTCAGCACG-1,4
TTGACGCTCCATGAGC-1,2
TTGACTACCATATGGT-1,2
TTGACTATTGTCCGGC-1,2
TTGAGAAGTTTAGCAT-1,2
TTGAGAGTACTGCTAA-1,2
TTGAGCAGCCCACGGT-1,4
TTGAGCGCCACGTGAT-1,4
TTGAGGCATTTAACTC-1,4
TTGAGGGTCGAACGCG-1,4
TTGAGTCCCGCTGCTG-1,2
TTGATAGTCAATACAT-1,4
TTGATCTAACTTTGTC-1,2
TTGATGTGTAGTCCCG-1,1
TTGATTAGCTGTTTCT-1,2
TTGATTATGCAGATGA-1,2
TTGCACAATTCAGAAA-1,2
TTGCACGGAGCAGCAC-1,1
TTGCAGGTCATGAAGT-1,4
TTGCATGCTGATCACG-1,2
TTGCCAAGCAGAACCC-1,4
TTGCCATAGCCCGCTC-1,2
TTGCCCTGATCACGGG-1,2
TTGCCGCAGACCTACA-1,2
TTGCCGCTTTCTAGTA-1,5
TTGCCGGTGATCCCTC-1,2
TTGCCTAATCCAAAGT-1,5
TTGCGCTCTCTCGCTT-1,2
TTGCGGCATCAGAAAG-1,3
TTGCGGCGACTCATGC-1,4
TTGCGTAGTTTGAGGA-1,2
TTGCGTCGGCCAACCG-1,2
TTGCGTGAACGCTTAG-1,2
TTGCGTGTGTAGGCAT-1,5
TTGCTAGCTACCAATC-1,4
TTGCTCCCATACCGGA-1,4
TTGCTGAAGGAACCAC-1,4
TTGCTGATCATGTTCG-1,2
TTGCTGCACCTATCCA-1,4
TTGCTGGCCGGGCTTC-1,2
TTGGAAGAATACAGTC-1,2
TTGGACATGTGGCTTA-1,2
TTGGACCATCTGGCAA-1,2
TTGGACCTATAACAGT-1,2
TTGGAGTCTCCCTTCT-1,4
TTGGATATCGTCTACG-1,2
TTGGATCGACTTCTGG-1,4
TTGGATTGGGTACCAC-1,1
TTGGCCATCTTGCGCT-1,1
TTGGCCTAGAATTTCG-1,1
TTGGCGATCCGAATAT-1,4
TTGGCTCAATATGTGT-1,2
TTGGCTCGCATGAGAC-1,2
TTGGGAAGACGAGCCG-1,5
TTGGGACACTGCCCGC-1,1
TTGGGACGTAAGAGTT-1,2
TTGGGCGGCGGTTGCC-1,1
TTGGGTTTATTCAGCG-1,4
TTGGTATGGCTTGTGT-1,4
TTGGTCACACTCGTAA-1,2
TTGGTGCGGTGTTGAA-1,4
TTGGTTGCGGTGCGCG-1,2
TTGTAACTTCATAGCG-1,4
TTGTAAGGACCTAAGT-1,2
TTGTAAGGCCAGTTGG-1,1
TTGTAATCCGTACTCG-1,2
TTGTATCACACAGAAT-1,4
TTGTCGTTCAGTTACC-1,2
TTGTGAACCTAATCCG-1,2
TTGTGAGGCATGACGC-1,2
TTGTGCAGCCACGTCA-1,3
TTGTGGCCCTGACAGT-1,4
TTGTGGTAGGAGGGAT-1,2
TTGTGGTGGTACTAAG-1,2
TTGTGTATGCCACCAA-1,3
TTGTGTTTCCCGAAAG-1,3
TTGTTAGCAAATTCGA-1,2
TTGTTCAGTGTGCTAC-1,2
TTGTTCTAGATACGCT-1,4
TTGTTGTGTGTCAAGA-1,4
TTGTTTCACATCCAGG-1,3
TTGTTTCATTAGTCTA-1,3
TTGTTTCCATACAACT-1,2
TTGTTTGTGTAAATTC-1,4
