barcode,cluster.init
AAACAAGTATCTCCCA-1,
AAACACCAATAACTGC-1,2
AAACAGAGCGACTCCT-1,
AAACAGCTTTCAGAAG-1,
AAACAGGGTCTATATT-1,2
AAACATTTCCCGGATT-1,
AAACCACTACACAGAT-1,
AAACCCGAACGAAATC-1,
AAACCGGAAATGTTAA-1,2
AAACCGGGTAGGTACC-1,2
AAACCGTTCGTCCAGG-1,
AAACCTAAGCAGCCGG-1,
AAACCTCATGAAGTTG-1,
AAACGAAGAACATACC-1,
AAACGACAGTCTTGCC-1,
AAACGAGACGGTTGAT-1,
AAACGCCCGAGATCGG-1,
AAACGGGCGTACGGGT-1,
AAACGGTTGCGAACTG-1,5
AAACGTGTTCGCCCTA-1,
AAACTAACGTGGCGAC-1,
AAACTCGGTTCGCAAT-1,5
AAACTCGTGATATAAG-1,4
AAACTGCTGGCTCCAA-1,2
AAACTTAATTGCACGC-1,
AAACTTGCAAACGTAT-1,2
AAAGACATGAAGTTTA-1,
AAAGACCCAAGTCGCG-1,
AAAGACTGGGCGCTTT-1,
AAAGCTTGCCTACATA-1,
AAAGGCCCTATAATAC-1,2
AAAGGCTACGGACCAT-1,
AAAGGCTCTCGCGCCG-1,
AAAGGGATGTAGCAAG-1,
AAAGGGCAGCTTGAAT-1,
AAAGGTAAGCTGTACC-1,
AAAGGTCAACGACATG-1,
AAAGTAGCATTGCTCA-1,2
AAAGTCACTGATGTAA-1,
AAAGTCGACCCTCAGT-1,
AAAGTGTGATTTATCT-1,2
AAAGTTGACTCCCGTA-1,2
AAATAACCATACGGGA-1,
AAATAAGGTAGTGCCC-1,4
AAATACCTATAAGCAT-1,2
AAATAGCTTAGACTTT-1,
AAATAGGGTGCTATTG-1,2
AAATCCGATACACGCC-1,
AAATCGTGTACCACAA-1,2
AAATCTAGCCCTGCTA-1,2
AAATGATTCGATCAGC-1,
AAATGCTCGTTACGTT-1,
AAATGGCATGTCTTGT-1,
AAATGGCCCGTGCCCT-1,2
AAATGGTCAATGTGCC-1,
AAATGTATCTTATCCC-1,
AAATGTGGGTGCTCCT-1,
AAATTAACGGGTAGCT-1,
AAATTAATAAGCGCGA-1,
AAATTACACGACTCTG-1,
AAATTACCTATCGATG-1,
AAATTCCAGGTCCAAA-1,
AAATTGATAGTCCTTT-1,
AAATTGCGGCGGTTCT-1,
AAATTGGTGAGAAGCA-1,
AAATTTACCGAAATCC-1,
AAATTTGCGGGTGTGG-1,2
AACAACTGGTAGTTGC-1,
AACAATACATTGTCGA-1,
AACAATTACTCTACGC-1,
AACACACGCTCGCCGC-1,2
AACACGACTGTACTGA-1,
AACACGAGACGCGGCC-1,
AACACGCGGCCGCGAA-1,
AACAGCTGTGTGGCAA-1,
AACAGGAAATCGAATA-1,
AACAGGATGGGCCGCG-1,2
AACAGGTAGTATGGAT-1,2
AACATATCAACTGGTG-1,
AACATCGATACGTCTA-1,
AACATTGAAGTTGATC-1,
AACATTGTGACTCGAG-1,5
AACCAAGACTTCTCTG-1,2
AACCAGTATCACTCTT-1,
AACCATAGGGTTGAAC-1,
AACCATGGGATCGCTA-1,
AACCCAGAGACGGAGA-1,
AACCCATCCCATGATC-1,2
AACCCGACAACCCGTG-1,5
AACCCGAGCAGAATCG-1,2
AACCCGATAGGGCTTC-1,4
AACCCTACTGTCAATA-1,
AACCCTGGTGGAACCA-1,
AACCGAGCTTGGTCAT-1,
AACCGCTAAGGGATGC-1,2
AACCGTTGTGTTTGCT-1,
AACCTAAAGCCGTCCG-1,
AACCTCGCTTTAGCCC-1,3
AACCTGTCACGGAATT-1,
AACCTTTAAATACGGT-1,
AACCTTTACGACGTCT-1,
AACGAAAGTCGTCCCA-1,2
AACGATAATGCCGTAG-1,
AACGATAGAAGGGCCG-1,
AACGATATGTCAACTG-1,
AACGCATGATCTGGGT-1,4
AACGCGAACGGCAACA-1,
AACGCGACCTTGGGCG-1,5
AACGCGGTCTCCAGCC-1,
AACGCTGTTGCTGAAA-1,2
AACGGACGTACGTATA-1,2
AACGGCCATCTCCGGT-1,2
AACGTACTGTGGGTAC-1,2
AACGTCAGACTAGTGG-1,2
AACGTGATGAAGGACA-1,
AACGTGCGAAAGTCTC-1,
AACGTTATCAGCACCT-1,
AACTACCCGTTTGTCA-1,
AACTAGCGTATCGCAC-1,
AACTAGGCTTGGGTGT-1,3
AACTCAAGTTAATTGC-1,2
AACTCCAGAGCGTGTT-1,
AACTCCTAATCCCATG-1,
AACTCGATGGCGCAGT-1,
AACTCTCAATAGAGCG-1,
AACTCTCAGTGTGCTC-1,
AACTGAGGTCAGCGTC-1,
AACTGATATTAGGCCT-1,
AACTGGGTCCCGACGT-1,
AACTGGGTTCGAGCCG-1,
AACTGGTGTGGGCCTT-1,
AACTTCTGCGTCTATC-1,
AACTTGCCCGTATGCA-1,
AACTTGCGTTCTCGCG-1,
AACTTTACGGGAGCTT-1,
AACTTTAGCTGCTGAG-1,
AACTTTCTCGATCATG-1,4
AAGAAATCACCAGATT-1,4
AAGAAGGATCAGTTAG-1,
AAGACCCAACTGAACA-1,
AAGACTAACCCGTTGT-1,
AAGACTCACGCCCACT-1,
AAGACTGCAAGCTACT-1,
AAGAGATGAATCGGTA-1,
AAGAGCTCTTTATCGG-1,
AAGAGGATGTACGCGA-1,
AAGAGGCATGGATCGC-1,
AAGAGGCCCTTTGGAA-1,2
AAGATGGCACCGGACC-1,
AAGATTGGCGGAACGT-1,
AAGCACCCTGCGTATC-1,3
AAGCATACTCTCCTGA-1,
AAGCCGAAGCGGTTTA-1,2
AAGCCGCCGTGAAATC-1,2
AAGCCGCTTTACCTTG-1,4
AAGCGCAGGGCTTTGA-1,5
AAGCGGAGTGCGCGCA-1,4
AAGCGGCGTCATGGGT-1,
AAGCGTCCCTCATCGA-1,
AAGCTAGATCGAGTAA-1,2
AAGCTCGTGCCAAGTC-1,
AAGCTCTTTCATGGTG-1,
AAGGAGAACTTATAAG-1,
AAGGAGCGGTTGGTGC-1,
AAGGATCGATCGCTTG-1,
AAGGATGAGGGACCTC-1,4
AAGGCAGGCTGTCTCC-1,
AAGGCGCGTAAAGCTT-1,2
AAGGCTGTGCTCATCG-1,2
AAGGGAACGACTGGCT-1,
AAGGGACAGATTCTGT-1,
AAGGGACTATGCATTC-1,2
AAGGTATCCTAATATA-1,
AAGGTGATAAACCAGC-1,2
AAGTAGAAGACCGGGT-1,
AAGTAGTGACGCGAGG-1,2
AAGTCAATTGTCGTCA-1,2
AAGTCTAGTAGCTGCC-1,4
AAGTGACGACCGAATT-1,2
AAGTGAGTCGGGTTTA-1,
AAGTGCAAAGGTAGAC-1,
AAGTGCCTTGACTGTA-1,
AAGTGCGTTAGAATCT-1,2
AAGTGCTTCTCTATTG-1,
AAGTGTTTGGAGACGG-1,2
AAGTTCACTCCAAGCT-1,
AAGTTCAGTCTGCGTA-1,
AAGTTCGGCCAACAGG-1,2
AAGTTGTGATGTTATA-1,2
AAGTTTACTAATGGCA-1,
AAGTTTATGGGCCCAA-1,5
AATAACAACGCTCGGC-1,2
AATAACACTAGAACAA-1,2
AATAAGTCCTCGAGAC-1,
AATAATCTTCGTATCG-1,
AATACAATGTTTCAGG-1,
AATACCGGAGGGCTGT-1,
AATAGAACAGAGTGGC-1,
AATAGAATCTGTTTCA-1,2
AATAGCAAGCCTCCTG-1,
AATAGCTACCGCGTGC-1,
AATAGTCCGTCCCGAC-1,3
AATAGTCGCGAGTCGG-1,
AATATCAAGGTCGGAT-1,
AATATCGAATCAATGC-1,2
AATATCGAGGGTTCTC-1,
AATATTGGAGTATTGA-1,2
AATCAGACTGCAGGAC-1,4
AATCAGGTTTCATTTA-1,3
AATCATGTAAAGACTC-1,2
AATCCAAGGGCCTGAG-1,
AATCCATGCAAGGGTG-1,
AATCGCCTCAGCGCCA-1,
AATCGCGCAGAGGACT-1,
AATCGGGACACTACGA-1,
AATCGTGAGCCGAGCA-1,
AATCTAGGTTTACTTG-1,2
AATCTATGCCGGAGCC-1,4
AATCTCTACTGTGGTT-1,
AATCTGCGTTGGGACG-1,
AATCTGGCTTTCTAGT-1,2
AATCTGGGTAGACCCT-1,
AATGACAGCAATGTCT-1,2
AATGACGTAGGATGTC-1,2
AATGACTGTCAGCCGG-1,
AATGAGTTCGCATATG-1,
AATGATGATACGCTAT-1,
AATGATGCGACTCCTG-1,4
AATGCAACCGGGTACC-1,
AATGCACCAAGCAATG-1,4
AATGGCCGCCAATGCG-1,4
AATGGTCCACCGTTCA-1,
AATGGTTCTCACAAGC-1,
AATGTGCCCGAGGTGT-1,2
AATGTGCTAATCTGAG-1,
AATTAAAGGTCGGCGT-1,
AATTAACGGATTTCCA-1,
AATTAGCGCTGCAGCG-1,2
AATTCATAAGGGATCT-1,
AATTCATTGTCATGCA-1,2
AATTCCAAGCATGTAC-1,5
AATTCGATTCGAGGAT-1,5
AATTCTAGAGTTAGGC-1,2
AATTGAACGCTCTGGT-1,2
AATTGCAGCAATCGAC-1,
AATTTGGGACATAGTA-1,
AATTTGGTTCCAAAGA-1,
ACAAACCATGCGTCCT-1,2
ACAAACCGACAAGGCG-1,
ACAAAGCATGACCTAG-1,
ACAAATCGCACCGAAT-1,2
ACAAATGGTAGTGTTT-1,2
ACAAATTCAGATCTGA-1,
ACAACAGCATGAGCTA-1,
ACAACGGTCCCTGCGA-1,
ACAAGCAGTGCCTAGC-1,
ACAAGCTATATGGAAG-1,
ACAAGGAAATCCGCCC-1,2
ACAAGGACAAGAGGTT-1,2
ACAAGGATGCTTTAGG-1,3
ACAAGGCCTACCAGCC-1,
ACAAGGGCAGGCTCTG-1,2
ACAATAGTCGTACGTT-1,2
ACAATCCATTTAAACC-1,2
ACAATCGATCTTTATA-1,4
ACAATGAATACGGAGA-1,
ACAATGATTCTTCTAC-1,
ACAATTGTGTCTCTTT-1,2
ACAATTTAGGAGGCTC-1,
ACAATTTGAGCAGTGG-1,
ACAATTTGGCCATATT-1,
ACACAAAGACGGGTGG-1,
ACACAAATATTCCTAG-1,4
ACACACCAGGACCAGT-1,2
ACACACTTTCTACACG-1,
ACACATGATCAAATCT-1,2
ACACATTGACGCAACA-1,4
ACACCACATAATTAGC-1,4
ACACCCAGCATGCAGC-1,
ACACCCGAGAAATCCG-1,
ACACCGGTCTGACCGC-1,2
ACACCTTAAGTAGGGC-1,
ACACCTTACTACTTGC-1,
ACACGAGACTCCTTCT-1,
ACACGGCACTATGCAT-1,
ACACGGGAACTTAGGG-1,
ACACGTAGGCCACAAG-1,2
ACACTCCAATGTCACT-1,
ACACTGATCAAGGTGT-1,
ACACTGGGACAGTCGT-1,2
ACAGAACTGAGAACAA-1,2
ACAGATTAGGTTAGTG-1,4
ACAGCATAGAGCCAGT-1,
ACAGCGACATTCTCAT-1,2
ACAGCGCACCCGCAGC-1,
ACAGGCTTGCCCGACT-1,2
ACAGGTGGAGGTGAGG-1,2
ACAGGTGTGTTGTTGC-1,
ACAGTAATACAACTTG-1,2
ACAGTGCAGCGCATTT-1,
ACATAAGTCGTGGTGA-1,
ACATAATAAGGCGGTG-1,
ACATCAGCTGGGACGC-1,
ACATCCCGGCCATACG-1,
ACATCCTGGTAACTGT-1,
ACATCGATCGTTTACC-1,2
ACATCGGTCAGCCGCG-1,2
ACATCGTATGCAATGG-1,2
ACATCGTTAACCTAGT-1,4
ACATCTCAACGCGTAA-1,
ACATGGCGCCAAAGTA-1,
ACATTAGTTTATATCC-1,
ACCAAACACCCAGCGA-1,
ACCAAACTAGAAATCC-1,
ACCAACACCACACACT-1,
ACCAACCGCACTCCAC-1,
ACCAACGCTTATTTAT-1,
ACCAAGAACGCGTGTC-1,
ACCAATATGCAAGTTA-1,
ACCACAACTCAGAACA-1,
ACCACAAGTTTCTATC-1,2
ACCACCAATGTAACAA-1,
ACCACCCTCTCTTCTA-1,
ACCACGTGCAGCTATA-1,2
ACCAGCCCGGTCTTTG-1,
ACCAGGAGTGTGATCT-1,
ACCAGTGCCCGGTCAA-1,
ACCAGTGCGGGAGACG-1,2
ACCATATCCGCAATAA-1,2
ACCATCCGCCAACTAG-1,2
ACCATCGTATATGGTA-1,2
ACCCAACGCCCGTGGC-1,
ACCCACCTACATGCTC-1,
ACCCATCTTGAGGGTA-1,2
ACCCATTTGTCCCTCT-1,
ACCCGAGCGAAATTAC-1,
ACCCGATTGGTTCCGA-1,
ACCCGGAAACTCCCAG-1,
ACCCGGATGACGCATC-1,
ACCCGGTTACACTTCC-1,2
ACCCGTGTCATCAGTA-1,3
ACCCTATAGGACTGAG-1,
ACCCTATGCCATATCG-1,
ACCCTCCCTTGCTATT-1,2
ACCCTGGTAACGCCCT-1,4
ACCCTTCATCTGCGAA-1,
ACCCTTGCCTGGGTCG-1,4
ACCCTTTAGTTCTCCA-1,
ACCGAAAGGGCCCTGC-1,
ACCGAAGAGTCTGGTT-1,2
ACCGACACATCTCCCA-1,
ACCGACTGAGTCCCAC-1,
ACCGATAGGCATAACC-1,2
ACCGATATTTAATCAT-1,
ACCGATGGTAGCATCG-1,
ACCGCAATAACTGCCT-1,2
ACCGCGGTGGAAGTCG-1,
ACCGGGCCTTTGTTGA-1,2
ACCGGTCAGGTACACC-1,2
ACCGGTCTGAGTACGG-1,
ACCGTGACCACGTGGG-1,
ACCGTTCCCGCTCTGA-1,
ACCTAAGTACCTTTCA-1,2
ACCTAATCGACTTCCT-1,
ACCTACAGTATGTGGT-1,
ACCTACTATAAATCTA-1,
ACCTCCGCCCTCGCTG-1,2
ACCTCCGTTATTCACC-1,4
ACCTCGAACTTATGCT-1,2
ACCTGCGTGTCATGTT-1,2
ACGAAATGGGCGGCAC-1,2
ACGACTGGTCATACTC-1,
ACGAGAACCCATCACG-1,
ACGAGATATTTGCTTA-1,
ACGAGGATACCACTCT-1,2
ACGAGGTTTACAACGT-1,2
ACGAGTACGGATGCCC-1,4
ACGATACATAGAACTA-1,
ACGATACCTATCCTGA-1,
ACGATCATACATAGAG-1,
ACGATCATCTTGTAAA-1,
ACGATGCATATGTTAT-1,2
ACGATGGATCCGATGC-1,
ACGCAAACTAATAGAT-1,
ACGCAATCACTACAGC-1,4
ACGCATAAATGACATG-1,
ACGCATACGTTTACTA-1,2
ACGCATTCGTGAGTAC-1,
ACGCCAGATGATTTCT-1,
ACGCCCAGCTGTCGAT-1,
ACGCCGCTAGACGACC-1,2
ACGCGAAGTCAGACGA-1,2
ACGCGCTACACAGGGT-1,2
ACGCGGGCCAAGGACA-1,
ACGCGTTTCTTAAGAG-1,
ACGCTAGTGATACACT-1,
ACGCTGTGAGGCGTAG-1,
ACGCTTAGTGTCTCTC-1,
ACGGAATTTAGCAAAT-1,
ACGGACTCTCAAAGCG-1,
ACGGAGCGCAAATTAC-1,4
ACGGATGGTGCGGATA-1,
ACGGCACTTGCTTGGG-1,
ACGGCCAACATGGACT-1,3
ACGGCGACGATGGGAA-1,2
ACGGCGGGTTGCCCTG-1,
ACGGCTGGATGTAGAA-1,
ACGGGAGTGTCGGCCC-1,2
ACGGGCGTATGCGACA-1,4
ACGGGTCATGTGACTT-1,
ACGTACAGATTTCTCT-1,
ACGTAGATTGCTGATG-1,
ACGTATTACTCCGATC-1,2
ACGTGCGCCTCGTGCA-1,
ACGTGGTCGAATGTGC-1,
ACGTTAATGTCGAAGA-1,
ACGTTAGATTTGCCCG-1,2
ACGTTATTGGTCACTC-1,
ACGTTCCGCGCTCCGT-1,
ACGTTCGCAATCAATT-1,4
ACGTTCGTTCAGGAAA-1,
ACGTTCTGTACAAGTC-1,
ACGTTTAGTTGTGATC-1,
ACTAAGGACGCACACC-1,4
ACTAATACGTCAGGCG-1,
ACTACATCCCGACAAG-1,2
ACTACCAGCTCTCTGG-1,
ACTACGCGTTAGAATT-1,
ACTAGTTGCGATCGTC-1,
ACTATATGCTGTGTTC-1,
ACTATCCAGGGCATGG-1,
ACTATCTGCCCGCGTA-1,
ACTATGTCCAGCTGCC-1,2
ACTATTCGTCCGTGGT-1,
ACTATTTCCGGGCCCA-1,
ACTCAACGAATGTATT-1,
ACTCAAGTGCAAGGCT-1,
ACTCAATAAAGGCACG-1,
ACTCAGACCTGCTTCT-1,
ACTCATGGCAGCCTTC-1,
ACTCCAATATCATCAT-1,
ACTCCCATTCCTAAAG-1,2
ACTCCCGAATTCGTTT-1,
ACTCCCTAATGCTAAA-1,3
ACTCCCTAGAATAGTA-1,2
ACTCGATGTATTTCAT-1,
ACTCGTAACCCGTCCT-1,2
ACTCGTCAGTAATCCC-1,
ACTCTAAACCTGGGAT-1,
ACTCTCTGACTTAGGT-1,
ACTCTCTTATACACGA-1,
ACTCTTCAGCTCCCGC-1,4
ACTCTTGTATAGTAAC-1,
ACTGAAACGCCGTTAG-1,
ACTGAATGGCGAAAGT-1,2
ACTGATTTAGTGATTC-1,
ACTGCCCGCCATTCTC-1,
ACTGCCGTCGTAACTC-1,
ACTGCGGACACACCGT-1,
ACTGCTCGGAAGGATG-1,2
ACTGGCGAACCTGCGT-1,4
ACTGTACGATACACAT-1,
ACTGTAGCACTTTGGA-1,
ACTGTATACGCGAGCA-1,
ACTGTCCAGGATTATA-1,
ACTGTCTTCTTTAGAA-1,
ACTGTGCTAGTAGATC-1,
ACTGTTTAGTGTAGGC-1,
ACTTACCGGGCGCGCA-1,
ACTTACGCATCCACGC-1,
ACTTAGTACGACAAGA-1,
ACTTATACTTACCCGG-1,
ACTTATTAGGATCGGT-1,2
ACTTATTTATGTGCCA-1,2
ACTTCAGGCTGATCCC-1,2
ACTTCCATGCGGGACA-1,3
ACTTCGCCATACGCAC-1,
ACTTGACTCCCTCTTT-1,2
ACTTGCCATATTGTAC-1,
ACTTGGGACCCGGTGG-1,
ACTTGTAGTCCCTTCA-1,2
ACTTGTGGATGGAACG-1,2
ACTTTACCCTCATGAA-1,
ACTTTCCTATAGCTTC-1,
ACTTTGACTGCATCCT-1,
ACTTTGGTCGTGCTCC-1,2
ACTTTGTCGACGCACT-1,2
AGAAATTATGACTCGC-1,
AGAACCCAGCGTGACA-1,
AGAACCCTCAATTGGG-1,
AGAACGTGGTACATTC-1,
AGAAGAGCGCCGTTCC-1,
AGAAGGTACACTTCAC-1,2
AGAAGGTTGCCGAATT-1,2
AGAAGGTTGTAGGTCG-1,5
AGAAGTGATTCGTGAT-1,2
AGAATAAATCTTCAGG-1,
AGAATGCGGGTTCGGA-1,4
AGAATTATGGATTCGA-1,
AGAATTGTTTGACATA-1,
AGACAGCTCAGAATCC-1,
AGACAGGCATCTCAGC-1,2
AGACATAGATCCTTCC-1,
AGACCAAACCACACCT-1,
AGACCATGGGATACAA-1,
AGACCCACCGCTGATC-1,2
AGACCCGCCCTCCTCG-1,
AGACCGCTCCGCGGTT-1,2
AGACCGGGAAACCCTG-1,
AGACGAAGTGCCGGTC-1,2
AGACGACGATGCCGCT-1,2
AGACGCCCACTTCGCC-1,2
AGACGGGATTGGTATA-1,
AGACGGGCCGATTTAA-1,
AGACTAGCCTTCCAGA-1,2
AGACTGTTACCGGGTC-1,
AGAGAAACACCAGAAA-1,
AGAGAACCGTCTAGGA-1,
AGAGAAGGAGTACAAT-1,
AGAGATCTCTAAAGCG-1,2
AGAGCAGTTATGAGAC-1,
AGAGCCGCCGAGATTT-1,2
AGAGCGCTTGTAACGG-1,4
AGAGCGGGCTAATCAT-1,
AGAGCGTACAAGCTCG-1,
AGAGCTACGAAAGCAT-1,4
AGAGGCTTCGGAAACC-1,2
AGAGGGACAATTGTCC-1,
AGAGGTATCTCGGTCC-1,4
AGAGTAAACTTCACTA-1,2
AGAGTATAGTGTTACG-1,
AGAGTGAACAGACACC-1,
AGAGTTAGAGACCGAT-1,
AGAGTTGCAGGCCTCC-1,4
AGATAACTTCAGGGCC-1,2
AGATACCAATAGAACC-1,
AGATACCAGCACTTCA-1,
AGATACCGGTGTTCAC-1,2
AGATACGACTTCATAT-1,
AGATACTCAAGATCGA-1,2
AGATATAATACGACTA-1,5
AGATCGTGCATAAGAT-1,4
AGATCTCAGGTGTGAT-1,
AGATGACTCGCCCACG-1,
AGATGAGGGTTGCGAT-1,
AGATGATGGAGTCTGG-1,
AGATGCAAGACGTGCA-1,2
AGATTATAGGACGTTT-1,2
AGATTCAAGCGGGTCG-1,
AGATTCACAACCGATA-1,2
AGCAAAGGCCGCTAGT-1,
AGCAACATATCTTATT-1,
AGCAACCGAAAGTAAT-1,2
AGCACACGTTTAGACT-1,2
AGCACCAGTACTCACG-1,
AGCACTACCGGCCTGT-1,2
AGCACTACCTCACCAG-1,2
AGCACTTAAGGACGCC-1,
AGCAGAAGGAGAAAGA-1,
AGCAGCCAGATGAATA-1,3
AGCATATCAATATGCT-1,2
AGCATCATTTCGAAAG-1,2
AGCATCGTCGATAATT-1,
AGCCAAGCTTTGTGTC-1,
AGCCACAGGTTACCCG-1,
AGCCACTCCCGTGCTT-1,
AGCCCATACATGTAAG-1,2
AGCCCGCAACAAGCAG-1,
AGCCCGGCATTAGAGG-1,2
AGCCCGGTAGCCTGTA-1,
AGCCCTAAGCGAAGTT-1,
AGCCCTCCCTGGTGGC-1,
AGCCCTGTCGCACCGT-1,
AGCCCTTCTAATCCGA-1,
AGCCCTTGGACATCCC-1,2
AGCCGTGGCTAAATGT-1,2
AGCCTAATACCCACGT-1,2
AGCCTTAAAGCGGAAG-1,
AGCGACAGGAACGGTC-1,2
AGCGACATCCCATTCA-1,
AGCGACCAACGATATT-1,
AGCGAGACGTGAAGGC-1,
AGCGATGCGCCTAATA-1,2
AGCGCATAATGAATCG-1,
AGCGCGGGTGCCAATG-1,
AGCGCTAGAGCGATGT-1,
AGCGCTTATGGGCAAG-1,
AGCGGACACTTCGTAG-1,
AGCGGCGGTTAGCGGT-1,
AGCGGGAAGGGTCCAT-1,
AGCGGGTCTGACACTC-1,5
AGCGGTTGAGATGTAC-1,
AGCGGTTGCCGCTCTG-1,
AGCGTACGAGAGCTAG-1,
AGCGTAGCGCTAGACC-1,4
AGCGTGGTATTCTACT-1,2
AGCGTTCCGATTTAAA-1,
AGCTAACAAGCAATGT-1,3
AGCTAAGTACGCAGGC-1,
AGCTAGAAGCAGAAGT-1,4
AGCTATTTAATCCAAC-1,
AGCTCCATATATGTTC-1,2
AGCTCCTTCGCACATC-1,2
AGCTCGTTGATGGAAA-1,4
AGCTCTAGACGTTCCA-1,
AGCTCTTCCCAGTGCA-1,
AGCTCTTCGTAACCTT-1,
AGCTCTTTACTCAGTT-1,2
AGCTGAAGTAAACCAA-1,
AGCTGCATTTGAGGTG-1,
AGCTGCTGTGCCGAAT-1,
AGCTGTAACCTCAATC-1,2
AGCTTATAGAGACCTG-1,
AGCTTCAATACTTTGA-1,
AGCTTGATCTTAACTT-1,2
AGGAACGAACGACTTC-1,2
AGGAAGCTGTCCGCCG-1,
AGGACAGTCGAATCCC-1,2
AGGACATCGCACGTCG-1,
AGGACGACCCATTAGA-1,2
AGGACGCTCGATGTTG-1,
AGGAGACATCCACAGT-1,
AGGAGGCCTTCGCGCG-1,2
AGGATAAAGTCGGGAT-1,
AGGATATAGGGATTTA-1,2
AGGATCACGCGATCTG-1,2
AGGATTGCTTACGACA-1,4
AGGCACGTGACTGTCC-1,2
AGGCAGATGCGTAAAC-1,4
AGGCAGGGAGCGTACT-1,
AGGCATTGTCGTAGGG-1,2
AGGCCACCCGTTATGA-1,2
AGGCCCATTGTACAGG-1,
AGGCCCTAGAACGCCA-1,2
AGGCCTGAGAATCTCG-1,
AGGCGATAACTGGCGT-1,2
AGGCGGTTTGTCCCGC-1,2
AGGCGTCTATGGACGG-1,4
AGGCTATGGTTAGCTT-1,2
AGGCTTCCCGAAGAAG-1,
AGGCTTGCTAGACACC-1,
AGGGAAACGAGGTACT-1,
AGGGACCGGCTGCGTT-1,
AGGGACTCTACGCGAC-1,
AGGGAGACATACTTCG-1,4
AGGGCAGCGGCGTGGT-1,4
AGGGCGAGCAGCTGAT-1,2
AGGGCGTGATCGGCTA-1,
AGGGCTGCAGTTACAG-1,
AGGGTCAGAGCACTCG-1,
AGGGTCAGTAACCCTA-1,4
AGGGTCGATGCGAACT-1,
AGGGTGCCGTTCTTTA-1,
AGGGTGCTCTCGAGGG-1,
AGGGTGGATAGTGCAT-1,
AGGGTGTGCTACACGC-1,4
AGGGTTCAGACGGTCC-1,
AGGGTTCCCTTTGGTT-1,
AGGGTTTAGTTCGGGA-1,
AGGTAACCTCCTATTC-1,
AGGTACGATATTGCCA-1,
AGGTAGATCGAGATAT-1,
AGGTAGGTACAAAGCT-1,2
AGGTATAATTGATAGT-1,
AGGTATGCGGACATTA-1,
AGGTCAGGTGAGAGTG-1,
AGGTCGCCACTTCGGT-1,4
AGGTCGCCTCCCAACA-1,2
AGGTCGCGGAGTTACT-1,4
AGGTGGTGACCTTCGC-1,5
AGGTGTATCGCCATGA-1,
AGGTTACACCATGCCG-1,
AGGTTGAGGCACGCTT-1,4
AGGTTTCACACACCTT-1,2
AGTAACGTTCATCCTG-1,
AGTAATGTCTTGCCGC-1,
AGTACATCATTTATCA-1,
AGTACCTTCGAGTGCT-1,
AGTACGGCCCGTATCG-1,
AGTACGGGCACCTGGC-1,
AGTACGTGGCCTGTCT-1,
AGTACTCTTATGCCCA-1,2
AGTAGCGTGAACGAAC-1,
AGTAGCTAGACGCCGA-1,
AGTAGGAAGGAAGTTG-1,
AGTAGGTAACATACAT-1,
AGTATAATACTAGGCA-1,
AGTATACACAGCGACA-1,5
AGTATCCATAATAACG-1,4
AGTATGCTGGAGACCA-1,2
AGTATTTGGCACGACC-1,
AGTCAAATGATGTGAT-1,
AGTCAACACCACCATC-1,2
AGTCAAGATGACACTT-1,2
AGTCACTAGCTCTCGA-1,2
AGTCACTCCGCCTCAT-1,
AGTCAGCCACCGCCTG-1,
AGTCCAGCGGGTACGT-1,
AGTCCATTGGCTGATG-1,
AGTCCCGCCTTTAATT-1,
AGTCGACGGTCTCAAG-1,
AGTCGGCCCAAACGAC-1,
AGTCGGCTCAACTTTA-1,
AGTCGGTTGCGTGAGA-1,
AGTCGTATAAAGCAGA-1,
AGTCGTCGACCACCAA-1,
AGTCGTGGGCATTACG-1,2
AGTCTAAAGTATACTC-1,
AGTCTCACAAGACTAC-1,2
AGTCTGGACATCCTTG-1,
AGTCTTCTCCTCAAAT-1,
AGTCTTTAAAGTGTCC-1,5
AGTGAACAAACTTCTC-1,
AGTGACCTACTTTACG-1,2
AGTGACTGTGACACAA-1,2
AGTGAGACTTCCAGTA-1,
AGTGAGCCTCGCCGCC-1,
AGTGAGGGTTTCTGAC-1,
AGTGATAACCTGCGCG-1,
AGTGATATGAGTAGTT-1,2
AGTGATTCAAGCAGGA-1,
AGTGCACGCTTAAGAA-1,2
AGTGCGTAGCTCGTAA-1,2
AGTGCTAAACACAGCA-1,
AGTGCTTGCACGAATA-1,
AGTGGCGGCAATTTGA-1,
AGTGGCGTCTGAAGGT-1,3
AGTGGCTCCGTCGGCC-1,
AGTGGTGTTACCCGTG-1,
AGTGTATTGCGCATTG-1,
AGTGTGCTAAGATCGC-1,
AGTGTGGTCTATTGTG-1,
AGTTAAACACTTGCGA-1,2
AGTTAAGCGGTCCCGG-1,
AGTTAAGTCAACCGCT-1,2
AGTTACCCTTAAGACT-1,
AGTTACCGCACATGGT-1,
AGTTACTCTATCGTGG-1,
AGTTATTGAAAGGTAA-1,
AGTTCACCGGTTGGAC-1,
AGTTCCTACAGAATTA-1,
AGTTCCTATTTATGTT-1,2
AGTTCTGCGTTGTATC-1,
AGTTGACATCGGCTGG-1,
AGTTGACGGTCCTTGC-1,
AGTTGCTGACTGATAT-1,
AGTTTATGTAAAGACA-1,4
AGTTTCGCAGGTCGGA-1,
AGTTTGCACCTGCCTC-1,3
AGTTTGGCACGGGTTG-1,
AGTTTGGCCAGACCTA-1,2
ATAAACGGACCCGTAA-1,2
ATAAACGTTGCACCAC-1,2
ATAAAGGCTCGGTCGT-1,2
ATAAAGGTCAAGTACG-1,
ATAAATATTAGCAGCT-1,
ATAACGCCGGAGGGTC-1,
ATAACGGAGTCCAACG-1,
ATAACGTTACCTCCAC-1,4
ATAAGCAAACACCGAG-1,4
ATAAGGTGGAGAACAT-1,2
ATAAGTACCCGATTGT-1,
ATAAGTAGGATTCAGA-1,4
ATAAGTAGGGCGACTC-1,
ATAAGTTACCGCGACG-1,2
ATAATACCGTTAGCCG-1,
ATAATAGCTGTTGAAT-1,2
ATAATAGTGTAGGGAC-1,
ATAATCTTGGAGAACC-1,
ATAATTAGCTAAGTAG-1,
ATACAGGCCCTCCAAT-1,
ATACCACGGGCAACTT-1,2
ATACCAGCAAATTGCT-1,
ATACCAGGCTAATAGA-1,
ATACCAGGTGAGCGAT-1,
ATACCGTCATCCATAA-1,4
ATACCTAACCAAGAAA-1,
ATACGAAGGCTTTCCA-1,
ATACGACAGATGGGTA-1,
ATACGCCGGCGAAACC-1,
ATACGGAACGTCGTTT-1,2
ATACGGGTTTCGATTG-1,
ATACGGTGAAGATGCA-1,
ATACGTACTTAGCCAC-1,
ATACGTCCACTCCTGT-1,2
ATACGTTATGCACGGA-1,
ATACTACCCGTACCAC-1,2
ATACTAGCATGACCCT-1,
ATACTCTCGCCACTCT-1,
ATACTGCCTTACACCG-1,
ATACTTGTTCTCGAGC-1,
ATAGACAACGGGACCT-1,
ATAGACGAAGAGAAAG-1,2
ATAGAGTACTGGGACA-1,
ATAGAGTTATCAACTT-1,
ATAGCAACTAGGGAAG-1,
ATAGCCTCAGTACCCA-1,
ATAGCTGCTCTTGTTA-1,
ATAGGAATCTAAGCTT-1,
ATAGGCGGCTATAGAA-1,2
ATAGGCTAGCTTCGCA-1,4
ATAGGGATATCCTTGA-1,
ATAGGTTGGGCAGATG-1,
ATAGTCTTTGACGTGC-1,
ATAGTGAAGCGTTCTC-1,2
ATAGTTCCACCCACTC-1,2
ATATAAAGCGCTCGTG-1,
ATATAAATGTAGCTGC-1,
ATATAACACGGGCGCA-1,
ATATACGCTCGTGACG-1,2
ATATAGAGTATTGGTC-1,2
ATATCAACCTACAGAG-1,
ATATCGGTAGGGAGAT-1,
ATATCGTGCCAGACCC-1,
ATATCGTTCCTCGAAC-1,
ATATCTCCCTCGTTAA-1,
ATATCTTAGGGCCTTC-1,
ATATGTCTCCCTAGCC-1,
ATATGTGCACAAACCA-1,4
ATATTCAGTTAAACCT-1,2
ATATTCCACATAGTGA-1,2
ATATTCCCACAGGTCA-1,
ATATTGCTGTCAAAGT-1,
ATATTGGAGAGGCCTT-1,2
ATATTTAACCCTCAAG-1,
ATCAAACACTGTTCCA-1,2
ATCAAACGAAGGTTTG-1,2
ATCAAGATCCCAGGAC-1,2
ATCAATCTGGGCTGCA-1,
ATCAATGCCGTGGCTG-1,
ATCACATTAGAATATC-1,
ATCACGTGCTAATTAA-1,2
ATCACTTCATCCTCGC-1,
ATCAGACGGCACGCCG-1,2
ATCAGCCTCATGCTGC-1,
ATCAGCTCGTCCACTA-1,2
ATCAGGTCGCCATTGC-1,
ATCAGTAGGCAGGGAT-1,
ATCATAGCCCTATGTA-1,2
ATCATCCAATATTTGT-1,2
ATCATCTGCCCAGTGT-1,
ATCCAACGCAGTCATA-1,2
ATCCAATGGAGGGTCC-1,2
ATCCACATCGACAGAA-1,
ATCCACGCTAAATGTT-1,
ATCCACTTTCAGACTA-1,4
ATCCAGAGCAACAACC-1,
ATCCAGGATTCGTGAA-1,2
ATCCCATCCACAGCGC-1,2
ATCCTACCTAAGCTCT-1,2
ATCCTGAATCGCTGCG-1,2
ATCCTGCGTGGAATGG-1,2
ATCCTGCTGCAGATAG-1,
ATCGACCCAATACAGA-1,2
ATCGACTCTTTCCGTT-1,
ATCGCACGATTGTTCA-1,4
ATCGCACGCCGGGAGA-1,
ATCGCCAGTCAACATT-1,2
ATCGCTGCGTGCAGCA-1,4
ATCGCTTTACGTCTCA-1,4
ATCGGAGACAGACGGC-1,
ATCGGCAAGCAGTCCA-1,4
ATCGGTTACCTAGTAA-1,
ATCGTATTCCGAGAAC-1,
ATCGTGGAAAGTCTGG-1,2
ATCGTTAGCTAGCGGA-1,
ATCGTTCACTTTCGCC-1,4
ATCTAATATCCTACGG-1,
ATCTAGCTTGTGAGGG-1,5
ATCTCATAAACCTACC-1,
ATCTCCCACGGAATAT-1,2
ATCTCCCTGCAATCTA-1,
ATCTCGTGAGCGAAAC-1,
ATCTGACATGGAAGGA-1,
ATCTGATAGTGTCTTA-1,
ATCTGCACCTCTGCGA-1,
ATCTGCTGTTATCGCC-1,5
ATCTGGGCTGTTCTTG-1,
ATCTGGTTAAGACTGT-1,
ATCTGTAATTGTACCC-1,
ATCTTATCGCACACCC-1,2
ATCTTGACCTGCAACG-1,
ATCTTGACTTGTCCAA-1,4
ATCTTTCGTATAACCA-1,
ATGAAGCCAAGGAGCC-1,
ATGAAGTGGACCCAGC-1,
ATGACGCCGGCTCTAA-1,
ATGACGCGTTCTATCC-1,2
ATGACTATCAGCTGTG-1,
ATGACTATGCGACATT-1,2
ATGAGGAGTGTTAATC-1,
ATGAGGGCAGCGGCTA-1,
ATGATCGGGAATAGAC-1,
ATGATGCAATGGTACA-1,2
ATGCACCTTCCTTAAT-1,
ATGCACGCGCTGTTCA-1,
ATGCACTACCGCATTG-1,
ATGCATGATCCAGGAT-1,
ATGCATTCCGTGATGG-1,
ATGCCAATCGCTCTGC-1,
ATGCCATTTGCGACCA-1,2
ATGCCGGTCTTGCATA-1,
ATGCCGGTTGATGGGA-1,
ATGCGACAATTGGTCC-1,4
ATGCGACAGTCCCATT-1,
ATGCGAGTCCCACCAC-1,
ATGCTCAGTGTTGCAT-1,
ATGCTCTGGCGCGGTA-1,
ATGCTTAGGAGTTGAT-1,2
ATGGAAATTTAAGGAG-1,2
ATGGAACAGAATAAAC-1,
ATGGAACCTTTGCACA-1,
ATGGAGCAGGCCGTGA-1,
ATGGATCCGGCGTCCG-1,4
ATGGATTGACCAAACG-1,
ATGGCAGCATTACGAT-1,2
ATGGCAGCCGAGAAAC-1,
ATGGCTGGAAATGGCC-1,
ATGGGAACGGAAGCGG-1,
ATGGGACCTGCTGAAC-1,
ATGGGCCTCGGCCTCT-1,2
ATGGGTGTATACCTCC-1,2
ATGGTCGCGTGGTTTC-1,2
ATGGTGCTCAAAGCCA-1,
ATGGTTACGAAACATG-1,4
ATGTAAGGCTGCTCTT-1,4
ATGTACATGCGGTGAG-1,
ATGTACGATGACGTCG-1,5
ATGTAGCGCGCGTAGG-1,5
ATGTCATTTCCCATTG-1,4
ATGTGAAAGCCTAATG-1,
ATGTGCATCCGACGCA-1,
ATGTGGACATCTTGAT-1,2
ATGTGTAGTTTAGTCA-1,
ATGTTACGAGCAATAC-1,
ATGTTCCTGCCCACCT-1,
ATGTTCGTCGACCCAC-1,
ATGTTGATTAGAGACT-1,3
ATGTTGTAGTCTGTTT-1,5
ATGTTTGTAAGATCAT-1,
ATTAAACATGCGGACC-1,2
ATTAACACCTGAGATA-1,4
ATTAATACTACGCGGG-1,
ATTAATGAACCAGTCG-1,
ATTAATTCGGTCACTC-1,
ATTACAACTACCGGCC-1,
ATTACATGTCAGTCTT-1,2
ATTACCACACTGCCTG-1,
ATTACGCGCTGGCAGG-1,
ATTACTAGCCTCTTGC-1,
ATTACTTACTGGGCAT-1,4
ATTAGATTCCTCAGCA-1,4
ATTAGATTGATAGCGG-1,
ATTAGGCGATGCTTTC-1,
ATTATACTTTGCTCGT-1,
ATTATAGCTACTTTAC-1,4
ATTATCGGAATGTACG-1,
ATTATCTCGACAGATC-1,
ATTATGAGACCCAATT-1,
ATTATGCCATAGGGAG-1,
ATTATGCTCAGTATTG-1,4
ATTATTATGTCCGTCA-1,
ATTATTCAGAGTCACT-1,
ATTCAAAGTACCTGTT-1,4
ATTCAACCATTTAAGG-1,
ATTCACTGATGTTGGA-1,3
ATTCAGATGAATCCCT-1,
ATTCAGGACCTATTTC-1,4
ATTCAGGATCGCCTCT-1,
ATTCAGTAGCAGGGTC-1,
ATTCATATACTGTCCA-1,2
ATTCATCGTTGAGGCA-1,
ATTCCCACATAAACAA-1,
ATTCCTAAGACGTGGA-1,4
ATTCCTCCGCCAGTGC-1,
ATTCCTTCCAGGCGGT-1,
ATTCGACGCCGGGCCT-1,2
ATTCGCAGAGGACACT-1,4
ATTCGCGCCTTGAGAG-1,2
ATTCGTGCTATCTCTT-1,
ATTCTCGTCTCTTTAG-1,
ATTCTGAGTATGAACT-1,
ATTCTTCGTACTTATG-1,
ATTGAAGATCTTAGTG-1,2
ATTGACCGGCGATGAC-1,4
ATTGACGTAACTCGGT-1,
ATTGATAGCAACGAGA-1,
ATTGATCACCACATTT-1,2
ATTGATGAGTCCTAAC-1,
ATTGCCTATTAGACCG-1,2
ATTGCCTTTATGTTTG-1,
ATTGCGATCAGTAACT-1,2
ATTGCTGCTCCTCCAT-1,
ATTGGATTACAGCGTA-1,2
ATTGGGAATATCTTGG-1,
ATTGGGAGTTCTGTAA-1,
ATTGGTAGGATCCGCT-1,
ATTGTACAACTCGGCT-1,
ATTGTCGCAATACCTT-1,
ATTGTGACTTCGCTGC-1,4
ATTGTTCAACGATCCG-1,
ATTTAACTCGTATTAC-1,
ATTTACAGTTTACTGG-1,2
ATTTACTAAGTCCATT-1,4
ATTTCATTATTTCGCG-1,
ATTTCCGGGTTCTGCG-1,
ATTTGCGCGAGTAGCT-1,2
ATTTGTCTTGGGAGCT-1,
ATTTGTTCCAGGGCTC-1,
CAAACCAGGTCTGCAT-1,
CAAACGAGTATCGCAG-1,2
CAAACGGTCGCACTTT-1,
CAAACGTGGTCTTGCG-1,
CAAACTACGATAGAGA-1,4
CAAACTATTGAGCTTC-1,
CAAACTCGCGACGCCG-1,
CAAAGATTATTGGGCC-1,
CAAAGGTCATCTGAAA-1,
CAAAGGTTAAATTCAG-1,
CAAAGTCAGGTTAGCT-1,
CAAATCTCTCACAAGG-1,2
CAAATGTCCTTCCGTG-1,2
CAAATTGGATTATGCC-1,4
CAAATTGTCAGCAAGC-1,
CAACACATCTCCTGCC-1,4
CAACAGAATAACGCTA-1,
CAACATGGCCTGATAA-1,
CAACCAGTGGCCTACC-1,2
CAACCTACCGAGCAGT-1,2
CAACCTGAACCTGCCA-1,4
CAACGACCCGTTTACA-1,
CAACGGTTCTTGATAC-1,
CAACGTGGTGGAGTCT-1,
CAACTATATCGAATGC-1,
CAACTCCAACGTTTAG-1,
CAACTCCGTAACTTGC-1,
CAACTCCTTGATCCCG-1,
CAACTGAGGGTATGAC-1,4
CAACTGCTCATCCGAT-1,
CAACTTGTAGTGGGCA-1,
CAAGAAACCCTAAACT-1,
CAAGAGGGCGGAGTAC-1,2
CAAGATATTATAACGT-1,2
CAAGCAACGTCGGAGT-1,
CAAGCACCAAATGCCT-1,
CAAGCGGCACATAATT-1,
CAAGGATCGCATGTTC-1,
CAAGGCCAGTGGTGCA-1,
CAAGGTCCTATAGGCT-1,
CAAGTAAGTGATAGAC-1,
CAAGTGAACTTTGGTT-1,
CAAGTGTGGTTGCAAA-1,
CAATAAACCTTGGCCC-1,
CAATACGAGAGTCTGA-1,
CAATACGCTCTGAGGC-1,
CAATATGTAGATTTAC-1,
CAATATTCTTGACCTA-1,
CAATCCATTATCCGTT-1,
CAATCCCTATACCAGC-1,
CAATCCTGCCGTGGAG-1,
CAATGACCCTTAATTT-1,2
CAATGAGGTTCGACTA-1,
CAATGCGAGAAGTATC-1,
CAATGGAATCTACATA-1,
CAATGGATCTCTACCA-1,
CAATGGTCGGCCTGGG-1,4
CAATGTGCCAACCCTT-1,
CAATTAAGGGTGATGA-1,
CAATTTCGTATAAGGG-1,2
CACAAGAAAGATATTA-1,
CACAAGCTAAGAAAGG-1,
CACAATGAGCTGCTAT-1,2
CACACACGCTAACGAG-1,2
CACACAGCTTGCGCTC-1,
CACACAGGGATAGATT-1,
CACACGCGCTGTCTTA-1,
CACACGTTTCAATGGG-1,
CACACTTGTATTGCGA-1,4
CACAGAGACGAGGACG-1,2
CACAGCACCCACGGCA-1,2
CACAGCTAGGGAGTGA-1,
CACAGGGCCATATAGT-1,
CACAGGGCCGTTGTCA-1,
CACAGTCCCGCTTCGC-1,2
CACAGTTCGCTTCCCA-1,
CACATATTAGCAGGAT-1,2
CACATCGTGCACGCGC-1,
CACATCTCACCGACGA-1,
CACATGATTCAGCAAC-1,2
CACATGTTTGGACATG-1,
CACATTCTTTCGATGG-1,4
CACATTTCTTGTCAGA-1,
CACCACGCCACACAGA-1,
CACCAGTCAGCATGCA-1,2
CACCATCGGAGGAGAC-1,
CACCATGATCGCAAAG-1,
CACCCAAATCTTATGT-1,
CACCCACACGTCACCC-1,
CACCCACGAGGCAATT-1,
CACCCGGTTTGTGACT-1,
CACCCTAACAAGATCT-1,
CACCCTTGGTGAGACC-1,2
CACCCTTTCCTCGCTC-1,
CACCGATACACCGAGC-1,
CACCGCCAGAAGGTTT-1,
CACCGCCGACCAGCGA-1,
CACCGCGTCCACTCTA-1,
CACCGGAGATATCTCC-1,
CACCGGTAGAGACATT-1,
CACCGTATCCCATCCG-1,2
CACCGTTAGGGATCAC-1,2
CACCGTTGCGCGATAT-1,2
CACCTAATAGAGTCGT-1,
CACCTAATCAGTTTAC-1,
CACCTCGATGGTGGAC-1,
CACCTCTACGAGTGTG-1,
CACCTTGCGAAACTCG-1,
CACCTTGGCGCCTTTG-1,
CACGAAAGTTAGTCCC-1,2
CACGACCACAGACTTT-1,
CACGACGTAATAGTAA-1,
CACGACTAAAGTTCTG-1,4
CACGCACAGCGCAGCT-1,
CACGCAGCGAGGCTTT-1,
CACGCGGAACTGTTGC-1,
CACGGCGCGCCAAAGG-1,
CACGGGATTGAGGGTT-1,
CACGTCAATCAATGGA-1,2
CACGTCGGCAACCTCT-1,2
CACGTCTATGATGTGG-1,
CACGTTCGTGCTCTAG-1,
CACGTTTCGTACACAC-1,
CACTAAAGTTGCCTAT-1,2
CACTACGGGAGCTGCC-1,2
CACTACTCAGTTCTGT-1,4
CACTCAAGAGCTATGG-1,2
CACTCAGCTCTTGAGG-1,
CACTCCTATGTAAGAT-1,
CACTCCTCTCGGTCGG-1,4
CACTCGAGCTGAACAA-1,2
CACTCGGTTAGGAGGA-1,
CACTCTCAAGCATCGA-1,
CACTCTTCTGCTAGCC-1,2
CACTGACGATTGTGGA-1,5
CACTGTCCAAGTGAGA-1,
CACTTAATCAGACGGA-1,2
CACTTCGCCACAGGCT-1,
CACTTCGTCTTATCTC-1,
CAGAACTTAGCCCTCT-1,2
CAGAATAACACACGGA-1,2
CAGAATATTCGTTATC-1,2
CAGACACCGATCGCTG-1,
CAGACCTGTAAGTGTT-1,
CAGACGAACCTGATAC-1,
CAGAGACGGTCACCCA-1,
CAGAGCATGAGCTTGC-1,
CAGAGGCGATGCATGA-1,
CAGAGTGATTTAACGT-1,
CAGATAATGGGCGGGT-1,2
CAGATACTAACATAGT-1,
CAGATATGAAGATGAC-1,
CAGATCATTTAAAGTC-1,4
CAGATCCTGGTTTGAA-1,2
CAGCAGCCCGTTCCTT-1,
CAGCAGTCCAGACTAT-1,2
CAGCAGTCTGTGCTGC-1,
CAGCCCTCACAGGCAG-1,4
CAGCCGGGCCCTCTAT-1,
CAGCCTCCTGCAGAGG-1,
CAGCCTCTCCTCAAGA-1,
CAGCGATTCCCTTCAA-1,
CAGCTCACTGAGACAT-1,
CAGCTCGACAAGTTAA-1,
CAGCTCGTGCTTGTGT-1,
CAGCTGGCGTAACCGT-1,2
CAGCTTAGTAGGTAGC-1,2
CAGGAAGACTTTATAT-1,
CAGGATATATCGTTGT-1,2
CAGGCAGTCTTACCAG-1,
CAGGCCGTTTGGGTGT-1,2
CAGGCGCACGGTGGTC-1,2
CAGGCGCCATGCTAGG-1,2
CAGGGAGATAGGCCAG-1,2
CAGGTTTAGTACTACA-1,4
CAGTAACTATTTATTG-1,
CAGTAATCCCTCCCAG-1,
CAGTACATTCTCTAAA-1,4
CAGTACCAGTTTACGT-1,2
CAGTAGATGATGTCCG-1,4
CAGTAGCCCACGCGGT-1,
CAGTAGCGAGGTAGTA-1,
CAGTCCAACGCCTTCT-1,
CAGTCGAGGATGCAAT-1,4
CAGTCTCTCGGCTAAT-1,
CAGTCTGTATACTGGG-1,2
CAGTGAATAAATGACT-1,
CAGTGGTTGCACATGA-1,
CAGTGTCCGCAGAATG-1,
CAGTGTCGGCTGGCCC-1,2
CAGTTCAAATTGACAC-1,
CAGTTCCGCGGGTCGA-1,
CAGTTCGAGGACCCGA-1,
CATAACGGACAGTCGT-1,
CATAAGAAGCTTGGCT-1,3
CATAAGCTCTCCGTCT-1,
CATAATGAGCGGGCGA-1,
CATACAAAGCCGAACC-1,
CATACACGGTTCCCAC-1,
CATACCCGTACCCAGT-1,2
CATACGAACTAGCTGG-1,
CATACGGCGTCTGGGC-1,2
CATACGGGTGCATGAT-1,
CATACTATGTAATTGT-1,2
CATACTTAGGCAATAC-1,
CATACTTCTTTCTCCG-1,5
CATAGCCGCCCGGGAT-1,
CATAGCGTTGCCCACC-1,
CATAGTACATTGAGAG-1,
CATAGTAGCATAGTAG-1,
CATAGTCAAATACATA-1,
CATAGTCCACAAGAAC-1,2
CATATACTACTGATAA-1,
CATATAGGTACAGTCA-1,2
CATATGTCAGGCTACG-1,2
CATATTATTTGCCCTA-1,
CATCAAACTGGCGCCC-1,4
CATCAACACCTACTAA-1,
CATCATCTACCCGGAC-1,
CATCATTACCCTGAGG-1,2
CATCCAATATAGTTTG-1,2
CATCCGCAGGCCCGAA-1,
CATCCTCTCAAAGATC-1,2
CATCGCCCGCGGCCAA-1,
CATCGGACGGGTTAAT-1,2
CATCGTCCGGTTACTA-1,
CATCTACCCGAGAACG-1,
CATCTAGTGAAGGGAA-1,
CATCTATCCCGTGTCT-1,
CATCTGCAGGATCATT-1,
CATCTTACACCACCTC-1,
CATGAACCGACATTTG-1,4
CATGAACCTCTTATCA-1,
CATGACTTCGCTGAAT-1,
CATGAGATGCACTCTC-1,
CATGATGCACAATTCT-1,
CATGATGGAAGTTAGC-1,2
CATGCACGTGTTACTG-1,
CATGCATGGAGACCCT-1,
CATGCCAACTCGCAAA-1,2
CATGCGACCAGTTTAA-1,
CATGCGTTAGACAGAA-1,
CATGCTGGCTCCAATT-1,
CATGGAAATGGGACCA-1,
CATGGATTGTCTTCCG-1,2
CATGGCAGGAAGATCG-1,
CATGGCTCCCTATGTC-1,4
CATGGGTATGCCTTAT-1,
CATGGGTCGGGTGTGG-1,
CATGGTAAGTAGCGTT-1,2
CATGGTCTAGATACCG-1,
CATGTAAGAGACATTT-1,2
CATGTAGGAGCGCCAA-1,4
CATGTCTCATTTATGG-1,2
CATTACATAGATTGTG-1,4
CATTACGTCGGCCCGT-1,
CATTATCCCATTAACG-1,
CATTATGCTTGTTGTG-1,
CATTCACTGACAGCTA-1,
CATTCAGGTCAGTGCG-1,
CATTCCCATTCCGTCG-1,4
CATTCCCTAAGTACAA-1,
CATTGATGAACACGCC-1,
CATTGCAAAGCATAAT-1,
CATTGCGAAATGGGCG-1,
CATTGCGGGTCAATTC-1,4
CATTGTGTGCTAGATC-1,
CATTTAGCGGACCATG-1,
CATTTATCGTTCAAGA-1,4
CATTTCTAGCAGACTA-1,
CATTTGAGTGGTACGT-1,
CCAAACAGAACCCTCG-1,
CCAAAGTCCCGCTAAC-1,4
CCAAATAACAAGATTC-1,2
CCAAATCAAAGGGCAA-1,2
CCAACCTTATGTAACT-1,5
CCAACGATGCACTGAT-1,
CCAACGCTTGCCAGGG-1,
CCAACTTGATAGATCC-1,
CCAAGAAAGTGGGCGA-1,
CCAAGACTTCTGCGAA-1,
CCAAGCGTAACTCGTA-1,
CCAAGGAACAGAGAGG-1,
CCAAGTTTCTACAGAT-1,4
CCAATAGATTTCATCT-1,
CCAATAGTGCCGTCGA-1,2
CCAATCGGTAGATCGA-1,
CCAATGTCACAGCAAG-1,2
CCAATTACGGGTCGAG-1,
CCAATTGAATGTTAAT-1,
CCACAATGTACGTCTT-1,
CCACACTGAGATATTA-1,2
CCACAGCTGAAATCAT-1,
CCACAGTACCCATCCT-1,2
CCACATACTGCACCCA-1,
CCACCAACTTTACTGT-1,2
CCACCCAAGGAAAGTG-1,
CCACGAATTTAACCTC-1,
CCACGAGAAGAGAATC-1,
CCACGGAGCCATAAGA-1,2
CCACGGTGCCCGGTAG-1,
CCACGTAAATTAGACT-1,4
CCACTAAACTGAATCG-1,
CCACTATCCGGGTCAC-1,4
CCACTGGTGGCTGGTT-1,2
CCACTGTTTGGATTAA-1,2
CCAGAAAGCAACTCAT-1,2
CCAGAGACAAAGCCGG-1,
CCAGATAGTTGAGTGA-1,
CCAGATGTAAATGGGT-1,4
CCAGCCTGGACCAATA-1,2
CCAGCGGGATCACCAG-1,4
CCAGCTACGCCTCATA-1,
CCAGCTCGAACGCATT-1,
CCAGCTGATGGTACTT-1,2
CCAGCTTCCGCCCGCA-1,
CCAGGCTGGCGTCTGA-1,2
CCAGGGACGTGGCCTC-1,
CCAGTAGTCTGATCCA-1,
CCAGTCAAATCTCTTA-1,
CCAGTCCATTATTCGA-1,4
CCAGTCTAGACGGCGC-1,
CCAGTCTTGTCATAGA-1,
CCATAAACAACCCGAC-1,
CCATACCTTTACTTGT-1,
CCATACTCGCCTCTCC-1,
CCATAGGTTGGCGTGG-1,
CCATAGTCAGTAACCC-1,
CCATATGGAAACTATA-1,2
CCATCATAAGAACAGG-1,
CCATCCATACCAAGTC-1,
CCATCGCAGTTAAACT-1,2
CCATCTCACCAGTGAA-1,
CCATCTTGTTCACAAT-1,
CCATGCCCTAGATTTC-1,
CCATGCCTGTTTAGTA-1,2
CCATGCTCTGCAGGAA-1,
CCATGGCCCTTGTACC-1,2
CCATGTTCATCTATAT-1,
CCATTAGCGATAATCC-1,
CCATTCCCTGCCCACA-1,2
CCATTGTTTCCTCCAT-1,4
CCATTTCTACCTATTA-1,
CCCAAACATGCTGCTC-1,
CCCAACATACGTCGCG-1,2
CCCAACCACACTAACA-1,
CCCAAGAATGCACGGT-1,
CCCAAGACAGAGTATG-1,
CCCAATGAGATTTGCA-1,
CCCAATTTCACAACTT-1,2
CCCAGAGGAGGGCGTA-1,4
CCCAGGTCTGAAGGCT-1,2
CCCAGTAAACTTGGGA-1,
CCCAGTTAAGGCGCCG-1,
CCCATATAGGTCGATT-1,
CCCGAAGTTTCGCGAA-1,2
CCCGACCATAGTCCGC-1,
CCCGAGTTTCTCCGTA-1,2
CCCGCAGCGCGAACTA-1,2
CCCGCAGGGCCCAAAG-1,
CCCGCCATGCTCCCGT-1,
CCCGCGCAATGCACCC-1,
CCCGCTAGAGGGTTAA-1,
CCCGGGTCGTTCAGGG-1,5
CCCGGTGGAAGAACCT-1,
CCCGGTGTATCGGAAT-1,2
CCCGTAAGTCTAGGCC-1,
CCCGTAGCTGGGAAGA-1,
CCCGTCAGCGTCTGAC-1,
CCCGTTTCGCAGATGT-1,2
CCCTAGTGTCAGGTGT-1,
CCCTATGTAGAGCAGA-1,2
CCCTCAAGCTCTTAGT-1,4
CCCTCATTCTGGAATT-1,
CCCTCCTCGCTCGTAT-1,2
CCCTCGGGAGCCTTGT-1,
CCCTGAAATGAGTTGA-1,
CCCTGACTAACAAATT-1,
CCCTGATGTAACTCGT-1,
CCCTGCCCAATCCGCT-1,2
CCCTGCGCTACGCATA-1,2
CCCTGGTATGGGCGGC-1,
CCCTTTAATGGAGTTC-1,2
CCCTTTGACAGGTCTT-1,
CCGAAAGTGGTGAGCA-1,
CCGAACACTGGGCCTC-1,2
CCGAACCTTCCCGGCC-1,2
CCGAAGTATATTGTTC-1,
CCGACAAACACATGAG-1,
CCGACAAAGGGAGTGC-1,2
CCGACAATAGGCCGCC-1,2
CCGACGGGCATGAGGT-1,2
CCGACGTAAACACAAC-1,
CCGACTCGCATAGTCT-1,4
CCGAGAAGTCGCATAA-1,
CCGAGCTGTGCTTGTC-1,
CCGAGGGATGTTAGGC-1,
CCGATATGACGTAAGG-1,2
CCGATCTCAACCTTAT-1,
CCGATCTTAAGAGGCT-1,4
CCGATTCGAGGGACCC-1,
CCGATTGGTCAATGAA-1,
CCGCACAAAGACCAAC-1,
CCGCACACGAACGTGT-1,
CCGCACGTGACCTCGG-1,2
CCGCATGTGGTACGAT-1,
CCGCCACCACAATCCA-1,
CCGCCGGAACTTCTCG-1,2
CCGCCGGTCAACACAC-1,
CCGCCGTTGAGGATAA-1,
CCGCCTGCGAATTGGT-1,
CCGCCTTGCGATGTCG-1,
CCGCGATTTGGTAGGT-1,
CCGCGGAATGCGTCAC-1,
CCGCGGGTACGAAGAA-1,2
CCGCGTAGGTAAGGGC-1,
CCGCTATCAGCACCAG-1,2
CCGCTCTTCCGAACTA-1,
CCGCTGGTGCCATTCA-1,
CCGCTTACCTCACTCT-1,2
CCGCTTCGCGGTTAAC-1,4
CCGCTTGCTGACATGG-1,4
CCGGAATGGTTTCAGT-1,
CCGGAGCGTACTTTCT-1,
CCGGCACGACCGTTTC-1,
CCGGCGCATATTGGAT-1,
CCGGCGTGAGACTCTG-1,
CCGGGACCCGCAGAGA-1,
CCGGGCGGTCTCGTCA-1,
CCGGGCTAAGAATTTC-1,
CCGGGCTGCTCCATAC-1,
CCGGGTTCGAGGTTAC-1,2
CCGGTAATGGCTAGTC-1,
CCGGTGCGAGTGATAG-1,4
CCGGTTTGTAATTGTG-1,
CCGTAAGTTGGTCCCA-1,
CCGTACCCAAGCGCCA-1,
CCGTAGGAAATCCCTG-1,
CCGTAGGGTTGTTTAC-1,2
CCGTATCTCGTCGTAG-1,2
CCGTATTAGCGCAGTT-1,4
CCGTCAACCTCTGGCG-1,
CCGTGAGGCATTCATG-1,
CCGTGCCCATGACGGC-1,
CCGTGGAACGATCCAA-1,4
CCGTGTTAAATTCCAT-1,2
CCGTTACGTTAGAACA-1,
CCGTTCCGAATCTCGG-1,2
CCTAAAGGCTGACGCT-1,
CCTAAATTAACGGTTC-1,2
CCTAAATTGTATCCTA-1,2
CCTAACCCAAACAAGT-1,2
CCTAACTAAGGCTCTA-1,
CCTACAAGTCCGGAAT-1,
CCTACATTCACAGACG-1,2
CCTACGCGACCTTACA-1,
CCTACGGCTCAGTCGA-1,
CCTACTCAACACGATT-1,2
CCTACTGCGGCGGCCA-1,4
CCTACTGCTTACACTT-1,
CCTAGGCGTAGCGATC-1,
CCTAGGTAAAGGTAGC-1,
CCTAGTTAGTCGCATG-1,
CCTATAATGAGTGCCC-1,
CCTATACCGTCCTGTC-1,
CCTATATCGTGTCACG-1,
CCTATATTTGTCCTGG-1,
CCTATCTATATCGGAA-1,
CCTATGAAGTGGTGCC-1,
CCTATGGCTCCTAGTG-1,2
CCTATGGGTTACCGTC-1,
CCTATGGTCAAAGCTG-1,5
CCTATGTCCACTCCAC-1,
CCTCACCAATCTTGAC-1,
CCTCACCTGAGGGAGC-1,4
CCTCACCTTAGCATCG-1,
CCTCATGCAGCTACGA-1,
CCTCCCGACAATCCCT-1,
CCTCCGACAATTCAAG-1,2
CCTCCTAGCTAGAGTC-1,
CCTCCTGAGCCCACAT-1,
CCTCCTGTTGTGTCGT-1,
CCTCGAAGTGGACGGG-1,
CCTCGACCCACTGCCT-1,
CCTCGCCAGCAAATTA-1,
CCTCGCGCGATATAGG-1,4
CCTCGCGCTGTGCGAT-1,
CCTCGGACCGGGATAG-1,
CCTCGGATGCTACCTG-1,
CCTCGTTACGCCTGTT-1,
CCTCTAATCTGCCAAG-1,
CCTCTACAAGGATTGG-1,2
CCTCTATCGATTAGCA-1,2
CCTCTCTCCCATCTAG-1,2
CCTCTGGCCTAGACGG-1,
CCTCTGTACTATTCTA-1,
CCTGAACGATATATTC-1,
CCTGAATATTTACATA-1,
CCTGACAAACTCGCGC-1,4
CCTGACCACCGATGGT-1,2
CCTGACGCAACCTTTA-1,
CCTGCCCGTTGTCTAG-1,
CCTGCGATAGAACTGT-1,
CCTGCGTTCTACGCTT-1,
CCTGCTATTTGAGAAG-1,
CCTGGAAACGTTCTGC-1,
CCTGGCTAGACCCGCC-1,
CCTGGTCGAATGTGGG-1,
CCTGTAAGACATGATA-1,2
CCTGTACTCACGCCCA-1,2
CCTGTCACCCGGGCTC-1,
CCTGTCCCTCACGTTA-1,
CCTGTCGCCCGTAAAT-1,
CCTGTGAAACCGTAAC-1,4
CCTGTGCGGATTGTAA-1,
CCTGTTTGAAGACACG-1,2
CCTTCAGTTAAAGTGA-1,
CCTTCGTATAGAATCC-1,
CCTTCTCAGCGTTCCT-1,
CCTTCTTGATCCAGTG-1,
CCTTGACCACTTTATT-1,2
CCTTTAAGGGAGCACT-1,
CCTTTCAATGAAGAAA-1,
CGAAACATAGATGGCA-1,
CGAAACGCAATTCATG-1,2
CGAACAGTATGGGCGT-1,2
CGAACATAGTCAGAAA-1,4
CGAACCCGCATGCGTC-1,
CGAACGCCCAGTGCCG-1,
CGAACGGCCGGACAAC-1,2
CGAAGACGGTGAGTGC-1,
CGAAGCTATAAATTCA-1,
CGAAGGGTTTCAGATT-1,
CGAAGTTGCTCTGTGT-1,
CGAATCTGCTCGACGC-1,
CGAATGAAGTCATTGC-1,
CGAATGACGCATAATG-1,5
CGAATTACATGGTGTT-1,
CGACAATTTGATCTAA-1,2
CGACACCGCTTAAGGA-1,4
CGACACGCTCCGACAG-1,2
CGACACGGATGCCCAC-1,4
CGACAGTTCGCGTTAT-1,2
CGACATGCGATCTTCT-1,
CGACCCTTAACGCCGG-1,2
CGACGCATCCGTACCT-1,
CGACTCAGGATGTTAT-1,
CGACTCGGTACACGGT-1,4
CGACTTTGTATAGCCT-1,4
CGAGACCCTAGAGTGT-1,2
CGAGAGATGTGAACCT-1,
CGAGAGCGCGTAGATA-1,2
CGAGAGCTTTCACTAC-1,
CGAGAGGGTAGCCGCG-1,2
CGAGATGTTGCCTATA-1,4
CGAGATTTCGCTCGGG-1,
CGAGCACTTCAAGTTT-1,
CGAGCGTTGATCAGCC-1,
CGAGCTGGGCTTTAGG-1,
CGAGGAGCTTCCATAT-1,4
CGAGGATCGGGAACGA-1,
CGAGGCCAGGCATTGG-1,
CGAGGCTAAATATGGC-1,
CGAGGGACTGCGGTCG-1,
CGAGGGTATCCAGGTG-1,
CGAGTACTAAAGAGGA-1,2
CGAGTGAAGGTACCAG-1,2
CGAGTGCTATAGTTCG-1,
CGAGTTCTGTCCCACC-1,
CGAGTTTATCGGACTG-1,
CGATAACCAATTTGAG-1,4
CGATAATACTCAGGTT-1,
CGATACCTCGCGGACA-1,2
CGATAGCGATACAGTG-1,
CGATAGTCGTACTGCA-1,3
CGATATTAGCCGCAGG-1,
CGATCATTAGAGGCAC-1,4
CGATCCGACCCAGTGC-1,2
CGATCCTCGCAACATA-1,5
CGATCTGTTGGAGGAC-1,
CGATGGACCCTACGCC-1,4
CGATGTTGTTATCTAC-1,2
CGATTAAATATCTCCT-1,
CGATTCGCCTGGCTGC-1,3
CGCAAACACGAGTTAC-1,2
CGCAATCGATCATTAG-1,4
CGCAATTACTTTCGGT-1,
CGCAATTAGGGTAATA-1,
CGCAATTCTACAATAA-1,
CGCACATGTCCACTAC-1,
CGCACGTCTGTTTATG-1,
CGCACGTGCGCTATCA-1,
CGCAGAAACATTTGCG-1,
CGCAGATCTTCACCCG-1,4
CGCAGGCGATCCAAAC-1,2
CGCATCATGGCTTCAG-1,
CGCATCCATCAGCCAG-1,4
CGCATGCCGAATGCGT-1,3
CGCATGGTGCGATGCT-1,2
CGCATTAGCTAATAGG-1,
CGCCAAGAAGCCGAGT-1,
CGCCACAGGTCGCGAT-1,2
CGCCACCCGCATTAAC-1,4
CGCCATCCGATTATGA-1,
CGCCCAGCACGCCTAG-1,
CGCCCAGCGTTTCACG-1,
CGCCCGCTTCCGTACA-1,4
CGCCCTAATTGTTCAA-1,2
CGCCCTTACATCCACC-1,
CGCCCTTGAAGGCTGA-1,
CGCCGCCCATGCCTGT-1,
CGCCGGTGTCGCAGTA-1,4
CGCCGTCTACCCATCG-1,
CGCCGTTCAGCATAGT-1,2
CGCCTCCCTCCTCTAT-1,2
CGCCTGGCCTACGTAA-1,2
CGCCTTTAGCATGCTC-1,
CGCGAAGTGGCATACT-1,
CGCGACACTGCGCAGC-1,
CGCGACCGCGACAGAT-1,
CGCGAGAGGGACTTGT-1,4
CGCGAGTCTGCCGGGT-1,2
CGCGCAAATGTCCAGA-1,2
CGCGCAAGGAACTACA-1,
CGCGCATGTTTGATTG-1,
CGCGCCCGACTTAATA-1,
CGCGGCAGTATTACGG-1,
CGCGGCTCAACTTGAA-1,2
CGCGGGAATTAGGCAG-1,
CGCGGTAAGTCTAGCT-1,4
CGCGGTACGGTATACA-1,2
CGCGGTCACAAACCAA-1,
CGCGTACATTCTGGAA-1,
CGCGTCATATTAAACC-1,4
CGCGTTCATGAAATAC-1,
CGCTACCGCCCTATGA-1,
CGCTACGGGACATTTA-1,2
CGCTAGAGACCGCTGC-1,
CGCTATACCGCCCACT-1,
CGCTATCGTGGCTTTA-1,4
CGCTATTCAATGTATG-1,
CGCTATTCTTAGGCTC-1,2
CGCTCGACATAATGAT-1,
CGCTCTCCGTAGATTA-1,
CGCTGGTGACTACCCT-1,2
CGCTGTGACGCCGCAC-1,
CGCTGTGTGGATGTTG-1,
CGCTTAGTATTGATAC-1,5
CGCTTATTCCCGGTCG-1,2
CGCTTCCACTGAAATC-1,
CGCTTCGGTCTAAGAC-1,2
CGCTTGGACGGATAGA-1,
CGCTTTCATACCGGTG-1,
CGCTTTCTTGCATTCG-1,
CGGAAAGAATCAAACG-1,
CGGAAAGCAAATGTGC-1,4
CGGAAATTTCACATCC-1,
CGGAACGTAAACATAG-1,2
CGGAGCAATTTAATCG-1,
CGGAGCATGGCGATCC-1,2
CGGAGCTTATAACACC-1,
CGGAGTTTGAGAGACA-1,2
CGGATAAGCGGACATG-1,
CGGATCCTCAAGGACT-1,
CGGCAAACATCGTGCG-1,
CGGCAATAAGATCGCC-1,2
CGGCACCGTTAGCGCC-1,
CGGCACTCAAGAAAGT-1,
CGGCAGGGTCGGGTTG-1,
CGGCCACGCACAAAGT-1,
CGGCCAGAGCGACCAT-1,5
CGGCCCAACCTGTAGT-1,
CGGCCCAGGTATATCC-1,
CGGCGCCATCAATCCC-1,
CGGCTCTAAAGCTGCA-1,
CGGCTCTTCGTCGAAC-1,
CGGCTGAAGGTTACGC-1,
CGGCTGCAAGATTAAG-1,
CGGCTTTGTATGATAA-1,
CGGGAATATAGTATAC-1,2
CGGGAATTTATGTAAA-1,2
CGGGAGCTTCAGTGTA-1,2
CGGGAGTATACCGCCG-1,
CGGGATCAATGTAAGA-1,
CGGGCAGCTAAACCGC-1,
CGGGCCATAGCCGCAC-1,
CGGGCCTTCTTTGTAA-1,2
CGGGCGATGGATCACG-1,5
CGGGCTACTTAAATTG-1,4
CGGGTGTACCCATTTA-1,
CGGGTTCGGCACGTAT-1,
CGGGTTTGTTAGGGCT-1,2
CGGTACTAGAATCAAA-1,2
CGGTAGAGGTGCAGGT-1,
CGGTATAGGTATTAGC-1,
CGGTCAAGTGGGAACC-1,
CGGTCCATGAGACTCC-1,4
CGGTCCGTCGCAAGCC-1,5
CGGTCTATCAACCCGT-1,
CGGTGAAGACTAAAGT-1,2
CGGTGCAGATAGAACG-1,2
CGGTGCGCGTTGGTCC-1,2
CGGTGGGCTCCAGCCT-1,
CGGTGTACTTGATCCC-1,
CGGTTATCCAACAGTG-1,
CGGTTCAAGTAGGTGT-1,4
CGGTTCCGGCTTCTTG-1,
CGGTTGACCTGGCATA-1,2
CGGTTGAGTATCCTTC-1,
CGGTTGGGTTCAAGTT-1,
CGGTTTATGAAGGAAC-1,
CGTAAACGCTTGAGTG-1,
CGTAACGGAACGATCA-1,
CGTAACTTCGACACTT-1,5
CGTACCGAAAGTCTAG-1,
CGTACCTGATAGGCCT-1,4
CGTAGAGAGTAATTAT-1,3
CGTAGCGAATTGTCAG-1,
CGTAGCGCCGACGTTG-1,
CGTATTAAGAGATCTA-1,
CGTCAAATGGTCGCAG-1,4
CGTCAAGGCTATAAAT-1,
CGTCACGTCCATTGGT-1,2
CGTCAGCTATTTACTC-1,
CGTCAGTGCGCACAAG-1,
CGTCAGTTTATCGTCT-1,4
CGTCATACCATATCCA-1,
CGTCGCATGTGAGCCA-1,5
CGTCGCGGCGGGATTT-1,
CGTCGCTTGGTTATAC-1,2
CGTCGGATAGTGTTGA-1,
CGTCGGGTCTAAGCGC-1,2
CGTCGTCCTTCGCGAA-1,
CGTCTCTCGCCGAGGC-1,4
CGTCTGGAAGGGCCCG-1,
CGTGAAGTTAATTCAC-1,2
CGTGACATTGGGTCGT-1,
CGTGACCAGTCCTCTG-1,5
CGTGCAGACTGGGACA-1,2
CGTGCATTGTCGACGC-1,
CGTGCCCTCCCGAAGA-1,
CGTGCTGGCCTAGTCG-1,
CGTGCTTCTACCTAAA-1,
CGTGGAAGCCTCGTAC-1,
CGTGGCCGAATATCTA-1,2
CGTGGTACCCAAAGGC-1,5
CGTGTATGGGAGCTGA-1,
CGTGTCCCATTCGCGA-1,2
CGTGTCTCGTTACGAC-1,
CGTGTGTTAAACCCTG-1,4
CGTTAAACTAGTTAGG-1,2
CGTTAATGTCCCGACG-1,
CGTTAGCTCACAACTG-1,
CGTTCAAGGAAACGGA-1,
CGTTCAGACCCGCGAA-1,
CGTTCATGGTGCGCGT-1,2
CGTTCTTCGCACACCT-1,
CGTTGAATACCGCGCT-1,
CGTTGAGCGACCGTCG-1,2
CGTTGAGTAATTGCGT-1,
CGTTGCCCGCGTGGGA-1,5
CGTTGTAAACGTCAGG-1,
CGTTGTAAGATTGATT-1,4
CGTTGTCGGCAATTGA-1,
CGTTGTTTCAATTCCC-1,2
CGTTTAAGCGGAGCAC-1,
CGTTTACAAGGCAGCT-1,4
CGTTTCACTTCGGGCG-1,
CGTTTCGCTCATTACA-1,2
CGTTTGGTGTTGTGGG-1,2
CGTTTGTGTAGAGGGT-1,
CTAAAGAATGCCTACT-1,2
CTAAAGGGAAATAGGA-1,2
CTAAAGTCCGAAGCTA-1,
CTAAATCCGGTGTACA-1,
CTAAATCCTATTCCGG-1,
CTAACCGCGCGCCCGT-1,2
CTAACGAAACTTGCTG-1,
CTAACTGATAATCGCC-1,2
CTAACTGGTCCGGTTC-1,2
CTAAGGGAATGATTGG-1,2
CTAAGTACAGGGCTAC-1,
CTAATTATGAAGCGTA-1,4
CTAATTCGCACGCGCT-1,2
CTAATTCTCAGATATT-1,4
CTAATTTCAACAACAC-1,
CTACAAGAAATAACCC-1,
CTACACTCGCAGATGG-1,
CTACCCTAAGGTCATA-1,
CTACGAACTAGGTCGA-1,
CTACGACTAGCTATAA-1,2
CTACGATCCTATCCTA-1,
CTACGCACGGAGTACC-1,
CTACGCCATTTCCGAT-1,
CTACGTGTTGCCACCA-1,4
CTACTATCATAGGTTT-1,2
CTACTATCTTTCAGAG-1,
CTACTCAAGGTATAGT-1,
CTACTCTAGGCCCGGC-1,
CTACTGCCACCTGACC-1,
CTAGACATATATGTAG-1,
CTAGACTGCATTTCGT-1,
CTAGATAAACTCCTCG-1,
CTAGATGTGAGTGTAA-1,
CTAGATTTACGACGGC-1,
CTAGCATAGTATAATG-1,
CTAGCCACAGGCGAGC-1,2
CTAGCCGATGTTATGA-1,4
CTAGCGCCAATCCTAC-1,
CTAGCTTAATGGTCCC-1,
CTAGGCGCCCTATCAG-1,2
CTAGGCGGCAGAGAAT-1,
CTAGGGATAGGGACAA-1,
CTAGGTCTGAAGGAAT-1,
CTAGGTTCGGACGTGA-1,3
CTAGTAGAAAGGGATT-1,
CTAGTATTCGGAATTA-1,
CTAGTCACGTCTTAAG-1,2
CTAGTGAAGGACAGGA-1,2
CTAGTTACAACCCGGT-1,
CTAGTTGGGCCCGGTA-1,
CTATAAGAGCCAATCG-1,
CTATAGGCGTTGATGT-1,
CTATATCCAGCCTGGC-1,3
CTATCGACGAAATACA-1,2
CTATCGCGTAGAGAAC-1,2
CTATCGGGTCTCAACA-1,
CTATGCCCGAATGCAA-1,
CTATGGGAAGCGGAAT-1,2
CTATGTCACTAGCCCA-1,
CTATGTCTATTGAAAC-1,
CTATGTGAGTCACGGC-1,2
CTATTCATGTGTCCCA-1,
CTATTGTGTTTGGTCA-1,4
CTATTTGGTTACGGAT-1,
CTCAAACCACTGCCCG-1,5
CTCAACTAACCCGGAT-1,3
CTCAAGACATTAGCGC-1,
CTCACACGCAAGCCTA-1,4
CTCACATTTACTAAAT-1,
CTCACCAGTACAAGTG-1,
CTCACCGATCCAAACT-1,4
CTCACTGTGATACTTA-1,
CTCACTTGGCTGGTAA-1,2
CTCAGCAGACTGCCGA-1,
CTCAGGACTCACCTGT-1,
CTCAGTCACGACAAAT-1,4
CTCATGGCTCACAATC-1,
CTCATGGTAATTTGCG-1,2
CTCATTCGTGAACATC-1,
CTCATTGCTCTAACAA-1,
CTCATTTGATGGGCGG-1,
CTCCCAATGAGTCGCG-1,2
CTCCCTCCTTTCGATC-1,2
CTCCGAGTAAATCCGC-1,
CTCCGCCCACATGAGG-1,2
CTCCGGCCTAATATGC-1,
CTCCGGCTTGTAGACA-1,
CTCCTAAGTTATGTCT-1,
CTCCTCCAGCTCACAC-1,5
CTCCTGTTCAAGGCAG-1,2
CTCCTTTACGCAAGTC-1,4
CTCGAATGGAACGTAT-1,
CTCGAGACATACGATA-1,
CTCGAGATCCAAAGCA-1,4
CTCGAGGTCGAACAGT-1,2
CTCGATATTTGCGAGC-1,4
CTCGCACCTATATAGT-1,
CTCGCATTGCATAGCC-1,
CTCGCCGAATGTAGGG-1,
CTCGGGATAACACCTA-1,4
CTCGGGTTCTCTGGCC-1,
CTCGGTACCACTGCTC-1,
CTCGGTCCGTAGCCTG-1,
CTCGGTTGTCGGCCCT-1,2
CTCGTCGAGGGCTCAT-1,2
CTCGTTTCTAATGTTT-1,4
CTCTAATGCATTGATC-1,4
CTCTACACTGGCGATT-1,
CTCTAGCCCTCGGAAA-1,3
CTCTATTTGGCTGCAG-1,2
CTCTCACAATCGATGA-1,
CTCTCGATGTGCGCCT-1,4
CTCTCGCTGTACTATG-1,
CTCTCTAACTGCCTAG-1,2
CTCTGCGAAGCAAGCA-1,
CTCTGGACGCCTGGTG-1,
CTCTGTTTGAGGATTC-1,
CTCTTCTATTGACTGG-1,2
CTCTTCTGGAAGTTAG-1,
CTCTTGTCCCGCTTGG-1,
CTGAAACGGCCCTCAG-1,4
CTGAAAGAGATCCGAC-1,
CTGAATCCGAGACCTC-1,2
CTGAATTTATTGCCAG-1,4
CTGACATAGAAATAGA-1,2
CTGACTGCGCAGCTCG-1,
CTGAGAAAGTTCGGCG-1,2
CTGAGCAAGTAACAAG-1,
CTGAGCGAGACTTATT-1,4
CTGATAGTGTATCTCA-1,
CTGCAAGCACGTTCCG-1,2
CTGCACAACTACATAT-1,2
CTGCACCTAGTCCACA-1,4
CTGCACCTGGAACCGC-1,
CTGCACTCCAGTACAG-1,
CTGCAGAGAATCAGAG-1,
CTGCCAAGGTTGGAAG-1,4
CTGCCATGCATCACAT-1,2
CTGCCCACGAAGCGTT-1,
CTGCCTAGCCACCAAG-1,
CTGCCTCATATGCAAC-1,4
CTGCCTTTAATACCTT-1,2
CTGCCTTTCTAGTAAA-1,
CTGCGGGTGAAATGTT-1,2
CTGCGGTAGTCACGTG-1,
CTGCGTTACGATATAA-1,
CTGCTGAGGCCACGAA-1,2
CTGCTGTCTAACGAGC-1,2
CTGCTTGGCGATAGCT-1,
CTGCTTTATGTCCGCG-1,
CTGGAAATGGATGCTT-1,2
CTGGAAGACACGGTGG-1,2
CTGGACGCAGTCCGGC-1,
CTGGATTTACACTTGA-1,
CTGGCATCCGAATGAG-1,2
CTGGCGACATAAGTCC-1,
CTGGCGCACAGGTCTG-1,
CTGGCGGGAATAAGTA-1,
CTGGCTCCTGCGGGAT-1,
CTGGCTGATTCATCCT-1,2
CTGGCTGCTAACGTAA-1,4
CTGGCTGGTTGTCAGT-1,
CTGGGATAAATAATGG-1,
CTGGGATACGCTACCC-1,
CTGGGCACTAGTCGGA-1,
CTGGGCCTGCTATATC-1,2
CTGGGCGGCCAAATGT-1,4
CTGGGCTATCCTTTGG-1,
CTGGGTAGGCAGTTAA-1,2
CTGGGTTGAGTTAAAG-1,2
CTGGTAAAGTGTGGGC-1,2
CTGGTAACACATAGAA-1,
CTGGTAACGAGCTCTT-1,
CTGGTCATTCCAATCC-1,
CTGGTCCTAACTTGGC-1,
CTGGTGAATGGGCCTA-1,2
CTGGTTCAACGCATCA-1,
CTGGTTTCGAGCAAGA-1,2
CTGTACTTCTTAGCAT-1,
CTGTAGCCATCTCACT-1,
CTGTAGTGAGGATCGA-1,
CTGTATGGTGTAGAAA-1,
CTGTCAAATGGCTCGG-1,
CTGTCACGCCAGGCGC-1,
CTGTGCAGGGTAGGTC-1,2
CTGTGGTCGGGAGATA-1,2
CTGTTACCCAATCTAG-1,2
CTGTTCACTGCCTGTG-1,
CTGTTCATCTCACGGG-1,
CTGTTGGCTCTTCTGA-1,4
CTGTTGTTCAGTCGTA-1,
CTTAAATAAGACCCAT-1,
CTTAACTTCGAAGTAC-1,
CTTACACGGTATTCCA-1,2
CTTACACTGGGAAATA-1,
CTTAGCCCGGATAGTG-1,
CTTAGCCTTCCACATG-1,
CTTAGGTATAGACCAG-1,2
CTTAGTAGGCCTACAG-1,
CTTAGTGTAGTAGCAT-1,
CTTAGTTGAGGAATCG-1,
CTTATAGATGGCTGTT-1,2
CTTATGCGCTCAGGGC-1,2
CTTATGTTGACTACCA-1,
CTTCAACTCCACTTGG-1,
CTTCAGTGGTCGCCTA-1,2
CTTCATAGCTCAAGAA-1,
CTTCATTGTCAGTGGA-1,
CTTCCGCTCCGTGAAG-1,3
CTTCCTGCATATTTAC-1,
CTTCGATTGCGCAAGC-1,
CTTCGGCCAATTGTTT-1,2
CTTCGTAGATAGGTGA-1,2
CTTCTATGTTGAAGTA-1,2
CTTCTATTAATGCTAG-1,
CTTCTGGGCGTACCTA-1,
CTTCTTACGTCGTATA-1,
CTTGACCCGAAAGATA-1,
CTTGAGGTTATCCCGA-1,
CTTGAGTTAGGGTAAT-1,
CTTGCAACCGCCTCCT-1,2
CTTGCCCAGGCTCTAC-1,2
CTTGGCCAAGCTGGGA-1,5
CTTGTACTTGTTGACT-1,
CTTGTCAACATTCGAG-1,2
CTTGTCGTACGTGTCA-1,4
CTTGTGAGGACAGCGG-1,2
CTTGTGAGTCTTTGAC-1,
CTTGTGCTCACCGATT-1,4
CTTGTTGCTGAGTCAA-1,
CTTGTTTATGTAGCCA-1,
CTTTAACTTTCAAAGG-1,
CTTTAATATTGGTCGA-1,
CTTTACCGAATAGTAG-1,2
CTTTAGGAACACTGTT-1,
CTTTAGTGCTATTATT-1,2
CTTTCTGTGCGGGCTT-1,
CTTTGAAACATATTCC-1,
CTTTGCATCGCTCTTG-1,
CTTTGCTGTCATGGAT-1,2
CTTTGGCAGACAGAGT-1,
CTTTGGCGCTTTATAC-1,
CTTTGGCTTTAGTAAA-1,
CTTTGGGATTGTTGCA-1,
GAAACAGATGACCACC-1,
GAAACAGCCATGCAGT-1,
GAAACATAGGAAACAG-1,2
GAAACCATGGTGCGCT-1,
GAAACCGAATTACCTT-1,2
GAAACCTATACAAATG-1,
GAAACTCGTGCGATGC-1,
GAAACTCTAATGAAGG-1,
GAAAGAACAGCGTTAT-1,
GAAAGCAGTGCACTTT-1,
GAAAGCCCTTTGGACC-1,2
GAAAGTGACTAACTGC-1,
GAAATACCTGCTGGCT-1,
GAAATACTAAACGTTT-1,
GAAATATCACCATCAG-1,2
GAAATATGCTTGAATG-1,4
GAAATCGCGCGCAACT-1,
GAAATCTGACCAAGTT-1,4
GAAATGGCGGTGTTAG-1,2
GAAATGGGATGTAAAC-1,
GAAATTAGCACGGATA-1,4
GAAATTCACATCGCTG-1,
GAAATTGTCTCTATAA-1,2
GAACAACTGGGATGAA-1,
GAACACACATCAACCA-1,
GAACAGATTACTAAAT-1,3
GAACATTAGTATGTTA-1,
GAACCATCTGGGAGAC-1,
GAACCCTCTGTGTTCT-1,
GAACCTCGACCTACAC-1,2
GAACCTTTAACGATCC-1,
GAACGACCGAATGATA-1,
GAACGATAAGTTAAAG-1,
GAACGCGGGTCACACG-1,
GAACGGTGTAAAGCAG-1,
GAACGTCTCATGGTCG-1,
GAACGTTAGGAAGACG-1,
GAACTGTGGAGAGACA-1,5
GAACTTAGCGCCCGGT-1,4
GAACTTGTGCACGGGA-1,4
GAAGAAACGATATTGT-1,
GAAGAACGGTGCAGGT-1,
GAAGACTTCAATGCCG-1,4
GAAGCCACTGATTATG-1,5
GAAGCCGGGTAAGCTC-1,
GAAGCCTGCACATTCC-1,
GAAGCGTGAGGAATTT-1,
GAAGCTCGGACCCGTC-1,2
GAAGCTTGCTGACCGC-1,2
GAAGGAGTCGAGTGCG-1,
GAAGGCTACCATTGTT-1,4
GAAGTCAGTTGCACTA-1,
GAAGTCTCCCTAGCGA-1,
GAAGTGATTTATCGTG-1,2
GAAGTGCTGGATAGCT-1,
GAAGTTTCCACTCAAT-1,
GAATAGACGCGACCCA-1,2
GAATAGCATTTAGGGT-1,
GAATAGCCCTGCGGTC-1,4
GAATAGTGCTCGATTA-1,
GAATATTCGGAGTCCC-1,
GAATCGACATGGTCAC-1,
GAATCGCCGGACACGG-1,
GAATCTATACTCGGAC-1,4
GAATCTGAACATTCTC-1,2
GAATGAAGGTCTTCAG-1,
GAATGCCGAAATGACC-1,
GAATGCGAATCGGTTC-1,
GAATGTATGGCAGGTC-1,
GAATGTGGTCCGGATT-1,2
GAATGTTGGGTAATCT-1,
GAATTATAGTGAAAGG-1,
GAATTATGCAACCTAC-1,
GAATTCACCCGGGTGT-1,2
GAATTTCTCGCTGCAG-1,2
GACAAACATATGCAGG-1,2
GACAACGACCATTGAA-1,
GACAACGCAGCTTACG-1,
GACAAGAGATGAGATT-1,2
GACACAAGGGAAGAAA-1,
GACACGAGTTAGAGGA-1,
GACACTGAGTTCAGTG-1,2
GACACTGGAACCCGAT-1,2
GACAGATTTCTGGCTC-1,
GACAGCCAGACCTGAC-1,
GACAGGCACACACTAT-1,2
GACATACTGTCGCAGA-1,
GACATCCGTCGAACTG-1,5
GACATCGATTTATAAC-1,
GACCAAACGTTGACTG-1,2
GACCAGAGCCCTGTAG-1,2
GACCAGGTCATTCATA-1,
GACCCAATTATGATAC-1,2
GACCCGTCGCCGGCTA-1,
GACCGACGTGAAAGCA-1,
GACCGACTGAAGCGTC-1,2
GACCGATTAAATATGT-1,
GACCGCGTCTGACGTG-1,2
GACCGTCAGGTCGTGA-1,
GACCGTGCTGACGGTG-1,
GACCTTCCACGTCTAC-1,5
GACGACGATCCGCGTT-1,
GACGAGGCTAATAAAC-1,
GACGCCGTAAAGGCTA-1,3
GACGCCTGTTGCAGGG-1,
GACGCTTGCTTCTAAA-1,2
GACGGACCGCGTTCCT-1,
GACGGGTTGGCCCGTA-1,
GACGGTCAATAGAAGC-1,
GACGTGAGACTCCATG-1,4
GACGTGTAGGGATTAT-1,2
GACGTTCGTAAATACA-1,4
GACTAACACAGCACCT-1,
GACTAAGATCATGCAC-1,
GACTAAGTAGGCTCAC-1,2
GACTACAAAGCGGTGG-1,2
GACTACAATTGCTCGT-1,
GACTAGGCCGTTAGGT-1,5
GACTCACCCACGTGAG-1,
GACTCCCAGAATAAGG-1,
GACTCCTTCCAATTGA-1,
GACTCGCGGGAATGAC-1,
GACTCGGTCGGCGGAT-1,
GACTGATTGGTCACAA-1,
GACTGCAAATCGAGCT-1,3
GACTGCACCAGCCCAG-1,2
GACTGCGGCACGTGTA-1,
GACTGCTGGTGAGAAA-1,
GACTGGGCGCCGCAAC-1,
GAGAATCTCACGATCA-1,
GAGACCCTGCAACGCC-1,4
GAGACTGATGGGTAGA-1,2
GAGACTTCGCGACCGA-1,
GAGAGCGCAGTCCCTG-1,
GAGAGGGCGCGAGGTT-1,2
GAGAGGTGCATTCTGG-1,2
GAGATCTGCTTGGCAT-1,
GAGATCTGTCACTCCG-1,
GAGATCTTCCATGACA-1,2
GAGATGACAATCCTTA-1,
GAGATGGCTTTAATCA-1,5
GAGATGGGAGTCGACA-1,
GAGCACCTGTGTCCAG-1,
GAGCACGGCGCCTCTT-1,
GAGCATCAACAACTTG-1,
GAGCATCATCCCTGGG-1,
GAGCCACGGTAGTAGG-1,
GAGCCAGCTACCTGTG-1,2
GAGCCGAGCGTTTATT-1,4
GAGCGAGGGAGTACCG-1,
GAGCGCAAATACTCCG-1,2
GAGCGCGCACGAGTAG-1,2
GAGCGCTGTTAGGTAA-1,2
GAGCGGAATGCGGTGT-1,5
GAGCTAAGGGCATATC-1,
GAGCTCTCGGACCTAA-1,
GAGCTGTCGTCTCGGA-1,
GAGGAATGGAGAGGTT-1,2
GAGGATAAACAGTGCT-1,
GAGGCATTTGCAGCAG-1,
GAGGCCCGACTCCGCA-1,2
GAGGCCTGTTGATACA-1,2
GAGGCTATCAAAGTCG-1,2
GAGGGAGTCAGATCGC-1,5
GAGGGCATCGCGTATC-1,
GAGGGCCGGCAGAGTC-1,4
GAGGGCGCAGCTCTGC-1,
GAGGGTAGTAACAAAG-1,
GAGGTACATCCATCTT-1,
GAGGTACGCGTGTCCC-1,5
GAGGTCCCAAAGATCT-1,
GAGGTCTTAGTGGGTC-1,
GAGTAAACCGGAAAGT-1,2
GAGTAAGGCCACGGGA-1,2
GAGTACGGGTATACAA-1,
GAGTAGATACTAGTTG-1,5
GAGTATCAAAGTTACA-1,2
GAGTATGCCCGCCTTG-1,
GAGTATGCGCGTGCAT-1,5
GAGTCAGACCAGAATC-1,
GAGTCCGCTTACCGGA-1,2
GAGTCGACAGACCCTC-1,
GAGTGCACGGACAACA-1,4
GAGTGTCAACCAGAAA-1,3
GAGTGTGCGGTACCCA-1,2
GAGTTGATGGCAATTT-1,2
GATAAATCGGTGGATG-1,
GATAACTCGCACTGTG-1,
GATAAGGCAGATGCAA-1,
GATACGATGGGAGTCA-1,2
GATAGGTAACGTTGAC-1,2
GATAGGTGTCCCGGGC-1,
GATAGTGCGAGTAAGT-1,5
GATATCAGTATGTATC-1,
GATATCTCATGCAATA-1,
GATATGAGACACTAAC-1,
GATATGCGGTAGCCAA-1,
GATATGGATTACGCGG-1,
GATATTGAGATTGGCG-1,
GATATTTCCTACATGG-1,
GATCAACATAAAGGGA-1,
GATCATTCCAAACATT-1,2
GATCCCTTTATACTGC-1,
GATCCGAATATAAGTG-1,
GATCCGGGAATTAACA-1,2
GATCCTAAATCGGGAC-1,4
GATCCTCGACACTGGC-1,2
GATCCTCTTGCGCTTA-1,4
GATCGACACTATCTGA-1,
GATCGCGGGCTCTCCA-1,2
GATCGCTACCCGATTT-1,2
GATCGCTATATCTCAG-1,2
GATCGCTGTGGTGCGT-1,
GATCGGATAGAACCAT-1,
GATCGGCGATAAGTCG-1,
GATCGGTGGCCATAAC-1,
GATCGTGACTGATATC-1,2
GATCTCGACGCTGTGG-1,2
GATCTGCTATCTAAGG-1,5
GATCTTAGTGAACGTG-1,
GATCTTCATTGTCCTC-1,
GATCTTGGAGGGCATA-1,2
GATCTTTGCAGGGTAT-1,2
GATCTTTGCTCAAAGA-1,4
GATGACAAGTAGGGCA-1,
GATGACGATGATCGCG-1,
GATGAGGAACCTTCGG-1,
GATGCCAGCAGAAGGC-1,
GATGCCTTCTGCGGCA-1,2
GATGCGAATGGTATTA-1,
GATGCGTCCTGCATTC-1,2
GATGCTACAAGCGCCT-1,
GATGCTGTATTTCATC-1,
GATGGCGCACACATTA-1,
GATGGTGAAATAACCC-1,4
GATGGTGCCCTAGGCA-1,
GATGTAACGAACCACC-1,2
GATGTCCGGATCACAT-1,4
GATGTCGGTCAACTGC-1,
GATGTGTTGTCACAAG-1,
GATGTTCAATCCACGA-1,2
GATGTTTGTGCGAGAT-1,
GATTAACCGAAAGCCC-1,
GATTAATCCTGGCTCA-1,
GATTACTGAATTTGGG-1,2
GATTCCCTTGTCGCAG-1,
GATTCCGCGTTTCCGT-1,
GATTCCTATACGGCGC-1,
GATTCGACGGTTCACG-1,
GATTGACACTCTGCTC-1,
GATTGCTCCAGTTGCA-1,
GATTGGGAAAGGTTGT-1,5
GATTTAGTGCGTACTG-1,4
GCAAACCCTACATTAT-1,2
GCAAACCTTGGCCATA-1,3
GCAAACGTCGCCAGGT-1,
GCAAAGGGCGTTAGCC-1,2
GCAAATATTACGCTTT-1,2
GCAACACACTAGAACT-1,2
GCAACAGCAGTATGCG-1,2
GCAACCACCAGACCGG-1,
GCAACCACGGCCGCGT-1,2
GCAACCCAAGTTGTTT-1,
GCAACGGCTAGTTATG-1,
GCAAGAATTCCTTGGC-1,2
GCAAGATGTGTTCGCG-1,
GCAAGTGCACAGAGAA-1,
GCAAGTGTAAAGCATG-1,5
GCAATTAGTCGCACCG-1,4
GCACAAACCCTAGATG-1,2
GCACAAACGAGGCGTG-1,
GCACAACCTCGGGCGT-1,2
GCACAAGTGGATCATA-1,
GCACAAGTGTCGGAAG-1,
GCACACACTGGTAGCC-1,
GCACACGCCCATGGTC-1,
GCACGCCTACTTAGAT-1,
GCACGTGGTTTACTTA-1,2
GCACTAGTCGCGCTAT-1,
GCACTGCCTACCTTTA-1,5
GCACTGTGCAAATGTA-1,
GCAGAAACGTAATCCA-1,
GCAGAAGGTAATCTCC-1,2
GCAGACCCAGCACGTA-1,
GCAGATCCATAAGACT-1,2
GCAGATCCTCGCAAAT-1,
GCAGATTAGGGATATC-1,
GCAGCACACAGCCCAG-1,2
GCAGCCTATATCACAT-1,
GCAGCGGTGGGCATTA-1,
GCAGCTATGGACAGGT-1,
GCAGGAACTTAGATCT-1,2
GCAGGACTATAGAATA-1,2
GCAGGTAGAGTATGGT-1,
GCAGTGCGGGCGGATG-1,2
GCAGTGTGGCTATAGG-1,
GCAGTTCGATCCGAGC-1,2
GCATAAATTGAACGCC-1,4
GCATACGAGGTCTTTA-1,
GCATAGAGCACTCAGG-1,
GCATCCCTAACTTTGA-1,
GCATCGGCCGTGTAGG-1,
GCATGAGGGACGCGGC-1,
GCATGCTAATAACGAT-1,
GCATTCAAGGCAACGC-1,
GCATTCGAAATGAACA-1,
GCATTGTAATTCATAT-1,2
GCATTTCCAAGGCTCC-1,4
GCCAACCATTTCCGGA-1,4
GCCAAGAATACTTCTG-1,
GCCAATAGGGCATCTC-1,4
GCCACAATTTAAGGAC-1,2
GCCACTCAGAGCGCGA-1,
GCCACTCCTTACGGTA-1,2
GCCAGGAGTAACCGAT-1,
GCCAGGCGTTCGCATG-1,
GCCATATTGCACACAG-1,
GCCATCGAGCTGCGTG-1,
GCCATCGATGCTGCAT-1,4
GCCATTAGCCTCAAAC-1,2
GCCCACCAAGGCTGTC-1,
GCCCACTGGTCCACAA-1,4
GCCCAGATGCTGGAGA-1,
GCCCAGTTGGTATGCC-1,
GCCCATGGGTGCAATG-1,
GCCCGACTTCTTCCCG-1,2
GCCCGAGAGTCTAAAT-1,2
GCCCGATCTGTGGTCG-1,
GCCCGCGCGTAAACGG-1,2
GCCCGCGCGTTTGACA-1,
GCCCGTAATACCTTCT-1,
GCCCTAGCCGTCGCGA-1,2
GCCCTGAGGATGGGCT-1,5
GCCGAAATTCCTACGT-1,
GCCGACCCACGACTGC-1,
GCCGATTGGCCAAGCT-1,2
GCCGCACTCCGTTTCA-1,
GCCGCATTAGTCCGGC-1,2
GCCGCTAGATACGCAG-1,
GCCGCTTGTGAGAAAC-1,2
GCCGGAAACACATCTT-1,
GCCGGGTTAGGGTCGC-1,2
GCCGTCGGTTTCGGGC-1,3
GCCGTGGAAGAAATGT-1,
GCCTACGTTCTGTGCA-1,
GCCTAGCGATCTGACC-1,
GCCTATAGTGTCAGGG-1,
GCCTATGCTGGGCCTT-1,
GCCTATTCCGATATAG-1,
GCCTATTTGCTACACA-1,
GCCTCATCTGGAAATA-1,
GCCTCCGACAATTCAC-1,
GCCTCTATACATAGCA-1,
GCCTGCTACACTGAGA-1,4
GCCTTCAGCCCTACCG-1,
GCCTTGTATATGCAGT-1,
GCCTTTGTCAGTGGAC-1,
GCGAAACGATCGGGAG-1,2
GCGAAACTTAACTGGA-1,2
GCGAAGAATCTGACGG-1,
GCGAAGCCATACCCGT-1,
GCGACATGTAAACATC-1,4
GCGACCCAACCATCTG-1,
GCGACGATAGTTGTAC-1,
GCGAGAAACGGGAGTT-1,
GCGAGAGGCCATGTAA-1,4
GCGAGAGTTGCGTCCA-1,
GCGAGCGCATGCTCCC-1,
GCGAGGCCCGAGCAGA-1,2
GCGAGTTCTGCAAAGA-1,
GCGATGTCTGTGCTTG-1,4
GCGATTCTGGAAGCAG-1,
GCGATTGTTAACGTTA-1,
GCGCAAATATATTCAA-1,2
GCGCAAGAGCGCGCTG-1,
GCGCATCCAGTCAGCA-1,
GCGCCGTTCCACGATA-1,2
GCGCCTCCCACTCCGA-1,2
GCGCGATGGGTCAAGT-1,
GCGCGGTCTAGTAACT-1,
GCGCGTCATTGGTACA-1,
GCGCTAAGTATGCATG-1,
GCGCTAATTGAATAGA-1,
GCGCTATGCCGAGGCA-1,2
GCGCTCGATCACCTGT-1,
GCGCTGATCCAGACTC-1,
GCGCTGCTTTGCATTT-1,
GCGCTTAAATAATTGG-1,2
GCGGACCGCGTTGTGG-1,
GCGGAGAAACTTCGCA-1,
GCGGAGAGGGAGAACG-1,2
GCGGCAAAGTATTGCC-1,2
GCGGCTCTGACGTACC-1,2
GCGGGAACCAGGCCCT-1,
GCGGGCATTACGATGC-1,4
GCGGGCGAGCCTTACC-1,3
GCGGTAACCCAAATGA-1,
GCGGTCCCTAGACGCA-1,
GCGGTGAACTGCGCTC-1,
GCGGTGCGGAGCATCG-1,4
GCGGTTCCCTATCATG-1,2
GCGTAAATGGCCATAA-1,
GCGTCCCTAAGACATA-1,5
GCGTCGAAATGTCGGT-1,
GCGTCGCCAGGGTGAT-1,
GCGTCTCTGCATTGGG-1,2
GCGTGGTACTGGGTTA-1,
GCGTGTATGTCGTATT-1,4
GCGTTATATTTGGAAC-1,
GCGTTCGGAGACCGGG-1,
GCTAAACCTGAGGTGA-1,
GCTAACTGAAGTCTGA-1,
GCTAAGTAAAGGCGAT-1,
GCTAAGTAGTTTCTCT-1,
GCTAATACCGAATGCC-1,
GCTACAATCGAGGATA-1,2
GCTACAGTACGGACCG-1,
GCTACGACTTATTGGG-1,2
GCTACTATAGTAGAGT-1,2
GCTAGACCGTCTACTG-1,
GCTAGAGTAGAGATGT-1,2
GCTAGCACCTGGGCCA-1,
GCTAGCAGGGAGTGGG-1,
GCTAGCGATAGGTCTT-1,2
GCTAGCTTGAATAGCT-1,
GCTAGGCACCACGGAG-1,2
GCTAGTAGAGCTTGTA-1,2
GCTAGTTTCATTGAGG-1,
GCTATACGTCTCGGAC-1,2
GCTATCATACTCATGG-1,
GCTATCGCGGCGCAAC-1,
GCTCAACCTCTTAGAG-1,
GCTCAATCCGTTTATT-1,2
GCTCAATGTAATACCG-1,5
GCTCATTACTGCATGT-1,
GCTCCATGAGTGCAGA-1,2
GCTCCATGCAAAGCAA-1,
GCTCCCAGTCGGTCCA-1,
GCTCCGCTCGCTTCAG-1,
GCTCCGGACGTTGATA-1,
GCTCCTGACATACTGG-1,
GCTCGACCGAACTGAA-1,
GCTCGCGGTTCCGCTC-1,
GCTCGCTCATGTCCAA-1,
GCTCGGAATTTAAAGC-1,
GCTCTAAACCCTGACG-1,
GCTCTATGTTACGTGC-1,
GCTCTCGGGTACCGAA-1,
GCTCTTTCCGCTAGTG-1,5
GCTGAACTCTCCAGGG-1,
GCTGAATCTTCCAATC-1,2
GCTGAGCAACGGTTCT-1,
GCTGAGGCGTGAGTAT-1,2
GCTGCACGGTTTCTTA-1,2
GCTGCGCCTCCCACGT-1,4
GCTGCTAAGTAGTCGA-1,
GCTGCTACTGCGTAGC-1,
GCTGCTCTCCGGACAC-1,
GCTGGACCCAAAGTGG-1,
GCTGGCAGGTGCCGTG-1,
GCTGGCATATTCACCT-1,
GCTGGCGGCGCATGCT-1,
GCTGGTGACTCGTAGT-1,4
GCTGGTTTAGGCCATA-1,2
GCTGTATTACTGGCCC-1,2
GCTGTCTGTGATCGAC-1,
GCTGTTGCTACCGAAC-1,
GCTTAATGTAACTAAC-1,
GCTTACGTAGTTAGTA-1,
GCTTAGGGAAGCGGTA-1,4
GCTTATGAAGCAGGAA-1,
GCTTCAGTGGGATTAC-1,
GCTTCCGTCCCTAGAC-1,
GCTTCGACGTTCAATC-1,
GCTTGATGATAATCAG-1,
GCTTGCAGCACAATTG-1,4
GCTTGGATCGATTAGG-1,
GCTTTCAGAGGAGGTG-1,
GCTTTCTATCTCAACT-1,
GCTTTGCTGCCGGGTA-1,
GGAAACCTTGTTGAAT-1,4
GGAAACTAAATGGGCC-1,2
GGAAAGTGCCCATGCC-1,
GGAACCCGAACAAGAA-1,
GGAACCGTGTAAATTG-1,
GGAACCTTGACTCTGC-1,2
GGAACGGCCTGCAGCC-1,
GGAACTTTGGCGATTA-1,2
GGAAGATAAGACTGTA-1,
GGAAGCTCGCTTACAG-1,
GGAATAACCTCAAGAA-1,
GGAATGCGCTAGCGTG-1,
GGACAAGTTGCAGTGA-1,
GGACACAAGTTTACAC-1,
GGACCAACAGGATAAC-1,
GGACCTACGGTAACGT-1,4
GGACCTCTAGGCCGCC-1,
GGACGGCTTGCGCAAC-1,
GGACGTCCATAGTTGG-1,
GGACTAAGTCAGGAGT-1,
GGACTCACAAATTAGG-1,2
GGACTCGACAGCGCAT-1,5
GGACTCGTGAGTGGTC-1,5
GGACTCTTCCGGTTGA-1,2
GGAGAAGTCATTGGCA-1,
GGAGACCAATGTGCTT-1,4
GGAGACCATCTACATA-1,2
GGAGACGACACCTTTG-1,2
GGAGCAACATTTCAAG-1,2
GGAGCACCAAGAACTA-1,
GGAGCGAGGCCTACTT-1,5
GGAGGATTGAAAGGAG-1,
GGAGGCCGAAGTCGTC-1,
GGAGGCGAAGAACCGC-1,4
GGAGGGCTTGGTTGGC-1,
GGAGGGTCAAGTAAGA-1,2
GGAGTGCCGCCCTGGA-1,
GGATACTCATGAATTG-1,
GGATCAAAGGACGAGG-1,
GGATCATCCCGTACGC-1,
GGATCCGGAATATACT-1,
GGATCTTACTGCCCTT-1,
GGATCTTGACTCAACC-1,2
GGATGAAGATCGCTGA-1,2
GGATGACGCGAGTTTA-1,2
GGATGCTGGCGTTCCT-1,
GGATGTCCTTACCGCA-1,
GGATTAAGCTAAGGTC-1,
GGATTCAGTACGGTGG-1,
GGATTCCGCTATACCC-1,
GGATTGCTGTGACTCC-1,
GGATTTCACTTCTATA-1,
GGCAAAGGCGCCAATA-1,2
GGCAAATTACTTTACT-1,
GGCAAGCCAGGGATAG-1,4
GGCAAGCCCATAGTGG-1,5
GGCAAGGCGAAATAGC-1,2
GGCAATAGTCAATGAG-1,
GGCACTCAGCCGACCC-1,2
GGCACTCCACTGGGCA-1,
GGCAGCAAACCTATGC-1,2
GGCAGCGGTAATCCTA-1,4
GGCATACAGGTAGCGG-1,2
GGCATATCGGTTCTGC-1,
GGCATCAACGAGCACG-1,
GGCCACACGAAAGCCT-1,
GGCCCAATCTAGAGGG-1,4
GGCCCAGTTATCAGCA-1,
GGCCCGGAGCATGTCT-1,4
GGCCCGTATACCATGC-1,
GGCCCTCACCCACTTA-1,2
GGCCGAGACTCTGGTG-1,
GGCCGGCGTCTGCTAT-1,5
GGCCGTTTGGGTTTCA-1,
GGCCTGCTTCTCCCGA-1,2
GGCCTTTGCAACTGGC-1,
GGCGAAATCTAACTTG-1,
GGCGAACCGTTCTGAT-1,4
GGCGAGCGAAACGGCA-1,2
GGCGCAGGACATCTTC-1,2
GGCGCATGAATTGATG-1,2
GGCGCGGAGATCTTTC-1,
GGCGCGTTCGAGTTTA-1,2
GGCGCTCCTCATCAAT-1,
GGCGCTTCATTCCCTG-1,5
GGCGGAGTAATATTAG-1,2
GGCGGGCTCTAAGAGT-1,
GGCGGTAGGATCATTG-1,
GGCGGTTTGCCGGTGC-1,
GGCGTACCCTATATAA-1,
GGCGTAGGGAAAGCTG-1,
GGCGTCCTATCCGCTG-1,
GGCTAAAGGGCGGGTC-1,
GGCTAATGATTGAAAT-1,4
GGCTACTATACACTCC-1,
GGCTATTAAGTTGTAT-1,2
GGCTCCTCCACCTGTT-1,
GGCTCGCGTTGAGGTA-1,
GGCTCGTGCCACCAGC-1,
GGCTCTGCTCCAACGC-1,
GGCTGAAATAGCAAAG-1,2
GGCTGAGCATCGTAAG-1,
GGCTGGCTAGCTTAAA-1,
GGCTTGGCTCTCACCT-1,4
GGCTTTCAATAAGGGT-1,
GGGAACGGGAGGTTAG-1,2
GGGAACGGTTTCAGAT-1,
GGGAAGACGGTCTGTC-1,5
GGGAAGGGCTTTCTCA-1,
GGGAATGAGCCCTCAC-1,4
GGGAATTCTGTCCAGT-1,
GGGACAGAGTTACTCC-1,2
GGGACCCGTATATCTT-1,
GGGACTGCATAGATAG-1,2
GGGAGAACTCACAGTA-1,
GGGAGCGACCGTAGTG-1,3
GGGAGGATGCCCGAAA-1,2
GGGAGTAATGGCTGGC-1,
GGGAGTTAATGAGGCG-1,
GGGATACGGTAATAAT-1,
GGGATGGTCGTAACCG-1,2
GGGATTTACCGCACCT-1,
GGGCAACCGCACGTGC-1,2
GGGCACGAATTGGCCG-1,
GGGCACGTAGTACTGT-1,
GGGCAGAGCAATCGTT-1,
GGGCAGTCAACGCCAA-1,
GGGCCCGTCTTAAACA-1,2
GGGCCCTACGAAAGGG-1,
GGGCCGGCCGAAGTAC-1,
GGGCCTAAATGGGCTA-1,2
GGGCCTATACAACCGG-1,
GGGCCTATTTAAGTAT-1,
GGGCGAATTTCTCCAC-1,
GGGCGATATGTGTGAA-1,2
GGGCGCAGCGTTACTC-1,4
GGGCGGCAAATGAATT-1,
GGGCGGGTTCCCTACG-1,2
GGGCGGTCCTATTGTC-1,
GGGCGTACATTTATAT-1,
GGGCGTCACCACGTAA-1,
GGGCGTCCACTGGCTC-1,
GGGCGTGGTTTCCCAG-1,
GGGCGTTTACATTCAT-1,2
GGGCTATGATCGATGG-1,
GGGCTCATCGAACCCA-1,
GGGCTGCCTAGGGCGA-1,
GGGCTGGTTAGTCGCG-1,
GGGTAATGCTGTGTTT-1,
GGGTACCCACGGTCCT-1,
GGGTACTTCATGAACT-1,2
GGGTATGTATGCACTT-1,2
GGGTATTCTAGCAAAC-1,2
GGGTCACCGTGACGGT-1,
GGGTCACGTGCTTATG-1,
GGGTCACTGAGTAGTG-1,
GGGTCAGGAGCTAGAT-1,5
GGGTCATGCGTACCAT-1,
GGGTCGTGGCAAGTGT-1,4
GGGTCTATCGCTTTCC-1,2
GGGTGACACCTTAACT-1,2
GGGTGCATATGAAAGC-1,4
GGGTGGTCCAGCCTGT-1,
GGGTGTTTCAGCTATG-1,
GGGTTAACATTTGAGT-1,3
GGGTTCAGACGAACAA-1,
GGGTTTAGGATAGGAT-1,
GGTAAATGTGCGTTAC-1,
GGTAACCGGGAGGATA-1,2
GGTAACTATGTATCTG-1,
GGTACAAACATGCTAT-1,
GGTACACCAGATTTAT-1,4
GGTACATCTGGGACGA-1,
GGTACCATTAAGACGG-1,4
GGTACTAAGTGCTTTG-1,2
GGTAGAAGACCGCCTG-1,
GGTAGACCGTTGGGCG-1,
GGTAGTGCTCGCACCA-1,
GGTATAGTGACACATA-1,4
GGTATTGCCGAGTTTA-1,
GGTCAAGACTACTTCG-1,2
GGTCAGTGGGTCCCAC-1,2
GGTCATTGTAGTCATA-1,
GGTCCCATAACATAGA-1,
GGTCCTTCATACGACT-1,4
GGTCGGATAAACGGCG-1,4
GGTCGGCCAGGAGCTT-1,
GGTCGGTAATTAGACA-1,
GGTCGGTCGTCCACAG-1,
GGTCGTAAGCTCGCAC-1,2
GGTCTCCAAGTAGTGC-1,2
GGTCTCCGTCCAGGTT-1,
GGTCTCTGAATGGACT-1,2
GGTCTGAGAATCTGGA-1,
GGTCTTGAGCGCTCTT-1,
GGTGAAACCGGGAATG-1,
GGTGAACGGGCTAGCC-1,
GGTGAAGTACAGGGAT-1,2
GGTGAGATGCAGATAA-1,
GGTGATAAGGAGCAGT-1,
GGTGATGAAGGAAGTG-1,
GGTGATTTCATCTTGT-1,
GGTGCAGAGCCTATCG-1,
GGTGCATAAATGATTA-1,5
GGTGCGGATAAGTGGC-1,
GGTGCTGATCACAAAG-1,
GGTGCTGGTACACATT-1,2
GGTGGACCACGTGTTA-1,
GGTGGACTGCTCTGGC-1,2
GGTGGAGGTTGATACG-1,
GGTGTAAATCGATTGT-1,5
GGTGTTCTGTTTCTAC-1,
GGTGTTGGGCGTCTTA-1,2
GGTTACCACCCTCGGG-1,2
GGTTACCCGACACTTT-1,4
GGTTAGCTATATGTCT-1,2
GGTTAGGCTTGGAGAA-1,2
GGTTAGTTACGGCGCC-1,
GGTTCCACCCGCTTCT-1,
GGTTCCCTAGTGTCTC-1,
GGTTCGATGCTGAGTT-1,
GGTTCGGATTATACTA-1,
GGTTCTACTCGTCTGA-1,
GGTTGTGCTCTTGTCC-1,
GGTTGTGTAGCCTGGC-1,
GGTTTAATTACCATCG-1,
GGTTTAATTGAGCAGG-1,4
GGTTTACAATCTCAAT-1,
GGTTTAGCCTTTCTTG-1,2
GGTTTCAATCGGTCAG-1,
GGTTTGACAAGAAGCT-1,
GGTTTGAGTGCTGGAA-1,
GGTTTGCGAACACGTA-1,
GGTTTGTGACCTGAGG-1,2
GTAACAACTGACCTTG-1,4
GTAACATCAGCTCATC-1,
GTAACATCTAAGATAA-1,2
GTAACTGCCCAAGGAG-1,5
GTAACTTGCGGCAGTC-1,
GTAAGCGGGCAGTCAG-1,
GTAAGGATTTGTCGGA-1,
GTAAGTAACAGTCTGG-1,
GTAAGTAGGGTATACC-1,2
GTAAGTCCACACTCTA-1,
GTAATAAAGGGCTCCC-1,
GTAATCTGATTCTTCG-1,
GTACACTTACCTGAAG-1,
GTACAGAGGCAAGGGT-1,
GTACGACGGCGCTGCG-1,
GTACGAGATTGCGACA-1,
GTACGCTTCATTGCAC-1,2
GTACGTCACGTATTAA-1,
GTACGTTTGCCCGTCA-1,2
GTACTAAGATTTGGAG-1,
GTACTCCCTTATCGCT-1,2
GTACTCCTGGGTATGC-1,4
GTACTGAGGTCGTAAC-1,
GTACTGCATGAAGCGT-1,
GTACTGGAGTTAGACC-1,
GTACTTGGGCACTTCT-1,
GTAGAAACGGGTGGAG-1,
GTAGACAACCGATGAA-1,4
GTAGACACGCCTGACT-1,
GTAGACGTCGTTACAT-1,
GTAGAGGGAGACAAGT-1,2
GTAGCCAAACATGGGA-1,2
GTAGCGCTGTTGTAGT-1,
GTAGCGGCTATACACT-1,
GTAGCTAGTAAGCGCG-1,
GTAGCTCCGGGAGGCT-1,
GTAGCTTCCTCTTGTT-1,
GTAGGTGATCCGTGTA-1,4
GTAGTCGCGGGAATCA-1,2
GTAGTCTACGATATTG-1,
GTAGTTAGACAATATA-1,
GTAGTTCGAAGGCGAA-1,5
GTAGTTTAAGCACACG-1,2
GTATAATCTCCCGGAT-1,
GTATAGGACTCAGTAG-1,
GTATAGTGGCCCATGT-1,
GTATATGTTACGGCGG-1,
GTATCAAACGTTAGCT-1,2
GTATCAGCTTGGGTTC-1,
GTATCCTTTGGTAACC-1,
GTATCGGGACGAGCTG-1,4
GTATCTCAGTCTTGAC-1,2
GTATCTTTCATAACCA-1,2
GTATGAAATTTCACTC-1,2
GTATGACGTGGGAAAC-1,4
GTATGTGGGTCTAGTT-1,
GTATTAAGGCGTCTAA-1,
GTATTAGGGTTCGCGT-1,
GTATTCTGAGAAACGA-1,2
GTATTCTTACCGTGCT-1,
GTATTTAATGGCATAA-1,
GTCAAAGAAGTGGTGT-1,2
GTCAAAGTTTACATAG-1,
GTCAACCAGGCCTATA-1,2
GTCAAGCGGACTCGGG-1,2
GTCAATTGTACTGAAG-1,
GTCACAAAGTTTCCAA-1,
GTCACCTGTCTATGTC-1,
GTCACTCTCCAAATCT-1,
GTCAGAATAGTCTATG-1,
GTCAGTTGTGCTCGTT-1,
GTCAGTTTGGTAGTCG-1,
GTCATGCACCTCCGTT-1,
GTCATGCGCGAGGGCT-1,
GTCATGGACATGACTA-1,
GTCATTAGAGCGAACG-1,2
GTCATTGCATTGACCC-1,2
GTCCAATATTTAGCCT-1,5
GTCCACGTCGCATTCG-1,
GTCCAGGCACGTGTGC-1,
GTCCATTACTGCTACG-1,
GTCCCAACGTAAAGTA-1,
GTCCCGCGACGTTATG-1,
GTCCGAGAGCAATCAT-1,
GTCCGGACCTGAAATT-1,2
GTCCGGCTGAATTGCG-1,
GTCCGGGTTCACATTA-1,5
GTCCTACAGGCGGCTC-1,
GTCCTACGAATAGTCT-1,2
GTCCTATTGTTGTGGT-1,
GTCCTTCTACAACCCA-1,
GTCCTTCTAGTGGGTT-1,
GTCCTTTAATGACTTC-1,
GTCGAATTTGGGCGCT-1,
GTCGATAGGTGACTTT-1,
GTCGCCGTTGTGTGTT-1,
GTCGCGTAACCCGTTG-1,2
GTCGGAAGGATACCAG-1,
GTCGGATATCTCAGAC-1,
GTCGGATGTAGCGCGC-1,
GTCGGGAAGCAGAAAC-1,
GTCGTACCATCTCGGG-1,2
GTCGTACCTACGATTG-1,
GTCGTATTGGCGTACA-1,4
GTCGTCAATTATAAGG-1,
GTCGTCTGGTTGGCTA-1,4
GTCGTGTCTGGTCATC-1,
GTCGTTATTCGCTTAT-1,2
GTCTAAGATGCCCAGC-1,4
GTCTACTCAATTACAA-1,2
GTCTAGTGAGCCGCTT-1,3
GTCTATCTGAGTTTCT-1,2
GTCTATTGCATGCTCG-1,2
GTCTATTGGTTCCGGT-1,2
GTCTCAAGGCCCGGCT-1,
GTCTCCTGCCAGTATG-1,2
GTCTCGACTAAGTTTG-1,4
GTCTCGATCTGCTTTC-1,
GTCTGGGCGGTCGAGA-1,2
GTCTTAGTACAGCCGG-1,
GTCTTCCTCACCTAAG-1,
GTCTTGAGGAGCAGTG-1,
GTCTTGTAGCTATTCA-1,
GTGAAACGGCGCCACC-1,
GTGAAACGTGCTCCAC-1,
GTGAACTCCCATTCGA-1,
GTGAAGATTTCAAGTG-1,4
GTGAAGCCGTATAGTC-1,4
GTGAAGTCACGACTCG-1,2
GTGACAGCTTCCCACT-1,5
GTGACCGCACACTACG-1,
GTGACCTAAAGAATAA-1,4
GTGACGAGGGTGACCC-1,4
GTGACGCAGGTTTCAT-1,5
GTGACTTCAGTAGTGC-1,2
GTGAGATAACCTTATA-1,
GTGAGCGTGCTGCACT-1,2
GTGAGGACACTTAAGG-1,
GTGAGGAGCGGTTGAG-1,4
GTGAGTCTAAGACGGA-1,
GTGAGTGGTACAACGC-1,
GTGATCAAGCGTGCAC-1,2
GTGATCACTAACGCCT-1,2
GTGATCATAGATCTGC-1,2
GTGATCCTTGTCATGA-1,3
GTGATGCACAACATCT-1,
GTGATTCGCCGCTCAA-1,2
GTGCAACAAATGTGGC-1,
GTGCACCAGCTTCAAC-1,5
GTGCACGAAAGTGACT-1,
GTGCAGCGTAGAGTAG-1,
GTGCCATCACACGGTG-1,2
GTGCCCGTTCGGATTC-1,
GTGCCGCTTCAAAGGT-1,2
GTGCCTAGCTATGCTT-1,
GTGCCTCAGTGTACGG-1,
GTGCCTGAGACCAAAC-1,
GTGCGAAATCGAACAC-1,2
GTGCGACAGGGAGTGT-1,
GTGCGCAGCTTGCTCC-1,
GTGCGGGTCTCCAAAT-1,
GTGCGTGTATATGAGC-1,
GTGCTCAAGTACTGTC-1,2
GTGCTGCAGATAAGGA-1,
GTGCTTACATCAGCGC-1,
GTGGAACCTACATGCG-1,
GTGGACCAACCCGATT-1,2
GTGGACGCATTTGTCC-1,
GTGGACGTGCTGAGAC-1,
GTGGAGCATGTCGGCC-1,
GTGGAGCGTTTACCGA-1,2
GTGGAGTCGGCGGTTG-1,
GTGGCAAACAGCGGCA-1,2
GTGGCGGTCCCAGCGT-1,2
GTGGCGTGCACCAGAG-1,
GTGGGAAGACTGAATC-1,2
GTGGGCTTAGACACAC-1,2
GTGGTATAGTCTGCCG-1,
GTGGTCAGCGAAGTAT-1,
GTGGTGGCCAAGTGAA-1,2
GTGGTTACTTCTTTCG-1,4
GTGGTTTCCGCCTTTC-1,2
GTGTACCTTGGCTACG-1,
GTGTATATCAGCGGGC-1,
GTGTCAGTGTACGTGG-1,5
GTGTCCGATAAGGCAT-1,
GTGTCGTATAGCGTTC-1,
GTGTCGTATTCACCTT-1,4
GTGTGAATAACTTAGG-1,
GTGTTACTATGCGTCC-1,
GTTAAAGTAGGACTGG-1,2
GTTAACATCACTTAAA-1,
GTTAACTATGTTGTCA-1,
GTTAAGGGTGCGATGT-1,
GTTAAGTTAGAGTGGG-1,
GTTAATGTCTATCTTA-1,
GTTACAATTGGTGACG-1,2
GTTACCTACAACTTGC-1,2
GTTACGGCCCGACTGC-1,4
GTTACTTTGGGCCTAG-1,2
GTTAGAGTGTGCCGCT-1,
GTTAGCCCATGACATC-1,5
GTTAGCCGTAAATCAA-1,4
GTTAGGCTACCCGTTT-1,2
GTTATAATACGGTGAA-1,2
GTTATATCAGGAGCCA-1,4
GTTATATTATCTCCCT-1,
GTTATCACCTTCTGAA-1,
GTTATTAAATACGACC-1,
GTTATTAACGTGGGAG-1,
GTTCAAATCAGATGTC-1,4
GTTCAATCTATGTCAA-1,
GTTCACAGGAGTCTAG-1,
GTTCATCGTTTGGCTG-1,
GTTCCAAGACAGCGAC-1,4
GTTCCAGTCTGACCAT-1,
GTTCCCGTAAACATAT-1,2
GTTCCGTCCGCCTGCA-1,
GTTCGCCATAAGTGCC-1,2
GTTCGCTGAGACGTCT-1,2
GTTCGGAGCACTCAAC-1,
GTTCGGATCGGGAACA-1,
GTTCGGGCGTACCATT-1,4
GTTCGTCTAAAGAACT-1,2
GTTCTTCCCTCGATGT-1,
GTTGAACCGGTTCCAT-1,2
GTTGAGTCCCGCCGGT-1,2
GTTGCACGGAGTTTCG-1,
GTTGCGCTAACATTAC-1,
GTTGCGGACGGTCAGG-1,
GTTGGACCGCATCAGG-1,4
GTTGGATTCAGTGGCT-1,
GTTGGATTGAGAACAC-1,
GTTGGATTTGCGTTGG-1,2
GTTGGTCATGCTATCC-1,
GTTGTCGTGTTAGTTG-1,
GTTGTTACATTGCGCT-1,
GTTGTTGCAAGATGGC-1,2
GTTTACGTTCCATCTG-1,2
GTTTATGGGATTTAGA-1,
GTTTCAAACGAGTTGT-1,2
GTTTCATATCGTCGCT-1,
GTTTCCTGGAGGGTGA-1,
GTTTCTGCAGTCTCCC-1,
GTTTGACCAAATCCTA-1,2
GTTTGGCCCAAGTTAT-1,2
GTTTGGCCGCTCAGCG-1,
GTTTGGCGTCAGGCAC-1,
GTTTGGGCTTGTGAGC-1,
GTTTGGGTTTCGCCCG-1,
GTTTGGTAGGGTCAAC-1,
GTTTGGTGATCGGTGC-1,5
TAAACCCAGGAGGGCA-1,
TAAACGTCGTCAATGA-1,
TAAAGACAACCCTTTA-1,
TAAAGAGCCCGAAACC-1,
TAAAGCGGTATTTCCA-1,5
TAAAGCGTTAGGAGAA-1,4
TAAAGCTGCAATAGGG-1,
TAAATCTTTACACCTC-1,
TAAATGAATCCGTTTC-1,
TAAATGCCGTCTCATG-1,
TAACAAAGGGAGAAGC-1,
TAACAATATTTGTTGC-1,
TAACAGCGTTTGTGCT-1,
TAACATACAATGTGGG-1,2
TAACATACACGCGATC-1,2
TAACCGCCCGCAGTGC-1,
TAACCTACCGTCCGAG-1,
TAACCTAGGGAGTCCA-1,2
TAACGCTTTGAGAGCG-1,2
TAACTATCGAAGGTCC-1,
TAACTATTACGCCAAA-1,4
TAACTCATCCGCGCGG-1,2
TAACTCCATGGAGGCT-1,
TAAGAGGGACAGGGAC-1,
TAAGCAGGCGACACGC-1,2
TAAGCCCTTACGACCA-1,
TAAGCGCGAATCAAAT-1,2
TAAGGAACTTGTGGGA-1,
TAAGGCAACATAAGAT-1,
TAAGGCATAACATCAA-1,
TAAGGCCCGTCACCCT-1,
TAAGGCTGAATCCCTC-1,2
TAAGGGCCTGTCCGAT-1,2
TAAGGGCTGGGAGAGG-1,
TAAGTAAATGTGCCGC-1,
TAAGTAACATCTTGAC-1,2
TAAGTCGCCGAGTATC-1,2
TAAGTTGCGACGTAGG-1,2
TAATAAACAAGGAGAT-1,
TAATACACAGTAGTAT-1,
TAATACTAGAACAGAC-1,5
TAATAGAACAGAGTTA-1,2
TAATAGGTCACCAGAA-1,
TAATAGTGACGACCAG-1,
TAATATTGAAATTCGC-1,
TAATCAACCAAATGGG-1,
TAATCAGGAATGCTGC-1,
TAATCGATCCGTACGT-1,
TAATGAAAGACCCTTG-1,
TAATTACGTCAGTAGA-1,
TAATTAGATGGATATG-1,
TAATTAGGACATCCGT-1,
TAATTGGAATCGGGAA-1,
TACAAATTGCGGAGGT-1,
TACAACGCACAACTCA-1,2
TACAAGCTGTTCACTG-1,
TACAAGTCTCGTGCAT-1,
TACACCGTCGTTAGTC-1,4
TACAGAAACGGTGGGC-1,
TACATAGGCATACACC-1,2
TACATCCCTATCCCTG-1,2
TACATCTTGTTTCTTG-1,
TACATGACCTTATCCG-1,
TACATGCCGGAATTGT-1,
TACATTTCTAACGTGC-1,2
TACCAAATAGCCCAGA-1,
TACCAATAAAGTACCA-1,
TACCAGAAGTAGGTTC-1,
TACCAGCTAGGTTTAA-1,
TACCAGGAATCCCGTC-1,
TACCGAATAATTGTAA-1,3
TACCGCGGACTTGCAG-1,
TACCGGCTCACTGCCC-1,2
TACCGGTCGTTTCCAT-1,2
TACCGTAGGTTAACTA-1,
TACCGTGCCTCGGACC-1,
TACCTACTCCCAGTAT-1,
TACCTCACGCTTGTAC-1,
TACCTCAGTTGTCTGT-1,
TACCTCCACACCAATG-1,
TACCTGCTGCACTGTG-1,
TACCTTAAGATTTCCC-1,2
TACGAACACGACTTCA-1,
TACGACGCTTGCTGCG-1,2
TACGACTGCCTCTTAG-1,2
TACGAGAACTTCACGT-1,2
TACGATCCAAGCCACT-1,
TACGATGTTGATCATC-1,2
TACGCAGTTCTTTCCT-1,
TACGCCATATTCTAAT-1,2
TACGCCGAGGGTACCC-1,
TACGCCTCCATTCCGA-1,
TACGCTATAGAAACCT-1,
TACGCTCGGTATTGGA-1,2
TACGCTGCTGTGTTAA-1,
TACGGAAGCCAAACCA-1,5
TACGGCATGGACGCTA-1,
TACGGGATGCTAGCAG-1,
TACGTAAAGCGGAGTG-1,
TACGTACTAGTGCTGA-1,
TACGTGCACTATGCTG-1,
TACGTGGGCCCAGGGC-1,
TACGTTTACCGGCAAT-1,2
TACTATGGTTCCTCAG-1,
TACTCCTCTAGTTGAC-1,
TACTCGGCACGCCGGG-1,2
TACTCTCCGAACAAAT-1,
TACTCTTACTTTACTG-1,2
TACTCTTTCGTCTTCA-1,
TACTGAACAGATTTAG-1,
TACTGCAATCAATTAC-1,4
TACTGGACAGCTCGGC-1,2
TACTGTTTCTCTGGTA-1,
TACTTAAACATGTACA-1,2
TACTTGTTAGTAGTCC-1,
TACTTTACTGAGCCGG-1,
TACTTTCCGCACGCCA-1,2
TAGAAACCACTAAGTA-1,
TAGAAAGGTGGCGCTA-1,
TAGAAATTCACGTATA-1,
TAGAATAGCCGATGAA-1,
TAGAATTAAGGGCAAC-1,
TAGACGAAACGCCAAT-1,5
TAGACGCCCGTACCGG-1,
TAGACTACCTAGCGTT-1,
TAGAGATCATGCAACT-1,2
TAGAGCTACGAAGAAC-1,
TAGAGGTTCTACTTGT-1,2
TAGAGTCTAAGCGAAC-1,2
TAGATATGGACTGGAA-1,
TAGATCCGAAGTCGCA-1,
TAGATGGTTCCTTACT-1,
TAGATTCAAAGTGCGG-1,
TAGATTCCTGGTTATT-1,2
TAGCAACCTGTCACAA-1,
TAGCAGTAAATACGCG-1,4
TAGCAGTATGACTAAA-1,
TAGCCATTTCAAAGTC-1,
TAGCCGGCGGTCAGCG-1,
TAGCGTCCCTCGATTG-1,
TAGCGTCCGGTGTGGT-1,2
TAGCGTTGGGTCTTAC-1,2
TAGCTAAGTCCGGGAG-1,2
TAGCTAGAAGGCATGA-1,
TAGCTAGTGATGATGG-1,
TAGCTCAGATCCTAGT-1,4
TAGCTCGCCTGATAAC-1,
TAGCTGATGTGAAGCG-1,2
TAGGAACAGCCTCCAG-1,
TAGGCATGTTACGCCA-1,
TAGGCCTATATAGTCT-1,
TAGGCGATGAGGTCTC-1,
TAGGCGGCTGCAAAGA-1,
TAGGCTAAAGTGGCAC-1,
TAGGGAGCTTGGGATG-1,
TAGGGTGTTTCAAGAG-1,
TAGGTCCAAGTAAGGA-1,
TAGGTCGCCGGAACTG-1,
TAGGTGACGATAACCT-1,
TAGGTGAGCCCTACTC-1,2
TAGGTGCTCGCCTAGC-1,
TAGGTGTTCCACAGAT-1,
TAGGTTCGAGTTCGTC-1,
TAGTACCACAACTTTC-1,2
TAGTACCTTAGTGGTC-1,
TAGTAGCTTATACCAG-1,
TAGTCCCGGAGACCAC-1,5
TAGTCCGCAGAGAATG-1,
TAGTCCGTATGCATAA-1,
TAGTCGATCACGGGTT-1,2
TAGTCTAACAACGAGA-1,2
TAGTCTGTGACGTTGC-1,4
TAGTCTTTCCGAATTG-1,2
TAGTGAGAAGTGGTTG-1,4
TAGTGCCCTCCAGAGT-1,
TAGTGGAACTCATACA-1,
TAGTGTCAGAAACGGC-1,
TAGTTAAGATAGGATA-1,
TAGTTTATTCTTGCTT-1,
TATAAATCCACAAGCT-1,
TATAAGTGAGGATAGC-1,
TATACACAGACGCCTT-1,
TATACACGCAAAGTAT-1,
TATACCGAGTGCCACA-1,2
TATACGCGTCATCACT-1,
TATACTCATGCGGCAA-1,
TATAGAGTCGCTTGAA-1,
TATAGATGGTCGCAGT-1,
TATAGCGCACGTTATC-1,
TATAGGGTACTCATGA-1,2
TATATAGGGCTTTACG-1,
TATATATCGAGAAATG-1,
TATATCATTGATCAGT-1,
TATATCCCTGGGAGGA-1,
TATATGCTGGGTTGCC-1,4
TATATTACAAATGTCG-1,4
TATATTCGCGTCGATA-1,
TATCAAAGGTCTGTAA-1,
TATCACAGCACGGGCA-1,4
TATCACCATGTAAAGT-1,4
TATCACCCAACCGACC-1,4
TATCACTTCGAGTAAC-1,
TATCAGTGGCGTAGTC-1,
TATCCAATTGGTTATC-1,
TATCCATATCATGCGA-1,
TATCCATCTCGGTTAG-1,2
TATCCGCACCGTCGGG-1,
TATCCTATCAACTGGT-1,
TATCCTGCATGGGAAT-1,
TATCGATCTATGCATA-1,4
TATCGATGATTAAACG-1,
TATCTACAGAGGTAAT-1,
TATCTACCACAGCGGG-1,2
TATCTAGCCTAAAGGA-1,
TATCTGAGCCGATATT-1,2
TATCTTGCAATACAAC-1,2
TATGAAGAATTAAGGT-1,
TATGAAGACAGGTGCG-1,
TATGATAAATCTAACG-1,
TATGATCCGGCACGCC-1,4
TATGATCTTCTCTTTA-1,
TATGCTCCCTACTTAC-1,
TATGGAGTTTCTCGTT-1,
TATGGATGTGCTACGC-1,
TATGGCCCGGCCTCGC-1,
TATGGCTAGGCTAATT-1,4
TATGGGACCGAGCAGG-1,2
TATGGGTACGTATCGT-1,
TATGGTCTGAGTAACA-1,
TATGGTTAGTGGGAGA-1,
TATGTAAAGTGCTTAA-1,5
TATGTCAAGACCGACT-1,
TATGTCTCATTGTGCC-1,
TATTAACACCAAAGCA-1,
TATTAACCTGACCGCG-1,
TATTACCATCCTGCTT-1,
TATTATGTTTGCCTGC-1,2
TATTCAATTCTAATCC-1,
TATTCCACTCAGCTCG-1,
TATTCCGAGCTGTTAT-1,2
TATTCCGGCAGTCCTA-1,
TATTCCTCCGCCCACT-1,2
TATTCGTGCCAGAATA-1,
TATTGACATTTCTGCC-1,
TATTTAGTCTAGATCG-1,
TATTTATACCGAGTAG-1,
TATTTGATTTGCACAG-1,
TATTTGTTACCCTTTA-1,
TCAAACAACCGCGTCG-1,
TCAAACAATTAGGACA-1,
TCAAACTTAGATTGTT-1,
TCAAATTGTTGTGCCG-1,5
TCAAATTTGAGACTCA-1,
TCAACAAAGATAATTC-1,2
TCAACACATTGGGTAA-1,
TCAACATAGCGCCCTA-1,
TCAACATCGACCGAGA-1,2
TCAACCATGTTCGGGC-1,2
TCAACGAGGAGACAAA-1,2
TCAACGCAGGAAATAA-1,2
TCAACGCGACCGGCAG-1,2
TCAACTAACGTATAAC-1,2
TCAACTGCAGAGTCAG-1,2
TCAAGAAATACTAGCT-1,
TCAAGCGCGGACGGTA-1,2
TCAAGCTGCCTTGAAA-1,4
TCAAGGTTACTACACC-1,2
TCAATACAATTGCTGC-1,
TCAATACGCCGTCATG-1,
TCACAAACCGAGGTAC-1,
TCACAGATCCTCAAAC-1,4
TCACAGCAAACTCGAA-1,
TCACAGGAGAATAAGA-1,3
TCACAGGGAATCGCAA-1,2
TCACAGGTTATTGGGC-1,2
TCACATCTTATCTGAT-1,
TCACCCTCTTAAGATT-1,2
TCACCGCTCGGCACTC-1,
TCACGATGTCCGTGGA-1,2
TCACGCATTGTAGATC-1,2
TCACGGCCCAAGAGAG-1,
TCACGGTCATCGCACA-1,
TCACGTGCCCGATTCA-1,2
TCACTACGACCAATGC-1,
TCACTCGTGCAACGGC-1,
TCACTCTTCGTCTGTC-1,
TCAGAACCTCCACAGG-1,4
TCAGACGCTATAGAAG-1,2
TCAGATGGAGACGTAG-1,4
TCAGCAAATGCATCTC-1,
TCAGCAGTAGGCCCTG-1,
TCAGCCAATCCGTAAA-1,2
TCAGGGCGACTTCCTT-1,
TCAGGGCGCAAACTCG-1,
TCAGGGTGCACGAAAC-1,
TCAGGGTGTAACGTAA-1,
TCAGGTTCTTTGAGAA-1,
TCAGTACTGACCCGCG-1,
TCAGTAGGGACTATAA-1,2
TCAGTGTATACGTCAT-1,3
TCAGTTACGGAATGAT-1,
TCATACTTACAGATCC-1,
TCATATGAGCTTTGTT-1,
TCATCACTCGAGCTCG-1,
TCATCCCAGAGGGTGG-1,
TCATCCTCAGCTGCTT-1,
TCATCGATGGTCCCAA-1,2
TCATGCAGGTTCTCAT-1,
TCATTCGTATAATTTG-1,
TCATTTAAGTCTCCGA-1,
TCATTTAGAAGTGTGA-1,2
TCCAACTCAGCTATCT-1,3
TCCAACTTTAAATTCT-1,2
TCCAAGCCTAGACACA-1,5
TCCAATAAAGGCTACC-1,5
TCCACAATGGTTTACG-1,2
TCCACATCGTATATTG-1,5
TCCACCTCTAGCCTTT-1,
TCCACTTTATCTAGGT-1,
TCCAGAGCACCGGTTC-1,
TCCAGATGTACGCCAA-1,4
TCCAGCGCTATAAGCG-1,
TCCAGGCGAGTACGGT-1,
TCCAGGGTATATACGA-1,
TCCATCAATACTAATC-1,2
TCCATTAGTTGGATAG-1,4
TCCATTCCCACTAGAG-1,4
TCCATTGTGACCTCGT-1,
TCCCAAACAGACAACG-1,4
TCCCAAAGACGAAGGA-1,
TCCCAAAGCCCTAAAT-1,
TCCCACGGAGGGAGCT-1,4
TCCCACTCTCTTCCGG-1,4
TCCCAGCACACGACAT-1,2
TCCCAGCTTTAGTCTG-1,
TCCCAGGCTTAGCTAA-1,
TCCCGCCTATGTGCGT-1,4
TCCCGCGTACTCCTGG-1,
TCCCGGGTGTGCTGCT-1,2
TCCCGGTCAGGAATTT-1,
TCCCGTCAGTCCCGCA-1,
TCCCGTCGCGTCATAG-1,4
TCCCGTGTGCAATTTG-1,2
TCCCTAGATCAATAGG-1,4
TCCCTCTTCTCAAGGG-1,
TCCCTGGCGTATTAAC-1,2
TCCCTGGCTCGCTGGA-1,2
TCCCTTAGATTACTCG-1,
TCCGAACGTTGCCGCT-1,2
TCCGAACTTGGCTTAC-1,
TCCGAAGTAGTCACCA-1,4
TCCGAATGGTCCTGAG-1,4
TCCGAGAAGGCTAAGC-1,
TCCGATAATTGCCATA-1,
TCCGATGACTGAGCTC-1,4
TCCGATGGTGCGACAT-1,2
TCCGATTACATTGCCG-1,
TCCGCCTGTCTACAAG-1,
TCCGCGGCAGCATCTG-1,
TCCGCGGCCCAATGAA-1,2
TCCGCTGTCATCCCGG-1,2
TCCGCTTATCCCATTA-1,2
TCCGGAGGAAGGGCTG-1,4
TCCGGCCTAGCGTACA-1,
TCCGGCCTGCATCGAT-1,
TCCGGGCTTGACGGGA-1,
TCCGGTTCGTCCGGTC-1,
TCCGTAACCACAATCC-1,
TCCGTTAAGCTAATAT-1,2
TCCGTTTAGCCTTGAA-1,
TCCTAAAGATTCAGAC-1,
TCCTAAATTGGGAAGC-1,
TCCTAACCGTCGGGCA-1,
TCCTACATCCACGGCC-1,2
TCCTAGCAAAGAAGCT-1,2
TCCTATCATAGGTAAC-1,
TCCTCCTAAGACATTC-1,
TCCTCGGGCTGGGCTT-1,2
TCCTCTACGAGATGGC-1,
TCCTCTCCAGTTGTCC-1,
TCCTCTGGCCCATTAG-1,
TCCTGCCAACTGGAGA-1,4
TCCTGCGTTGATACTC-1,
TCCTGGCGCTGCCTGG-1,
TCCTTACGACGGTCCG-1,2
TCCTTCAGTGGTCGAA-1,
TCCTTGTCCTTTAATT-1,5
TCCTTTAAATCCGCTT-1,
TCCTTTCTTACGCTTA-1,
TCGAAATTTAGGACCA-1,
TCGAAGAACCGAGCAC-1,2
TCGAATATCCCGCAGG-1,
TCGACAACTGAACCCG-1,2
TCGAGACCAACACCGT-1,2
TCGAGCCAGGCAGGCC-1,
TCGAGGGCAACAGACG-1,2
TCGATAGGCTAGTCGC-1,
TCGCAAAGATGCATTT-1,2
TCGCACCAGGAGGCAG-1,2
TCGCATAAAGGGCGCA-1,2
TCGCATCCCTAAGTGT-1,
TCGCATTCAATGACTT-1,
TCGCCCAACTGACTCC-1,
TCGCCGAAGTTGCGTC-1,2
TCGCCGACATATTCGC-1,
TCGCCGGATGGGCAAG-1,
TCGCCGGTCGATCCGT-1,
TCGCGTAGCAGTGTCC-1,
TCGCGTCCAGAAGGTC-1,
TCGCTAAACCGCTATC-1,
TCGCTACTGGCTTTGA-1,5
TCGCTCGATATATTCC-1,
TCGCTCGGCACCAGCG-1,4
TCGCTGCCAATGCTGT-1,
TCGCTGGGCGGATTGT-1,
TCGCTGTGCGTAAATC-1,
TCGCTTAATTACGAAG-1,4
TCGCTTTAAACGTTTG-1,
TCGGAATGACCATCAA-1,
TCGGAATGCGCTCTGA-1,
TCGGACGCCCAGCCCA-1,
TCGGAGAGTATCGGGA-1,
TCGGAGTACATGAGTA-1,
TCGGCGAACCCAAACC-1,
TCGGCGGTATTAGATT-1,
TCGGCGTACTGCACAA-1,2
TCGGCTAACTTCCCTT-1,
TCGGCTTGTATCGACG-1,2
TCGGGAACGTGCCTAG-1,4
TCGGGAGACAGCGTAC-1,3
TCGGGATTCAAACATA-1,
TCGGGCCGTCGTGGTA-1,
TCGGGTGAAACTGCTA-1,
TCGGTCCCGACAATAG-1,2
TCGGTCCCTGACTCCA-1,
TCGGTGACCGCTCCGG-1,4
TCGGTTAGCCATGTAG-1,
TCGTAAGACGACATTG-1,
TCGTAAGCTCCGAGGA-1,4
TCGTACCGACGTCAAG-1,
TCGTATAGTGCAATTA-1,
TCGTATCACCAAGCTA-1,
TCGTATTACCCATTGC-1,2
TCGTATTTCGTCCGGA-1,
TCGTCAAGTACGCGCA-1,
TCGTCACACTGTTAGC-1,
TCGTCCGCTGGCGTCT-1,
TCGTCCGGGTACACTC-1,
TCGTCTTAGGCGTTAA-1,2
TCGTGTACTATGGATG-1,2
TCGTGTATTGGTCACG-1,
TCGTGTCACGCTGACA-1,2
TCGTGTTCGACCACAA-1,2
TCGTTAGGAGTCCCTA-1,
TCGTTCGTTATTATGT-1,
TCGTTGACAGGGTCCC-1,
TCGTTGCTATCCGGTC-1,
TCGTTGGCTCGTCAAT-1,
TCTAAAGAACAGTCTC-1,
TCTAACTGTATGTAAA-1,
TCTAATACTGCCTCAG-1,2
TCTACACGTTCATGCA-1,
TCTACCCAATAGAGAG-1,2
TCTACCGTCCACAAGC-1,
TCTACGGGCTCAGTTG-1,
TCTAGCAATCTCCGCC-1,2
TCTAGCATCTTCGATG-1,
TCTAGCATGCCCAGAA-1,2
TCTAGGTGGCGACGCT-1,
TCTAGTGATATCGTGG-1,2
TCTAGTTATCAGAAGA-1,2
TCTATAGGTGGGTAAT-1,
TCTATCATGCAGTTAC-1,
TCTATCGGTCGCAACA-1,
TCTATGCTATAACGAC-1,
TCTATTACGCTGGCGA-1,
TCTATTACTAGAGGAT-1,
TCTCATGAGATAGGGT-1,2
TCTCCAACGTAGGTTA-1,4
TCTCCACAAGTTGAAT-1,
TCTCCCTGGGCAGCGT-1,
TCTCGAACGAGGTCAC-1,
TCTCGACGTATCGCCG-1,
TCTCGAGGAGGTTCGC-1,2
TCTCGGCTCCAGGACT-1,
TCTCTAATAGCTGGTA-1,
TCTCTCGCCGCACATA-1,
TCTCTTACCGCGAACC-1,5
TCTGAACCGGTCGGCT-1,
TCTGAACTCGTACCCG-1,2
TCTGAAGCACGTGGTC-1,
TCTGAATTCCGTACAA-1,
TCTGACGGGCTAACCC-1,
TCTGACTGTAATGGTT-1,
TCTGAGCAATTGACTG-1,
TCTGATCGGGTGCTAG-1,4
TCTGATGTATTCTGTC-1,2
TCTGATTGGAAATGGA-1,4
TCTGCAGATTCGAGTC-1,
TCTGCATACCTTGCTT-1,
TCTGCCAGAAACTGCA-1,
TCTGCGAATCGTTCGC-1,4
TCTGCGTCCGGTTTCT-1,
TCTGCTTAGAACAAGC-1,2
TCTGGCCGTTCAAGTT-1,
TCTGGGAACCTTTGAA-1,
TCTGGGTAGCGCTCAT-1,2
TCTGTCATACAAGAGC-1,
TCTGTGACTGACCGTT-1,4
TCTGTGATGGAGGTTG-1,
TCTGTGCCATCATAGT-1,
TCTGTTACCCAGCATA-1,2
TCTTACAGAGGTACCG-1,
TCTTACCGGAACTCGT-1,
TCTTACGGCATCCGAC-1,
TCTTACTTATGCCTCT-1,2
TCTTAGAGCTCCAATT-1,
TCTTAGAGTGAACTCT-1,
TCTTCCCATGGGCACA-1,
TCTTCGAATAGACGTT-1,
TCTTCGATACCAATAA-1,
TCTTCGCGGTGAGAGG-1,2
TCTTCTATAACCCGCC-1,2
TCTTGATGCGTAGCGA-1,
TCTTGCTCCCGATACT-1,5
TCTTGGTAACACCAAA-1,
TCTTGGTCAATGATAC-1,2
TCTTTAAGACTATGAA-1,
TCTTTAGAGTCTAACA-1,2
TCTTTAGCAGGCGAAC-1,4
TCTTTCCTTCGAGATA-1,2
TCTTTCTCTTAAGGAG-1,
TGAAACTTATGCAAGC-1,
TGAAAGGACCTGACTC-1,
TGAACAAGCAGGGACT-1,
TGAACTGCTATGACTT-1,
TGAAGAGCGGTCCTAG-1,
TGAAGTAGCTTACGGA-1,
TGAATACCGACGCGTA-1,
TGAATATGCTATAAAC-1,4
TGAATGAGATACAGCA-1,4
TGAATGAGTGTTTCCC-1,5
TGAATGTCAGCCGGCC-1,
TGACACTTCTCTTTGC-1,
TGACAGGACAAGTCCA-1,
TGACATCGAGCGGACC-1,
TGACATGTAACGTGAC-1,5
TGACCAAATCTTAAAC-1,
TGACCAGCTTCAAAGT-1,
TGACCCACGTTAGACA-1,2
TGACCCAGCATTCCCG-1,
TGACGAATATTTCCCT-1,2
TGACGATGCACTAGAA-1,
TGACTATAATCCTTTC-1,2
TGACTCCGAATCATAC-1,2
TGAGAATGCTTTACCG-1,
TGAGAGATTTACCACG-1,2
TGAGATCAAATACTCA-1,
TGAGATTAGGCCCTAA-1,
TGAGCCATACAGTCTC-1,2
TGAGCGGAAAGTGTTC-1,
TGAGCTTTAATGACGC-1,
TGAGGAGTGCCAGCTT-1,
TGAGGCATGTACTGTG-1,
TGAGTAAATTAGCGTA-1,2
TGAGTGCCTCTTAAAT-1,2
TGAGTGGTCCGTGACG-1,
TGAGTTAAAGACATTC-1,2
TGATACATTTAGCCGT-1,
TGATAGCGGGATTCTA-1,
TGATCACCACACTGAC-1,5
TGATCAGGGAACTGCT-1,2
TGATCCCAGCATTAGT-1,4
TGATCGGTTTGACCCT-1,2
TGATCTACGCTGATCT-1,
TGATCTCCGGCGCCAG-1,
TGATGCTCACGTAGTC-1,4
TGATGGCTGTTTCTGA-1,4
TGATGTCAATTAAGTG-1,2
TGATTATGGCACGCAG-1,
TGATTCAGGTCCCGCG-1,
TGATTCCCGGTTACCT-1,5
TGATTCGTCTATCACT-1,
TGATTCTGTCGCCGGT-1,2
TGATTTATTAGCTGTG-1,2
TGATTTCCTCCTGACG-1,
TGCAAAGTTCGTCTGT-1,2
TGCAACCCATCTGCGG-1,
TGCAAGAATGACGTAA-1,2
TGCAATCTAACACGGT-1,
TGCAATTTGGGCACGG-1,
TGCACAGTGAAGTTAT-1,4
TGCACGAGTCGGCAGC-1,
TGCACTATGTGAGTGC-1,
TGCAGAACTATATCGT-1,2
TGCAGAGTACCGAGCA-1,2
TGCAGATCGTCCTAGG-1,
TGCAGCTACGTACTTC-1,
TGCAGGATCGGCAAAG-1,
TGCAGTGAGGCTCGGG-1,
TGCAGTGGTAGGGAAC-1,
TGCAGTTTCCTCCCAT-1,
TGCATATGTCTGTCAC-1,
TGCATCTCCGGATCTT-1,
TGCATGGATCGGATCT-1,
TGCATGGCAGTCTTGC-1,
TGCATGTGACCCATAG-1,
TGCATGTGGTAATCTA-1,
TGCCAAAGTCAGACTT-1,2
TGCCAATGGGTACTCT-1,3
TGCCACCTGGCGAAAC-1,
TGCCAGTACGTGGAGA-1,2
TGCCATGGCTTATAAG-1,
TGCCATTACTAAAGAA-1,
TGCCCGTACCGTTAAA-1,2
TGCCGAAAGCGTATTC-1,4
TGCCGGATGTACGAGC-1,
TGCCGTGGATCGTCCT-1,
TGCCTAATTGAAGATT-1,2
TGCCTGACATCGGTCA-1,
TGCCTGATCAAACGAT-1,
TGCCTTGGCCAGGCAA-1,2
TGCGAATATGGGATTT-1,2
TGCGACACCCTAGTGC-1,2
TGCGACGGCCGAACGT-1,
TGCGAGAATATTACCC-1,2
TGCGAGATGGCGGCCA-1,4
TGCGAGCCCTTCCGCG-1,
TGCGATGCTAATGGCT-1,
TGCGCAAAGCATTTGG-1,
TGCGCGATTAACGGAG-1,
TGCGGACTTGACTCCG-1,5
TGCGGAGTAAAGGTGC-1,
TGCGGCATAGTTCAAC-1,
TGCGGGTATTGGGATC-1,4
TGCGGTCTACGAGTAA-1,
TGCGGTGAAATTTCAT-1,
TGCGTAAGAACCTGAT-1,2
TGCGTACGGCTAATTG-1,2
TGCGTCATGACTGAGC-1,2
TGCGTGATTGGGTGTC-1,4
TGCGTTTGTTGACACT-1,
TGCTAAGTGTCTATTT-1,2
TGCTATACAAACGGAC-1,
TGCTCACACAACAACC-1,
TGCTCCACAGTTCTTA-1,2
TGCTCGGCGAAACCCA-1,
TGCTCGGTGGGTCACC-1,5
TGCTCTGCCGGTTCAC-1,4
TGCTCTTGAGAGTTTG-1,5
TGCTGCGTCAGAGTTA-1,4
TGCTGGTTGGACAATT-1,
TGCTGTTGAAGAACTC-1,2
TGCTTAGAGAGAATGC-1,
TGCTTCCCAAGCAGTA-1,
TGGAAACGGAGTGAAC-1,4
TGGAACCACTGACACA-1,4
TGGAAGAAGGGAACGT-1,2
TGGAAGACGAACACCA-1,
TGGAAGGATAAAGATG-1,
TGGAATATCCTTGACC-1,4
TGGAATTAGACGCTTT-1,
TGGACACCGTTGCTTG-1,
TGGACCAATCTAAGAT-1,
TGGACCACGGCGTTGA-1,
TGGACGCAATCCAGCC-1,2
TGGACTGTTCGCTCAA-1,
TGGAGCTAAAGTTCCC-1,
TGGAGTGATGCGATGA-1,
TGGATAGAGTAACAGA-1,4
TGGCAAACTAAATTAC-1,2
TGGCAACTCGCGCGCC-1,
TGGCAAGCACAAGTCG-1,5
TGGCAATGGGACGGCG-1,2
TGGCACGAGCTCGAGT-1,
TGGCAGATTACGATCA-1,2
TGGCAGCAGTAATAGT-1,2
TGGCATGAAGTTTGGG-1,2
TGGCCAAACTGAAGTA-1,
TGGCCAATTTGGTACT-1,2
TGGCCGTATATTGACC-1,
TGGCGACTGCTCCAAA-1,
TGGCGATCAAGTTATG-1,
TGGCGGTGTGCGATTG-1,
TGGCTACACTCTACCT-1,
TGGCTATGTGACATAC-1,
TGGCTCTTGTCGCGTA-1,2
TGGCTTGTACAAGCTT-1,
TGGCTTTGGGTAGACA-1,
TGGGAAATGCCTTTCC-1,
TGGGATGCACTCATTC-1,
TGGGCAATAGTTGGGT-1,
TGGGCACAAACAGAAC-1,
TGGGCACGTTCTATGG-1,
TGGGCAGGCCACCGCA-1,
TGGGCCACAAGAGCGC-1,
TGGGCCCATACTAATT-1,2
TGGGCGATACAATAAG-1,5
TGGGTAAGGTTCCCGC-1,
TGGGTGCACAAGCCAT-1,
TGGGTGGGATGTCATT-1,4
TGGGTTCCCGGACGGA-1,4
TGGTAAGCAGGATTGA-1,2
TGGTAGAATATATGGG-1,2
TGGTATCGCATCCCAA-1,
TGGTATCGGTCTGTAT-1,
TGGTCCCACGCTACGG-1,
TGGTCGTGCAAGGCAA-1,2
TGGTCGTTTGATAGAT-1,
TGGTCTAGCTTACATG-1,
TGGTCTGTTGGGCGTA-1,2
TGGTGATCGTATTTGT-1,
TGGTTAAGGGCGCTGG-1,4
TGGTTATGCTTGCGGT-1,
TGGTTCAACGGGTAAT-1,2
TGGTTCGTAGCAAAGG-1,
TGGTTGGAGGATCCTG-1,4
TGGTTTAAACGTGGGT-1,4
TGTAACTTGTCAACCT-1,
TGTAATGACCACAATA-1,2
TGTAATGCCTTCGGAC-1,
TGTACCTACACGAGGG-1,
TGTACGAACAAATCCG-1,2
TGTACGCTATCAGCTT-1,
TGTACTGTGCCAAAGT-1,4
TGTAGCCATCCCATTC-1,2
TGTAGGAGAAATTTCC-1,
TGTAGTGATCTATAAT-1,2
TGTATAACAGATCCTG-1,
TGTATCAGACTGAAGC-1,
TGTATCCTTATTCCAT-1,
TGTATGGCGCAGACAG-1,2
TGTATTTACCTAATGC-1,
TGTCATTTGTTGGGAA-1,
TGTCCACGGCTCAACT-1,
TGTCCCGACATAGCAC-1,
TGTCCGTGGCGCCTTT-1,
TGTCCTAAGTCACCGC-1,2
TGTCGGCATGGTGGAA-1,
TGTCGTTATCACATAT-1,2
TGTCTACAGTTTCTGT-1,
TGTGACTACGCCAGTC-1,
TGTGAGACTAGCCCAA-1,
TGTGATTCCAGCGCTT-1,
TGTGCCGGTGCCGGAA-1,2
TGTGCTTTACGTAAGA-1,2
TGTGGACTATCTACGT-1,
TGTGGAGGAAGCTTAA-1,
TGTGGCAAAGCGTATG-1,
TGTGGCGGGCTTCTGG-1,
TGTGGCTCCCACCAAC-1,
TGTGGTAGGGTGCCTT-1,
TGTGGTTGCTAAAGCT-1,5
TGTGTAGTAGCACGTG-1,2
TGTGTCGCGAGTTGCA-1,
TGTGTTCGTATCCAAG-1,2
TGTTATTGTATGTGGC-1,2
TGTTCATAAATGTGCT-1,
TGTTCCGCTTCCATGA-1,
TGTTCGTATTGCGGTG-1,2
TGTTCTCTACTCCCTA-1,4
TGTTCTTCCATTGACT-1,2
TGTTGATCACTGTTTA-1,
TGTTGCCGTCGTCCCA-1,
TGTTGTCAAGAAGTCT-1,
TGTTTAATACTTCATC-1,
TGTTTCGGTACTTCTC-1,
TGTTTGAGATCGTCAG-1,2
TTAAACAGAGTCCCGC-1,
TTAAACCGGTAGCGAC-1,
TTAAACCTGGTTCCTT-1,
TTAAACTCGAATTCAT-1,
TTAACACCTCGAACAT-1,
TTAACCAACCCTCCCT-1,
TTAACGAACAAGCAGT-1,4
TTAACGTCGCAAGACC-1,
TTAACTCACGCGTGGA-1,
TTAACTTCAGGTAGGA-1,2
TTAAGACGAACGAACC-1,
TTAAGATAGGATTGAC-1,
TTAAGCCGACAACTTC-1,
TTAAGCGCCTGACCCA-1,
TTAAGGATACGGAGGT-1,
TTAAGGCCCGTACTTT-1,2
TTAAGTATTGTTATCC-1,
TTAATCAGTACGTCAG-1,
TTAATGCGAGGTAACT-1,
TTAATGTAGACCAGGT-1,
TTAATTGCTTTGGGTG-1,
TTAATTTCAGACGCGG-1,
TTACAACTACGCATCC-1,
TTACACGATCTGCGAC-1,2
TTACAGACCTAAATGA-1,4
TTACATCGTGGCCTGG-1,
TTACATGCCACAACTA-1,
TTACCATTGATTACCC-1,2
TTACCCATTGCCGGGT-1,
TTACCCTAACAGTCCT-1,
TTACCCTAGGGATTGG-1,5
TTACCGCCTTAGGGAA-1,
TTACGGATGGTTCGAG-1,
TTACGTAGCGCGTGCT-1,
TTACGTATCTATGACA-1,
TTACTAAAGGACTTTA-1,2
TTACTATCGGCTTCTC-1,
TTACTCCGGCCGGGAA-1,
TTACTCTGGTACGTAC-1,2
TTACTGGGATATTTCA-1,2
TTACTGTCTAGAGCTC-1,
TTACTGTTTCTCTACG-1,4
TTAGAAGAACATGACT-1,
TTAGAATAAGGGTCGG-1,
TTAGACACGATCGTTG-1,
TTAGACGAGTCACCTC-1,2
TTAGAGTTTAGAAGGA-1,2
TTAGATAGGTCGATAC-1,
TTAGCAACATGGATGT-1,
TTAGCTAATACGATCT-1,4
TTAGCTCTGTAATCCG-1,2
TTAGCTGATTTGCCGT-1,
TTAGGTCATAACCGAC-1,
TTAGTAAACCTGCTCT-1,
TTAGTAGGGCGGCGGG-1,2
TTAGTTATTCGTGGCA-1,2
TTAGTTCAAGTGTTCG-1,4
TTATAGATGCACATTA-1,
TTATAGGTAATTGTCT-1,
TTATAGTCCAAGGTGC-1,
TTATATACGCTGTCAC-1,2
TTATATTTGGCAATCC-1,
TTATCCAATCGAACTC-1,
TTATCCGGGATCTATA-1,2
TTATCCTCAAGGAATA-1,2
TTATCGCCTGCGAAGC-1,
TTATCTGACATTAGGA-1,
TTATCTGTATCATAAC-1,
TTATGAATGAAAGGGA-1,2
TTATGACAAACTGGAT-1,2
TTATGATCTTAACGAA-1,
TTATGCGTCCCGGTCC-1,
TTATGTTTGCGATAGA-1,
TTATTAGAGCGTGTTC-1,2
TTATTAGGGAAGCATC-1,
TTATTATCTGGAAGGC-1,2
TTCAAAGTCTCTAGCC-1,
TTCAACGACCCGACCG-1,
TTCAAGCCGAGCTGAG-1,
TTCAATACTCTGAATC-1,
TTCAATTAGCCATAAT-1,
TTCACGAAAGGATCAC-1,2
TTCACTCGAGCACCTA-1,
TTCACTTCCTAGAACG-1,5
TTCAGAGTAACCTGAC-1,
TTCAGCCCTGGTCCAC-1,2
TTCAGCTGGCGTGCCC-1,2
TTCAGGCGTCAAAGCC-1,
TTCAGTTTGTGGCAGC-1,
TTCATAGCCTTGTAAC-1,4
TTCATAGGGTGTCCAT-1,
TTCATGGCGCAACAGG-1,
TTCCAATCAGAGCTAG-1,4
TTCCAATCTGGCTATC-1,2
TTCCACACAGATTTGA-1,
TTCCACATTTCTCGTC-1,
TTCCAGACGAGATTTA-1,
TTCCATCATGCGGTGA-1,4
TTCCATCGACAGCGTG-1,2
TTCCCGACGCTTCACT-1,
TTCCCGGCGCCAATAG-1,2
TTCCGCAGAGAAATAT-1,4
TTCCGCGTGAGGCGAT-1,2
TTCCGGCCTTGAGGCT-1,
TTCCGGCTCGACTTCT-1,4
TTCCGGTATCTGTGTC-1,
TTCCGGTTACCCACTT-1,2
TTCCTCGAGGGTGTCT-1,
TTCCTCGGACTAACCA-1,2
TTCCTCTGCCCGAATA-1,2
TTCCTTTCTGTGTTGC-1,
TTCGACAGAGCCCGTG-1,
TTCGACGGGAAGGGCG-1,
TTCGAGCCGGCGCTAC-1,
TTCGCACTCGCGTGCT-1,
TTCGCACTGTACGACA-1,5
TTCGCATCCGGAAGCA-1,
TTCGCCGCTCGCGCTA-1,2
TTCGCGCGCCATACGA-1,
TTCGCTAGGAAGTTGT-1,
TTCGCTATCTGACGTG-1,4
TTCGGACTGATGCCTT-1,
TTCGGCAACCCGCTGA-1,
TTCGGCTAGAGATGGT-1,
TTCGGGACTAATCGCG-1,
TTCGGGCGCTAGTCTT-1,
TTCGGGTTGCCACGGG-1,2
TTCGGTACTGTAGAGG-1,5
TTCGGTGGAGACGCCC-1,
TTCGTAATCCCAGCGG-1,
TTCGTACTCCAGAACG-1,
TTCGTGGGCTGGAAGC-1,
TTCGTTCAACGAAGTT-1,4
TTCTAACCGAAGCTTA-1,
TTCTACCTCAATCGGT-1,
TTCTACCTTTATGTTG-1,
TTCTACTTGCGAGGGC-1,
TTCTAGAAAGTCTTAT-1,
TTCTAGGCCAATTGTG-1,
TTCTATGCCTTTCGCA-1,
TTCTATTAAACGCAGC-1,5
TTCTCTTACAGGTGAT-1,2
TTCTGACCGGGCTCAA-1,2
TTCTGCCGCGCCTAGA-1,2
TTCTGCGAGCGCCCTT-1,
TTCTGCGGGTTAGCGG-1,
TTCTGCTAGACTCCAA-1,4
TTCTGTTTCCTGTCGC-1,
TTCTTAGTGAACGGTG-1,
TTCTTAGTGGCTCAGA-1,
TTCTTATCCGCTGGGT-1,
TTCTTCCCTTTGATAT-1,4
TTCTTCGCAATAGAGC-1,
TTCTTGAGCCGCGCTA-1,2
TTCTTGCTAGCATCTC-1,
TTCTTGGACGATCTGC-1,2
TTCTTGGAGTAATGAG-1,
TTCTTGTAACCTAATG-1,
TTCTTGTGTCCATCAG-1,
TTCTTTGGTCGCGACG-1,4
TTGAAAGGTGTAAAGG-1,
TTGAACGAATCCTTTG-1,
TTGAACGACGTGCTGA-1,
TTGAAGAATTCCCAGG-1,
TTGAAGGATGGGCGCC-1,2
TTGAATATGGACTTTC-1,
TTGAATCGTTGTATAA-1,
TTGAATTCACGTGAGG-1,
TTGACAGGAGCTCCCG-1,2
TTGACATGAACGTGGA-1,2
TTGACCAGGAACAACT-1,
TTGACCATGTTCTCCG-1,
TTGACCGTGTTAATGA-1,2
TTGACGATTCAGCACG-1,
TTGACGCTCCATGAGC-1,
TTGACTACCATATGGT-1,2
TTGACTATTGTCCGGC-1,2
TTGAGAAGTTTAGCAT-1,2
TTGAGAGTACTGCTAA-1,2
TTGAGCAGCCCACGGT-1,
TTGAGCGCCACGTGAT-1,
TTGAGGCATTTAACTC-1,
TTGAGGGTCGAACGCG-1,
TTGAGTCCCGCTGCTG-1,
TTGATAGTCAATACAT-1,4
TTGATCTAACTTTGTC-1,
TTGATGTGTAGTCCCG-1,
TTGATTAGCTGTTTCT-1,2
TTGATTATGCAGATGA-1,2
TTGCACAATTCAGAAA-1,2
TTGCACGGAGCAGCAC-1,
TTGCAGGTCATGAAGT-1,
TTGCATGCTGATCACG-1,2
TTGCCAAGCAGAACCC-1,
TTGCCATAGCCCGCTC-1,2
TTGCCCTGATCACGGG-1,2
TTGCCGCAGACCTACA-1,
TTGCCGCTTTCTAGTA-1,
TTGCCGGTGATCCCTC-1,
TTGCCTAATCCAAAGT-1,
TTGCGCTCTCTCGCTT-1,
TTGCGGCATCAGAAAG-1,
TTGCGGCGACTCATGC-1,4
TTGCGTAGTTTGAGGA-1,
TTGCGTCGGCCAACCG-1,2
TTGCGTGAACGCTTAG-1,
TTGCGTGTGTAGGCAT-1,
TTGCTAGCTACCAATC-1,4
TTGCTCCCATACCGGA-1,
TTGCTGAAGGAACCAC-1,
TTGCTGATCATGTTCG-1,
TTGCTGCACCTATCCA-1,
TTGCTGGCCGGGCTTC-1,
TTGGAAGAATACAGTC-1,2
TTGGACATGTGGCTTA-1,2
TTGGACCATCTGGCAA-1,2
TTGGACCTATAACAGT-1,2
TTGGAGTCTCCCTTCT-1,
TTGGATATCGTCTACG-1,
TTGGATCGACTTCTGG-1,
TTGGATTGGGTACCAC-1,
TTGGCCATCTTGCGCT-1,
TTGGCCTAGAATTTCG-1,
TTGGCGATCCGAATAT-1,4
TTGGCTCAATATGTGT-1,
TTGGCTCGCATGAGAC-1,
TTGGGAAGACGAGCCG-1,5
TTGGGACACTGCCCGC-1,
TTGGGACGTAAGAGTT-1,2
TTGGGCGGCGGTTGCC-1,
TTGGGTTTATTCAGCG-1,4
TTGGTATGGCTTGTGT-1,4
TTGGTCACACTCGTAA-1,
TTGGTGCGGTGTTGAA-1,
TTGGTTGCGGTGCGCG-1,2
TTGTAACTTCATAGCG-1,
TTGTAAGGACCTAAGT-1,2
TTGTAAGGCCAGTTGG-1,
TTGTAATCCGTACTCG-1,2
TTGTATCACACAGAAT-1,
TTGTCGTTCAGTTACC-1,
TTGTGAACCTAATCCG-1,
TTGTGAGGCATGACGC-1,2
TTGTGCAGCCACGTCA-1,3
TTGTGGCCCTGACAGT-1,
TTGTGGTAGGAGGGAT-1,2
TTGTGGTGGTACTAAG-1,
TTGTGTATGCCACCAA-1,
TTGTGTTTCCCGAAAG-1,
TTGTTAGCAAATTCGA-1,
TTGTTCAGTGTGCTAC-1,
TTGTTCTAGATACGCT-1,
TTGTTGTGTGTCAAGA-1,
TTGTTTCACATCCAGG-1,
TTGTTTCATTAGTCTA-1,
TTGTTTCCATACAACT-1,2
TTGTTTGTGTAAATTC-1,
