Unnamed: 0.1,label
AAACAAGTATCTCCCA-1,4.0
AAACACCAATAACTGC-1,6.0
AAACAGAGCGACTCCT-1,3.0
AAACAGCTTTCAGAAG-1,4.0
AAACAGGGTCTATATT-1,5.0
AAACATTTCCCGGATT-1,5.0
AAACCCGAACGAAATC-1,3.0
AAACCGGAAATGTTAA-1,3.0
AAACCGGGTAGGTACC-1,5.0
AAACCGTTCGTCCAGG-1,6.0
AAACCTAAGCAGCCGG-1,0.0
AAACCTCATGAAGTTG-1,3.0
AAACGAAGAACATACC-1,3.0
AAACGAGACGGTTGAT-1,3.0
AAACTCGGTTCGCAAT-1,0.0
AAACTCGTGATATAAG-1,3.0
AAACTGCTGGCTCCAA-1,5.0
AAACTTAATTGCACGC-1,6.0
AAACTTGCAAACGTAT-1,5.0
AAAGACCCAAGTCGCG-1,3.0
AAAGACTGGGCGCTTT-1,3.0
AAAGCTTGCCTACATA-1,3.0
AAAGGCCCTATAATAC-1,6.0
AAAGGCTACGGACCAT-1,0.0
AAAGGCTCTCGCGCCG-1,6.0
AAAGGGATGTAGCAAG-1,3.0
AAAGGGCAGCTTGAAT-1,3.0
AAAGTAGCATTGCTCA-1,5.0
AAAGTCACTGATGTAA-1,3.0
AAAGTCGACCCTCAGT-1,3.0
AAAGTGTGATTTATCT-1,3.0
AAAGTTGACTCCCGTA-1,3.0
AAATAACCATACGGGA-1,3.0
AAATAAGGTAGTGCCC-1,3.0
AAATACCTATAAGCAT-1,5.0
AAATAGCTTAGACTTT-1,3.0
AAATAGGGTGCTATTG-1,5.0
AAATCGTGTACCACAA-1,5.0
AAATCTAGCCCTGCTA-1,5.0
AAATGATTCGATCAGC-1,3.0
AAATGCTCGTTACGTT-1,3.0
AAATGGCATGTCTTGT-1,3.0
AAATGGCCCGTGCCCT-1,5.0
AAATGGTCAATGTGCC-1,3.0
AAATGTATCTTATCCC-1,3.0
AAATTAACGGGTAGCT-1,3.0
AAATTACACGACTCTG-1,3.0
AAATTACCTATCGATG-1,3.0
AAATTCCAGGTCCAAA-1,3.0
AAATTGATAGTCCTTT-1,6.0
AAATTTACCGAAATCC-1,3.0
AAATTTGCGGGTGTGG-1,5.0
AACAACTGGTAGTTGC-1,3.0
AACAATACATTGTCGA-1,0.0
AACAATTACTCTACGC-1,3.0
AACACACGCTCGCCGC-1,5.0
AACACGACTGTACTGA-1,3.0
AACACGAGACGCGGCC-1,5.0
AACACGCGGCCGCGAA-1,3.0
AACAGCTGTGTGGCAA-1,6.0
AACAGGAAATCGAATA-1,3.0
AACAGGATGGGCCGCG-1,3.0
AACAGGTAGTATGGAT-1,3.0
AACATATCAACTGGTG-1,3.0
AACATTGTGACTCGAG-1,0.0
AACCAAGACTTCTCTG-1,3.0
AACCAGTATCACTCTT-1,3.0
AACCATGGGATCGCTA-1,3.0
AACCCAGAGACGGAGA-1,3.0
AACCCATCCCATGATC-1,5.0
AACCCGAGCAGAATCG-1,5.0
AACCCTACTGTCAATA-1,3.0
AACCCTGGTGGAACCA-1,3.0
AACCGAGCTTGGTCAT-1,3.0
AACCGCTAAGGGATGC-1,4.0
AACCGTTGTGTTTGCT-1,3.0
AACCTCGCTTTAGCCC-1,6.0
AACCTGTCACGGAATT-1,3.0
AACCTTTAAATACGGT-1,6.0
AACCTTTACGACGTCT-1,3.0
AACGAAAGTCGTCCCA-1,5.0
AACGATAATGCCGTAG-1,5.0
AACGATAGAAGGGCCG-1,3.0
AACGATATGTCAACTG-1,3.0
AACGCATGATCTGGGT-1,3.0
AACGCGAACGGCAACA-1,3.0
AACGCGGTCTCCAGCC-1,3.0
AACGCTGTTGCTGAAA-1,5.0
AACGGACGTACGTATA-1,5.0
AACGGCCATCTCCGGT-1,5.0
AACGTACTGTGGGTAC-1,5.0
AACGTCAGACTAGTGG-1,3.0
AACGTGATGAAGGACA-1,3.0
AACGTGCGAAAGTCTC-1,3.0
AACGTTATCAGCACCT-1,3.0
AACTACCCGTTTGTCA-1,3.0
AACTAGGCTTGGGTGT-1,6.0
AACTCAAGTTAATTGC-1,4.0
AACTCCAGAGCGTGTT-1,5.0
AACTCCTAATCCCATG-1,3.0
AACTCGATGGCGCAGT-1,3.0
AACTCTCAATAGAGCG-1,3.0
AACTCTCAGTGTGCTC-1,6.0
AACTGAGTTATACTGA-1,3.0
AACTGATATTAGGCCT-1,3.0
AACTGGGTCCCGACGT-1,3.0
AACTGGGTTCGAGCCG-1,3.0
AACTGGTGTGGGCCTT-1,3.0
AACTTCTGCGTCTATC-1,3.0
AACTTGCCCGTATGCA-1,3.0
AACTTGCGTTCTCGCG-1,3.0
AACTTTAGCTGCTGAG-1,3.0
AACTTTCTCGATCATG-1,3.0
AAGAAATCACCAGATT-1,3.0
AAGAAGGATCAGTTAG-1,3.0
AAGACCCAACTGAACA-1,0.0
AAGACTGCAAGCTACT-1,3.0
AAGAGATGAATCGGTA-1,3.0
AAGAGCTCTTTATCGG-1,3.0
AAGAGGATGTACGCGA-1,4.0
AAGAGGCATGGATCGC-1,3.0
AAGAGGCCCTTTGGAA-1,5.0
AAGATGGCACCGGACC-1,0.0
AAGATTGGCGGAACGT-1,3.0
AAGCACCCTGCGTATC-1,6.0
AAGCATACTCTCCTGA-1,6.0
AAGCCGAAGCGGTTTA-1,3.0
AAGCCGCCGTGAAATC-1,6.0
AAGCCGCTTTACCTTG-1,3.0
AAGCGGCGTCATGGGT-1,3.0
AAGCGTCCCTCATCGA-1,6.0
AAGCTAGATCGAGTAA-1,5.0
AAGCTCGTGCCAAGTC-1,3.0
AAGCTCTTTCATGGTG-1,6.0
AAGGAGAACTTATAAG-1,3.0
AAGGAGCGGTTGGTGC-1,3.0
AAGGATCGATCGCTTG-1,3.0
AAGGATGAGGGACCTC-1,3.0
AAGGCAGGCTGTCTCC-1,3.0
AAGGCGCGTAAAGCTT-1,3.0
AAGGCTGTGCTCATCG-1,3.0
AAGGGAACGACTGGCT-1,6.0
AAGGGACAGATTCTGT-1,3.0
AAGGGACTATGCATTC-1,6.0
AAGGTATCCTAATATA-1,3.0
AAGGTGATAAACCAGC-1,3.0
AAGTAGAAGACCGGGT-1,3.0
AAGTAGTGACGCGAGG-1,3.0
AAGTCAATTGTCGTCA-1,3.0
AAGTCTAGTAGCTGCC-1,3.0
AAGTGACGACCGAATT-1,5.0
AAGTGAGTCGGGTTTA-1,0.0
AAGTGCAAAGGTAGAC-1,3.0
AAGTGCCTTGACTGTA-1,3.0
AAGTGCGTTAGAATCT-1,5.0
AAGTGTTTGGAGACGG-1,5.0
AAGTTCACTCCAAGCT-1,5.0
AAGTTCAGTCTGCGTA-1,3.0
AAGTTCGGCCAACAGG-1,5.0
AAGTTTACTAATGGCA-1,3.0
AATAACAACGCTCGGC-1,3.0
AATAACACTAGAACAA-1,6.0
AATAAGTCCTCGAGAC-1,3.0
AATAATCTTCGTATCG-1,3.0
AATACAATGTTTCAGG-1,3.0
AATAGAACAGAGTGGC-1,6.0
AATAGAATCTGTTTCA-1,5.0
AATAGCTACCGCGTGC-1,3.0
AATAGTCCGTCCCGAC-1,6.0
AATAGTCGCGAGTCGG-1,3.0
AATATCAAGGTCGGAT-1,3.0
AATATCGAATCAATGC-1,3.0
AATATCGAGGGTTCTC-1,3.0
AATATTGGAGTATTGA-1,3.0
AATCATGTAAAGACTC-1,5.0
AATCCAAGGGCCTGAG-1,3.0
AATCCATGCAAGGGTG-1,3.0
AATCGCCTCAGCGCCA-1,3.0
AATCGCGCAGAGGACT-1,3.0
AATCGGGACACTACGA-1,3.0
AATCTAGGTTTACTTG-1,5.0
AATCTATGCCGGAGCC-1,3.0
AATCTCTACTGTGGTT-1,3.0
AATCTGCGTTGGGACG-1,3.0
AATCTGGCTTTCTAGT-1,5.0
AATCTGGGTAGACCCT-1,3.0
AATGACAGCAATGTCT-1,5.0
AATGACGTAGGATGTC-1,4.0
AATGACTGTCAGCCGG-1,3.0
AATGAGTTCGCATATG-1,3.0
AATGATGATACGCTAT-1,3.0
AATGATGCGACTCCTG-1,3.0
AATGCAACCGGGTACC-1,3.0
AATGCACCAAGCAATG-1,3.0
AATGGTCCACCGTTCA-1,3.0
AATGGTTCTCACAAGC-1,3.0
AATGTGCCCGAGGTGT-1,6.0
AATGTGCTAATCTGAG-1,0.0
AATTAAAGGTCGGCGT-1,4.0
AATTAACGGATTTCCA-1,0.0
AATTAGCGCTGCAGCG-1,5.0
AATTCATAAGGGATCT-1,3.0
AATTCATTGTCATGCA-1,6.0
AATTCCAAGCATGTAC-1,0.0
AATTCTAGAGTTAGGC-1,5.0
AATTGAACGCTCTGGT-1,4.0
AATTTGGGACATAGTA-1,3.0
AATTTGGTTCCAAAGA-1,3.0
ACAAACCATGCGTCCT-1,6.0
ACAAAGCATGACCTAG-1,6.0
ACAAATCGCACCGAAT-1,5.0
ACAAATGGTAGTGTTT-1,4.0
ACAAATTCAGATCTGA-1,3.0
ACAACAGCATGAGCTA-1,3.0
ACAACGGTCCCTGCGA-1,3.0
ACAAGCAGTGCCTAGC-1,3.0
ACAAGCTATATGGAAG-1,3.0
ACAAGGAAATCCGCCC-1,5.0
ACAAGGACAAGAGGTT-1,3.0
ACAAGGATGCTTTAGG-1,6.0
ACAAGGCCTACCAGCC-1,3.0
ACAAGGGCAGGCTCTG-1,4.0
ACAATAGTCGTACGTT-1,4.0
ACAATCCATTTAAACC-1,3.0
ACAATCGATCTTTATA-1,3.0
ACAATGAATACGGAGA-1,6.0
ACAATTGTGTCTCTTT-1,5.0
ACAATTTAGGAGGCTC-1,3.0
ACAATTTGAGCAGTGG-1,3.0
ACAATTTGGCCATATT-1,3.0
ACACAAAGACGGGTGG-1,3.0
ACACACCAGGACCAGT-1,3.0
ACACACTTTCTACACG-1,3.0
ACACATGATCAAATCT-1,6.0
ACACCACATAATTAGC-1,3.0
ACACCCAGCATGCAGC-1,3.0
ACACCCGAGAAATCCG-1,3.0
ACACCGGTCTGACCGC-1,6.0
ACACCTTAAGTAGGGC-1,3.0
ACACCTTACTACTTGC-1,3.0
ACACGAGACTCCTTCT-1,3.0
ACACGGCACTATGCAT-1,3.0
ACACGGGAACTTAGGG-1,3.0
ACACGTAGGCCACAAG-1,5.0
ACACTCCAATGTCACT-1,3.0
ACACTGATCAAGGTGT-1,6.0
ACACTGGGACAGTCGT-1,5.0
ACAGAACTGAGAACAA-1,5.0
ACAGATTAGGTTAGTG-1,3.0
ACAGCATAGAGCCAGT-1,3.0
ACAGCGACATTCTCAT-1,5.0
ACAGCGCACCCGCAGC-1,3.0
ACAGGCTTGCCCGACT-1,5.0
ACAGGTGGAGGTGAGG-1,5.0
ACAGGTGTGTTGTTGC-1,3.0
ACAGTAATACAACTTG-1,5.0
ACAGTATACCGTGGGA-1,3.0
ACATAAGTCGTGGTGA-1,6.0
ACATAATAAGGCGGTG-1,3.0
ACATCAGCTGGGACGC-1,3.0
ACATCCCGGCCATACG-1,6.0
ACATCCTGGTAACTGT-1,3.0
ACATCGATCGTTTACC-1,4.0
ACATCGGTCAGCCGCG-1,5.0
ACATCGTATGCAATGG-1,4.0
ACATCGTTAACCTAGT-1,3.0
ACATCTCAACGCGTAA-1,3.0
ACATGGCGCCAAAGTA-1,3.0
ACATTAGTTTATATCC-1,6.0
ACCAAACTAGAAATCC-1,3.0
ACCAACACCACACACT-1,3.0
ACCAACGCTTATTTAT-1,6.0
ACCAAGAACGCGTGTC-1,3.0
ACCAATATGCAAGTTA-1,6.0
ACCACAACTCAGAACA-1,3.0
ACCACAAGTTTCTATC-1,3.0
ACCACCAATGTAACAA-1,3.0
ACCACCCTCTCTTCTA-1,3.0
ACCACGTGCAGCTATA-1,5.0
ACCAGACCATAACAAC-1,3.0
ACCAGCCCGGTCTTTG-1,3.0
ACCAGTGCCCGGTCAA-1,3.0
ACCAGTGCGGGAGACG-1,4.0
ACCATATCCGCAATAA-1,4.0
ACCATCCGCCAACTAG-1,4.0
ACCATCGTATATGGTA-1,5.0
ACCCAACGCCCGTGGC-1,3.0
ACCCACCTACATGCTC-1,3.0
ACCCATCTTGAGGGTA-1,4.0
ACCCATTTGTCCCTCT-1,5.0
ACCCGAGCGAAATTAC-1,6.0
ACCCGGAAACTCCCAG-1,6.0
ACCCGGATGACGCATC-1,3.0
ACCCGGTTACACTTCC-1,5.0
ACCCGTGTCATCAGTA-1,0.0
ACCCTATAGGACTGAG-1,3.0
ACCCTATGCCATATCG-1,6.0
ACCCTCCCTTGCTATT-1,5.0
ACCCTGGTAACGCCCT-1,3.0
ACCCTTCATCTGCGAA-1,3.0
ACCCTTGCCTGGGTCG-1,3.0
ACCCTTTAGTTCTCCA-1,3.0
ACCGAAAGGGCCCTGC-1,3.0
ACCGAAGAGTCTGGTT-1,5.0
ACCGACACATCTCCCA-1,0.0
ACCGACTGAGTCCCAC-1,3.0
ACCGATATTTAATCAT-1,4.0
ACCGATGGTAGCATCG-1,3.0
ACCGCAATAACTGCCT-1,5.0
ACCGCGGTGGAAGTCG-1,3.0
ACCGGGCCTTTGTTGA-1,3.0
ACCGGTCAGGTACACC-1,6.0
ACCGGTCTGAGTACGG-1,3.0
ACCGTGACCACGTGGG-1,0.0
ACCGTTCCCGCTCTGA-1,3.0
ACCTAAGTACCTTTCA-1,5.0
ACCTAATCGACTTCCT-1,3.0
ACCTACAGTATGTGGT-1,3.0
ACCTCCGCCCTCGCTG-1,5.0
ACCTCCGTTATTCACC-1,3.0
ACCTCGAACTTATGCT-1,6.0
ACCTGCGTGTCATGTT-1,5.0
ACGAAATGGGCGGCAC-1,3.0
ACGACTGGTCATACTC-1,0.0
ACGAGAACCCATCACG-1,3.0
ACGAGATATTTGCTTA-1,3.0
ACGAGGATACCACTCT-1,5.0
ACGAGGTTTACAACGT-1,5.0
ACGAGTACGGATGCCC-1,3.0
ACGATACATAGAACTA-1,3.0
ACGATCATACATAGAG-1,3.0
ACGATCATCTTGTAAA-1,3.0
ACGATGCATATGTTAT-1,4.0
ACGATGGATCCGATGC-1,3.0
ACGCAAACTAATAGAT-1,0.0
ACGCAATCACTACAGC-1,3.0
ACGCATACGTTTACTA-1,5.0
ACGCATTCGTGAGTAC-1,3.0
ACGCCAGATGATTTCT-1,3.0
ACGCCCAGCTGTCGAT-1,3.0
ACGCCGCTAGACGACC-1,4.0
ACGCGAAGTCAGACGA-1,5.0
ACGCGCTACACAGGGT-1,5.0
ACGCGGGCCAAGGACA-1,3.0
ACGCGTTTCTTAAGAG-1,3.0
ACGCTAGTGATACACT-1,3.0
ACGCTGTGAGGCGTAG-1,3.0
ACGGAATTTAGCAAAT-1,3.0
ACGGACTCTCAAAGCG-1,0.0
ACGGAGCGCAAATTAC-1,3.0
ACGGATGGTGCGGATA-1,6.0
ACGGCACTTGCTTGGG-1,6.0
ACGGCCAACATGGACT-1,6.0
ACGGCGACGATGGGAA-1,5.0
ACGGCTGGATGTAGAA-1,6.0
ACGGGAGTGTCGGCCC-1,5.0
ACGGGCGTATGCGACA-1,3.0
ACGTACAGATTTCTCT-1,3.0
ACGTAGATTGCTGATG-1,3.0
ACGTATTACTCCGATC-1,3.0
ACGTGCGCCTCGTGCA-1,3.0
ACGTTAATGTCGAAGA-1,4.0
ACGTTAGATTTGCCCG-1,4.0
ACGTTATTGGTCACTC-1,3.0
ACGTTCCGCGCTCCGT-1,3.0
ACGTTCGCAATCAATT-1,3.0
ACGTTCGTTCAGGAAA-1,0.0
ACGTTTAGTTGTGATC-1,3.0
ACTAATACGTCAGGCG-1,3.0
ACTACATCCCGACAAG-1,6.0
ACTACCAGCTCTCTGG-1,3.0
ACTACGCGTTAGAATT-1,0.0
ACTAGTTGCGATCGTC-1,4.0
ACTATCCAGGGCATGG-1,3.0
ACTATCTGCCCGCGTA-1,4.0
ACTATGTCCAGCTGCC-1,6.0
ACTATTCGTCCGTGGT-1,3.0
ACTATTTCCGGGCCCA-1,0.0
ACTCAACGAATGTATT-1,3.0
ACTCAAGTGCAAGGCT-1,6.0
ACTCAATAAAGGCACG-1,3.0
ACTCAGACCTGCTTCT-1,3.0
ACTCCAATATCATCAT-1,0.0
ACTCCCATTCCTAAAG-1,5.0
ACTCCCGAATTCGTTT-1,3.0
ACTCCCGTAGACTAGG-1,3.0
ACTCCCTAATGCTAAA-1,6.0
ACTCCCTAGAATAGTA-1,5.0
ACTCGATGTATTTCAT-1,3.0
ACTCGTAACCCGTCCT-1,5.0
ACTCGTCAGTAATCCC-1,3.0
ACTCTAAACCTGGGAT-1,3.0
ACTCTCTGACTTAGGT-1,3.0
ACTCTCTTATACACGA-1,3.0
ACTCTTCAGCTCCCGC-1,3.0
ACTCTTGTATAGTAAC-1,3.0
ACTGAAACGCCGTTAG-1,5.0
ACTGAATGGCGAAAGT-1,4.0
ACTGATTTAGTGATTC-1,3.0
ACTGCCGTCGTAACTC-1,3.0
ACTGCGGACACACCGT-1,3.0
ACTGCTCGGAAGGATG-1,5.0
ACTGTACGATACACAT-1,3.0
ACTGTAGCACTTTGGA-1,3.0
ACTGTATACGCGAGCA-1,3.0
ACTGTCCAGGATTATA-1,3.0
ACTGTCTTCTTTAGAA-1,3.0
ACTGTGCTAGTAGATC-1,3.0
ACTGTTTAGTGTAGGC-1,3.0
ACTTACCGGGCGCGCA-1,3.0
ACTTACGCATCCACGC-1,6.0
ACTTAGTACGACAAGA-1,3.0
ACTTATACTTACCCGG-1,3.0
ACTTATTAGGATCGGT-1,4.0
ACTTATTTATGTGCCA-1,4.0
ACTTCAGGCTGATCCC-1,5.0
ACTTCCATGCGGGACA-1,6.0
ACTTCGCCATACGCAC-1,3.0
ACTTCGCTAGCGAGTG-1,3.0
ACTTGACTCCCTCTTT-1,4.0
ACTTGCCATATTGTAC-1,3.0
ACTTGGGACCCGGTGG-1,3.0
ACTTGTAGTCCCTTCA-1,4.0
ACTTGTGGATGGAACG-1,4.0
ACTTTACCCTCATGAA-1,3.0
ACTTTCCTATAGCTTC-1,3.0
ACTTTGACTGCATCCT-1,3.0
ACTTTGGTCGTGCTCC-1,6.0
ACTTTGTCGACGCACT-1,4.0
AGAAATTATGACTCGC-1,4.0
AGAACCCAGCGTGACA-1,3.0
AGAACCCTCAATTGGG-1,6.0
AGAACGTGGTACATTC-1,3.0
AGAAGAGCGCCGTTCC-1,3.0
AGAAGGTACACTTCAC-1,5.0
AGAAGGTTGCCGAATT-1,5.0
AGAAGGTTGTAGGTCG-1,0.0
AGAAGTGATTCGTGAT-1,5.0
AGAATAAATCTTCAGG-1,3.0
AGAATTATGGATTCGA-1,3.0
AGAATTGTTTGACATA-1,3.0
AGACAGCTCAGAATCC-1,3.0
AGACATAGATCCTTCC-1,3.0
AGACCAAACCACACCT-1,5.0
AGACCATGGGATACAA-1,3.0
AGACCCACCGCTGATC-1,5.0
AGACCCGCCCTCCTCG-1,3.0
AGACCGCTCCGCGGTT-1,4.0
AGACCGGGAAACCCTG-1,4.0
AGACGAAGTGCCGGTC-1,4.0
AGACGACGATGCCGCT-1,6.0
AGACGGGCCGATTTAA-1,3.0
AGACTAGCCTTCCAGA-1,3.0
AGACTGTTACCGGGTC-1,0.0
AGAGAACCGTCTAGGA-1,3.0
AGAGAAGGAGTACAAT-1,6.0
AGAGATCTCTAAAGCG-1,4.0
AGAGCAGTTATGAGAC-1,3.0
AGAGCCGCCGAGATTT-1,5.0
AGAGCGGGCTAATCAT-1,3.0
AGAGCGTACAAGCTCG-1,3.0
AGAGCTACGAAAGCAT-1,3.0
AGAGGCTTCGGAAACC-1,4.0
AGAGTAAACTTCACTA-1,3.0
AGAGTATAGTGTTACG-1,3.0
AGAGTTAGAGACCGAT-1,3.0
AGATAACTTCAGGGCC-1,3.0
AGATACCGGTGTTCAC-1,5.0
AGATACGACTTCATAT-1,3.0
AGATACTCAAGATCGA-1,4.0
AGATATAATACGACTA-1,0.0
AGATCGTGCATAAGAT-1,3.0
AGATCTCAGGTGTGAT-1,3.0
AGATGACTCGCCCACG-1,3.0
AGATGAGGGTTGCGAT-1,3.0
AGATGATGGAGTCTGG-1,3.0
AGATGCAAGACGTGCA-1,6.0
AGATTATAGGACGTTT-1,3.0
AGATTCACAACCGATA-1,5.0
AGCAAAGGCCGCTAGT-1,0.0
AGCAACATATCTTATT-1,3.0
AGCAACCGAAAGTAAT-1,6.0
AGCACCAGTACTCACG-1,3.0
AGCACTACCGGCCTGT-1,3.0
AGCACTACCTCACCAG-1,5.0
AGCACTTAAGGACGCC-1,3.0
AGCAGAAGGAGAAAGA-1,0.0
AGCAGCCAGATGAATA-1,6.0
AGCATATCAATATGCT-1,5.0
AGCATCATTTCGAAAG-1,5.0
AGCATCGTCGATAATT-1,3.0
AGCCAAGCTTTGTGTC-1,0.0
AGCCACAGGTTACCCG-1,6.0
AGCCACTCCCGTGCTT-1,3.0
AGCCCATACATGTAAG-1,5.0
AGCCCGGCATTAGAGG-1,0.0
AGCCCGGTAGCCTGTA-1,0.0
AGCCCTAAGCGAAGTT-1,3.0
AGCCCTGTCGCACCGT-1,3.0
AGCCCTTCTAATCCGA-1,3.0
AGCCCTTGGACATCCC-1,5.0
AGCCGCAAATTCAAAT-1,3.0
AGCCGTGGCTAAATGT-1,5.0
AGCCTAATACCCACGT-1,5.0
AGCCTTAAAGCGGAAG-1,3.0
AGCGACAGGAACGGTC-1,5.0
AGCGACATCCCATTCA-1,3.0
AGCGACCAACGATATT-1,3.0
AGCGCATAATGAATCG-1,6.0
AGCGCGGGTGCCAATG-1,3.0
AGCGCTAGAGCGATGT-1,3.0
AGCGCTTATGGGCAAG-1,3.0
AGCGGACACTTCGTAG-1,0.0
AGCGGCGGTTAGCGGT-1,5.0
AGCGGGAAGGGTCCAT-1,3.0
AGCGGGTCTGACACTC-1,0.0
AGCGGTTGCCGCTCTG-1,3.0
AGCGTACGAGAGCTAG-1,3.0
AGCGTCTGAACCCGCA-1,3.0
AGCGTGGTATTCTACT-1,5.0
AGCGTTCCGATTTAAA-1,3.0
AGCTAACAAGCAATGT-1,0.0
AGCTAAGTACGCAGGC-1,6.0
AGCTAGAAGCAGAAGT-1,3.0
AGCTATTTAATCCAAC-1,3.0
AGCTCCATATATGTTC-1,5.0
AGCTCCTTCGCACATC-1,5.0
AGCTCTAGACGTTCCA-1,3.0
AGCTCTTCCCAGTGCA-1,3.0
AGCTCTTCGTAACCTT-1,3.0
AGCTCTTTACTCAGTT-1,5.0
AGCTGAAGTAAACCAA-1,3.0
AGCTGTAACCTCAATC-1,6.0
AGCTTATAGAGACCTG-1,3.0
AGCTTGATCTTAACTT-1,4.0
AGGAAGCTGTCCGCCG-1,0.0
AGGACAGTCGAATCCC-1,3.0
AGGACATCGCACGTCG-1,3.0
AGGACGACCCATTAGA-1,5.0
AGGACGCTCGATGTTG-1,3.0
AGGAGACATCCACAGT-1,3.0
AGGAGAGTCTGGCTAC-1,3.0
AGGAGGCCTTCGCGCG-1,5.0
AGGATAAAGTCGGGAT-1,6.0
AGGATATAGGGATTTA-1,3.0
AGGATCACGCGATCTG-1,5.0
AGGATTGCTTACGACA-1,3.0
AGGCACGTGACTGTCC-1,5.0
AGGCAGATGCGTAAAC-1,3.0
AGGCAGGGAGCGTACT-1,0.0
AGGCATTGTCGTAGGG-1,4.0
AGGCCACCCGTTATGA-1,3.0
AGGCCCATTGTACAGG-1,3.0
AGGCCCTAGAACGCCA-1,5.0
AGGCCTGAGAATCTCG-1,6.0
AGGCGATAACTGGCGT-1,4.0
AGGCGGTTTGTCCCGC-1,6.0
AGGCTATGGTTAGCTT-1,3.0
AGGCTTCCCGAAGAAG-1,5.0
AGGCTTGCTAGACACC-1,3.0
AGGGAAACGAGGTACT-1,3.0
AGGGACCGGCTGCGTT-1,3.0
AGGGACTCTACGCGAC-1,6.0
AGGGAGACATACTTCG-1,3.0
AGGGCAGCGGCGTGGT-1,3.0
AGGGCGAGCAGCTGAT-1,5.0
AGGGCGTGATCGGCTA-1,3.0
AGGGCTGCAGTTACAG-1,3.0
AGGGTCGATGCGAACT-1,3.0
AGGGTGCCGTTCTTTA-1,0.0
AGGGTGCTCTCGAGGG-1,3.0
AGGGTGGATAGTGCAT-1,3.0
AGGGTTCCCTTTGGTT-1,3.0
AGGGTTTAGTTCGGGA-1,3.0
AGGTAACCTCCTATTC-1,3.0
AGGTACGATATTGCCA-1,3.0
AGGTAGATCGAGATAT-1,0.0
AGGTAGGTACAAAGCT-1,3.0
AGGTATAATTGATAGT-1,3.0
AGGTATGCGGACATTA-1,3.0
AGGTCAGGTGAGAGTG-1,5.0
AGGTCGCGGAGTTACT-1,3.0
AGGTGGTGACCTTCGC-1,0.0
AGGTGTATCGCCATGA-1,3.0
AGGTTACACCATGCCG-1,3.0
AGGTTGAGGCACGCTT-1,3.0
AGGTTTCACACACCTT-1,4.0
AGTAACGTTCATCCTG-1,3.0
AGTAATGTCTTGCCGC-1,3.0
AGTACATCATTTATCA-1,3.0
AGTACGGCCCGTATCG-1,3.0
AGTACGGGCACCTGGC-1,3.0
AGTACGTGGCCTGTCT-1,3.0
AGTACTCTTATGCCCA-1,5.0
AGTAGCGTGAACGAAC-1,3.0
AGTAGCTAGACGCCGA-1,3.0
AGTAGGAAGGAAGTTG-1,3.0
AGTAGGTAACATACAT-1,3.0
AGTATAATACTAGGCA-1,3.0
AGTATACACAGCGACA-1,0.0
AGTATGCTGGAGACCA-1,6.0
AGTATTTGGCACGACC-1,0.0
AGTCAACACCACCATC-1,5.0
AGTCAAGATGACACTT-1,4.0
AGTCACTAGCTCTCGA-1,5.0
AGTCACTCCGCCTCAT-1,3.0
AGTCAGCCACCGCCTG-1,3.0
AGTCCATTGGCTGATG-1,3.0
AGTCCCGCCTTTAATT-1,3.0
AGTCCCTCGCAGAAAG-1,3.0
AGTCGACGGTCTCAAG-1,3.0
AGTCGGCCCAAACGAC-1,3.0
AGTCGGCTCAACTTTA-1,5.0
AGTCGGTTGCGTGAGA-1,3.0
AGTCGTATAAAGCAGA-1,0.0
AGTCGTCGACCACCAA-1,5.0
AGTCGTGGGCATTACG-1,5.0
AGTCTAAAGTATACTC-1,3.0
AGTCTCACAAGACTAC-1,6.0
AGTCTGGACATCCTTG-1,3.0
AGTCTTCTCCTCAAAT-1,3.0
AGTGAACAAACTTCTC-1,3.0
AGTGAAGATGGTGTCC-1,3.0
AGTGACCTACTTTACG-1,5.0
AGTGACTGTGACACAA-1,0.0
AGTGAGACTTCCAGTA-1,3.0
AGTGAGCCTCGCCGCC-1,3.0
AGTGAGGGTTTCTGAC-1,3.0
AGTGATAACCTGCGCG-1,6.0
AGTGATATGAGTAGTT-1,5.0
AGTGATTCAAGCAGGA-1,3.0
AGTGCACGCTTAAGAA-1,5.0
AGTGCGTAGCTCGTAA-1,5.0
AGTGCTAAACACAGCA-1,6.0
AGTGCTTGCACGAATA-1,3.0
AGTGGCGGCAATTTGA-1,3.0
AGTGGCGTCTGAAGGT-1,6.0
AGTGGCTCCGTCGGCC-1,3.0
AGTGGTGTTACCCGTG-1,5.0
AGTGTATTGCGCATTG-1,3.0
AGTGTGGTCTATTGTG-1,3.0
AGTTAAACACTTGCGA-1,5.0
AGTTAAGCGGTCCCGG-1,3.0
AGTTAAGTCAACCGCT-1,5.0
AGTTACCCTTAAGACT-1,3.0
AGTTACCGCACATGGT-1,3.0
AGTTACTCTATCGTGG-1,3.0
AGTTCACCGGTTGGAC-1,3.0
AGTTCCTACAGAATTA-1,3.0
AGTTCCTATTTATGTT-1,5.0
AGTTCTGCGTTGTATC-1,3.0
AGTTGACATCGGCTGG-1,3.0
AGTTGACGGTCCTTGC-1,0.0
AGTTGCTGACTGATAT-1,3.0
AGTTTATGTAAAGACA-1,3.0
AGTTTCGCAGGTCGGA-1,3.0
AGTTTGCACCTGCCTC-1,6.0
AGTTTGGCACGGGTTG-1,4.0
AGTTTGGCCAGACCTA-1,5.0
ATAAACGGACCCGTAA-1,5.0
ATAAACGTTGCACCAC-1,5.0
ATAAAGGCTCGGTCGT-1,3.0
ATAAAGGTCAAGTACG-1,3.0
ATAAATATTAGCAGCT-1,4.0
ATAACGCCGGAGGGTC-1,3.0
ATAACGGAGTCCAACG-1,3.0
ATAAGGTGGAGAACAT-1,5.0
ATAAGTAGGATTCAGA-1,3.0
ATAAGTAGGGCGACTC-1,3.0
ATAAGTTACCGCGACG-1,5.0
ATAATACCGTTAGCCG-1,3.0
ATAATAGCTGTTGAAT-1,5.0
ATAATAGTGTAGGGAC-1,3.0
ATAATCTTGGAGAACC-1,0.0
ATAATTAGCTAAGTAG-1,0.0
ATACAGGCCCTCCAAT-1,6.0
ATACCACGGGCAACTT-1,3.0
ATACCAGCAAATTGCT-1,3.0
ATACCAGGCTAATAGA-1,3.0
ATACCTAACCAAGAAA-1,0.0
ATACGAAGGCTTTCCA-1,3.0
ATACGCCGGCGAAACC-1,3.0
ATACGGAACGTCGTTT-1,6.0
ATACGGGTTTCGATTG-1,3.0
ATACGGTGAAGATGCA-1,3.0
ATACGTACTTAGCCAC-1,5.0
ATACGTCCACTCCTGT-1,4.0
ATACGTTATGCACGGA-1,0.0
ATACTACCCGTACCAC-1,5.0
ATACTAGCATGACCCT-1,3.0
ATACTCTCGCCACTCT-1,3.0
ATACTGCCTTACACCG-1,6.0
ATACTTGTTCTCGAGC-1,3.0
ATAGACAACGGGACCT-1,3.0
ATAGACGAAGAGAAAG-1,3.0
ATAGAGTACTGGGACA-1,3.0
ATAGAGTTATCAACTT-1,3.0
ATAGCAACTAGGGAAG-1,5.0
ATAGCCTCAGTACCCA-1,3.0
ATAGCTGCTCTTGTTA-1,3.0
ATAGGAATCTAAGCTT-1,3.0
ATAGGCGGCTATAGAA-1,5.0
ATAGGCTAGCTTCGCA-1,3.0
ATAGGGATATCCTTGA-1,3.0
ATAGGTTGGGCAGATG-1,3.0
ATAGTCTTTGACGTGC-1,3.0
ATAGTGAAGCGTTCTC-1,4.0
ATAGTTCCACCCACTC-1,3.0
ATATAAAGCGCTCGTG-1,6.0
ATATAAATGTAGCTGC-1,6.0
ATATAGAGTATTGGTC-1,6.0
ATATCAACCTACAGAG-1,3.0
ATATCGGTAGGGAGAT-1,3.0
ATATCGTTCCTCGAAC-1,5.0
ATATCTCCCTCGTTAA-1,3.0
ATATCTTAGGGCCTTC-1,3.0
ATATGTCTCCCTAGCC-1,3.0
ATATTCAGTTAAACCT-1,5.0
ATATTCCACATAGTGA-1,5.0
ATATTCCCACAGGTCA-1,3.0
ATATTGCTGTCAAAGT-1,3.0
ATATTTAACCCTCAAG-1,3.0
ATCAAACACTGTTCCA-1,3.0
ATCAAACGAAGGTTTG-1,5.0
ATCAATCTGGGCTGCA-1,3.0
ATCAATGCCGTGGCTG-1,6.0
ATCACATTAGAATATC-1,3.0
ATCACGTGCTAATTAA-1,5.0
ATCACTTCATCCTCGC-1,3.0
ATCAGACGGCACGCCG-1,5.0
ATCAGCCTCATGCTGC-1,5.0
ATCAGCTCGTCCACTA-1,5.0
ATCAGGTAGCTGACAG-1,3.0
ATCAGGTCGCCATTGC-1,3.0
ATCAGTAGGCAGGGAT-1,3.0
ATCATCCAATATTTGT-1,4.0
ATCCAACGCAGTCATA-1,3.0
ATCCAATGGAGGGTCC-1,5.0
ATCCACATCGACAGAA-1,0.0
ATCCACGCTAAATGTT-1,3.0
ATCCAGAGCAACAACC-1,5.0
ATCCAGGATTCGTGAA-1,5.0
ATCCCATCCACAGCGC-1,6.0
ATCCTACCTAAGCTCT-1,5.0
ATCCTGAATCGCTGCG-1,4.0
ATCCTGCGTGGAATGG-1,5.0
ATCCTGCTGCAGATAG-1,3.0
ATCCTTCTGAAAGAAC-1,3.0
ATCGACCCAATACAGA-1,5.0
ATCGACTCTTTCCGTT-1,3.0
ATCGCACGCCGGGAGA-1,3.0
ATCGCCAGTCAACATT-1,3.0
ATCGCTGCGTGCAGCA-1,3.0
ATCGCTTTACGTCTCA-1,3.0
ATCGGAGACAGACGGC-1,5.0
ATCGGCAAGCAGTCCA-1,3.0
ATCGGTTACCTAGTAA-1,3.0
ATCGTATTCCGAGAAC-1,3.0
ATCGTGGAAAGTCTGG-1,6.0
ATCGTTAGCTAGCGGA-1,5.0
ATCGTTCACTTTCGCC-1,3.0
ATCTAATATCCTACGG-1,6.0
ATCTCCCACGGAATAT-1,5.0
ATCTCCCTGCAATCTA-1,3.0
ATCTCGTGAGCGAAAC-1,3.0
ATCTGACATGGAAGGA-1,0.0
ATCTGATAGTGTCTTA-1,3.0
ATCTGCACCTCTGCGA-1,3.0
ATCTGGGCTGTTCTTG-1,0.0
ATCTGGTTAAGACTGT-1,3.0
ATCTGTAATTGTACCC-1,3.0
ATCTTGACCTGCAACG-1,3.0
ATCTTGACTTGTCCAA-1,3.0
ATCTTTCGTATAACCA-1,3.0
ATGAAGCCAAGGAGCC-1,3.0
ATGACGCCGGCTCTAA-1,3.0
ATGACGCGTTCTATCC-1,5.0
ATGACTATCAGCTGTG-1,0.0
ATGACTATGCGACATT-1,4.0
ATGAGGAGTGTTAATC-1,3.0
ATGAGGGCAGCGGCTA-1,3.0
ATGATCGGGAATAGAC-1,3.0
ATGATGCAATGGTACA-1,5.0
ATGCACGCGCTGTTCA-1,6.0
ATGCACTACCGCATTG-1,3.0
ATGCATGATCCAGGAT-1,3.0
ATGCATTCCGTGATGG-1,3.0
ATGCCATTTGCGACCA-1,3.0
ATGCCGGTCTTGCATA-1,3.0
ATGCCGGTTGATGGGA-1,3.0
ATGCGACAGTCCCATT-1,3.0
ATGCGAGTCCCACCAC-1,3.0
ATGCTCAGTGTTGCAT-1,3.0
ATGCTCTGGCGCGGTA-1,6.0
ATGCTTAGGAGTTGAT-1,5.0
ATGGAAATTTAAGGAG-1,5.0
ATGGAACCTTTGCACA-1,3.0
ATGGAGCAGGCCGTGA-1,3.0
ATGGATCCGGCGTCCG-1,3.0
ATGGATTGACCAAACG-1,3.0
ATGGCAGCATTACGAT-1,6.0
ATGGCAGCCGAGAAAC-1,3.0
ATGGCGGAATAGTCGC-1,3.0
ATGGCTGGAAATGGCC-1,3.0
ATGGGAACGGAAGCGG-1,3.0
ATGGGACCTGCTGAAC-1,0.0
ATGGGCCTCGGCCTCT-1,3.0
ATGGGTGTATACCTCC-1,6.0
ATGGTCGCGTGGTTTC-1,4.0
ATGTAAGGCTGCTCTT-1,3.0
ATGTGAAAGCCTAATG-1,5.0
ATGTGCATCCGACGCA-1,3.0
ATGTGGACATCTTGAT-1,5.0
ATGTGTAGTTTAGTCA-1,3.0
ATGTTACGAGCAATAC-1,3.0
ATGTTCGTCGACCCAC-1,3.0
ATGTTGTAGTCTGTTT-1,0.0
ATGTTTCGGCCCGGAG-1,3.0
ATGTTTGTAAGATCAT-1,3.0
ATTAAACATGCGGACC-1,5.0
ATTAATACTACGCGGG-1,3.0
ATTAATGAACCAGTCG-1,3.0
ATTAATTCGGTCACTC-1,3.0
ATTACAACTACCGGCC-1,3.0
ATTACATGTCAGTCTT-1,4.0
ATTACCACACTGCCTG-1,3.0
ATTACGACTCCACAGT-1,3.0
ATTACGCGCTGGCAGG-1,5.0
ATTACTAGCCTCTTGC-1,3.0
ATTACTTACTGGGCAT-1,3.0
ATTAGATTCCTCAGCA-1,3.0
ATTAGATTGATAGCGG-1,3.0
ATTAGGCGATGCTTTC-1,3.0
ATTATACTTTGCTCGT-1,3.0
ATTATAGCTACTTTAC-1,3.0
ATTATCTCGACAGATC-1,3.0
ATTATGCCATAGGGAG-1,3.0
ATTATTATGTCCGTCA-1,0.0
ATTCAACCATTTAAGG-1,5.0
ATTCACTGATGTTGGA-1,6.0
ATTCAGGACCTATTTC-1,3.0
ATTCAGTAGCAGGGTC-1,3.0
ATTCATATACTGTCCA-1,5.0
ATTCATCGTTGAGGCA-1,6.0
ATTCCCACATAAACAA-1,3.0
ATTCCTCCGCCAGTGC-1,3.0
ATTCCTTCCAGGCGGT-1,3.0
ATTCGACGCCGGGCCT-1,3.0
ATTCGTGCTATCTCTT-1,3.0
ATTCTCGTCTCTTTAG-1,3.0
ATTCTGAGTATGAACT-1,3.0
ATTCTTCGTACTTATG-1,3.0
ATTGAAGATCTTAGTG-1,3.0
ATTGACCGGCGATGAC-1,3.0
ATTGACGTAACTCGGT-1,3.0
ATTGATAGCAACGAGA-1,3.0
ATTGATCACCACATTT-1,5.0
ATTGATGAGTCCTAAC-1,3.0
ATTGCCTTTATGTTTG-1,6.0
ATTGCGATCAGTAACT-1,4.0
ATTGCTGCTCCTCCAT-1,3.0
ATTGGATTACAGCGTA-1,5.0
ATTGGGAATATCTTGG-1,3.0
ATTGGTAGGATCCGCT-1,3.0
ATTGTACAACTCGGCT-1,3.0
ATTGTCGCAATACCTT-1,3.0
ATTGTTCAACGATCCG-1,3.0
ATTTAACTCGTATTAC-1,3.0
ATTTACAGTTTACTGG-1,3.0
ATTTACTAAGTCCATT-1,3.0
ATTTCATTATTTCGCG-1,3.0
ATTTCCGGGTTCTGCG-1,6.0
ATTTGCGCGAGTAGCT-1,6.0
ATTTGTCTTGGGAGCT-1,3.0
ATTTGTTCCAGGGCTC-1,3.0
CAAACCAGGTCTGCAT-1,3.0
CAAACGAGTATCGCAG-1,5.0
CAAACGGTCGCACTTT-1,3.0
CAAACGTGGTCTTGCG-1,3.0
CAAACTACGATAGAGA-1,3.0
CAAACTATTGAGCTTC-1,3.0
CAAACTCGCGACGCCG-1,3.0
CAAAGATTATTGGGCC-1,6.0
CAAAGGTCATCTGAAA-1,3.0
CAAATCTCTCACAAGG-1,5.0
CAAATGTCCTTCCGTG-1,5.0
CAAATTGGATTATGCC-1,3.0
CAAATTGTCAGCAAGC-1,3.0
CAACACATCTCCTGCC-1,3.0
CAACAGAATAACGCTA-1,3.0
CAACCTACCGAGCAGT-1,5.0
CAACCTGAACCTGCCA-1,3.0
CAACGACCCGTTTACA-1,3.0
CAACGGTTCTTGATAC-1,3.0
CAACGTGGTGGAGTCT-1,5.0
CAACTATATCGAATGC-1,3.0
CAACTCCAACGTTTAG-1,3.0
CAACTCCTTGATCCCG-1,3.0
CAACTGCTCATCCGAT-1,0.0
CAACTTGTAGTGGGCA-1,3.0
CAAGACTCAGAAGCGC-1,3.0
CAAGAGGGCGGAGTAC-1,5.0
CAAGATATTATAACGT-1,4.0
CAAGCAACGTCGGAGT-1,3.0
CAAGCACCAAATGCCT-1,3.0
CAAGCGGCACATAATT-1,6.0
CAAGGATCGCATGTTC-1,3.0
CAAGGTCCTATAGGCT-1,3.0
CAAGTGAACTTTGGTT-1,3.0
CAAGTGTGGTTGCAAA-1,3.0
CAATAAACCTTGGCCC-1,3.0
CAATACGAGAGTCTGA-1,3.0
CAATACGCTCTGAGGC-1,3.0
CAATATGTAGATTTAC-1,3.0
CAATATTCTTGACCTA-1,6.0
CAATCCCTATACCAGC-1,3.0
CAATCCTGCCGTGGAG-1,3.0
CAATGAGGTTCGACTA-1,3.0
CAATGCGAGAAGTATC-1,5.0
CAATGGAATCTACATA-1,3.0
CAATGGATCTCTACCA-1,3.0
CAATGGTCGGCCTGGG-1,3.0
CAATGTGCCAACCCTT-1,3.0
CAATTAAGGGTGATGA-1,3.0
CAATTTCGTATAAGGG-1,3.0
CACAAGCTAAGAAAGG-1,
CACAATGAGCTGCTAT-1,5.0
CACACACGCTAACGAG-1,5.0
CACACAGCTTGCGCTC-1,3.0
CACACAGGGATAGATT-1,3.0
CACACGCGCTGTCTTA-1,3.0
CACACGTTTCAATGGG-1,3.0
CACAGAGACGAGGACG-1,6.0
CACAGCACCCACGGCA-1,3.0
CACAGCTAGGGAGTGA-1,3.0
CACAGGGCCATATAGT-1,5.0
CACAGGGCCGTTGTCA-1,0.0
CACAGTCCCGCTTCGC-1,5.0
CACAGTTCGCTTCCCA-1,4.0
CACATATTAGCAGGAT-1,5.0
CACATCGTGCACGCGC-1,0.0
CACATCTCACCGACGA-1,6.0
CACATGATTCAGCAAC-1,3.0
CACATGTTTGGACATG-1,3.0
CACATTCTTTCGATGG-1,3.0
CACATTTCTTGTCAGA-1,3.0
CACCACGCCACACAGA-1,3.0
CACCAGTCAGCATGCA-1,6.0
CACCATCGGAGGAGAC-1,3.0
CACCCAAATCTTATGT-1,3.0
CACCCACACGTCACCC-1,3.0
CACCCACGAGGCAATT-1,3.0
CACCCGGTTTGTGACT-1,6.0
CACCCTAACAAGATCT-1,5.0
CACCCTTGGTGAGACC-1,5.0
CACCCTTTCCTCGCTC-1,3.0
CACCGATACACCGAGC-1,3.0
CACCGCCAGAAGGTTT-1,3.0
CACCGCCGACCAGCGA-1,3.0
CACCGCGTCCACTCTA-1,3.0
CACCGGAGATATCTCC-1,3.0
CACCGTATCCCATCCG-1,4.0
CACCGTTAGGGATCAC-1,6.0
CACCGTTGCGCGATAT-1,5.0
CACCTAATAGAGTCGT-1,3.0
CACCTAATCAGTTTAC-1,3.0
CACCTCGATGGTGGAC-1,3.0
CACCTTGCGAAACTCG-1,3.0
CACCTTGGCGCCTTTG-1,3.0
CACGAAAGTTAGTCCC-1,3.0
CACGCACAGCGCAGCT-1,3.0
CACGCAGCGAGGCTTT-1,3.0
CACGCGGAACTGTTGC-1,3.0
CACGGACGTGGATGGC-1,3.0
CACGGCGCGCCAAAGG-1,3.0
CACGGGATTGAGGGTT-1,3.0
CACGTCGGCAACCTCT-1,5.0
CACGTCTATGATGTGG-1,3.0
CACGTTCGTGCTCTAG-1,3.0
CACGTTTCGTACACAC-1,5.0
CACTAAAGTTGCCTAT-1,3.0
CACTACGGGAGCTGCC-1,5.0
CACTACTCAGTTCTGT-1,3.0
CACTCAAGAGCTATGG-1,4.0
CACTCAGCTCTTGAGG-1,3.0
CACTCCTATGTAAGAT-1,6.0
CACTCCTCTCGGTCGG-1,3.0
CACTCGAGCTGAACAA-1,5.0
CACTCGGTTAGGAGGA-1,3.0
CACTCTTCTGCTAGCC-1,5.0
CACTGACGATTGTGGA-1,0.0
CACTGTCCAAGTGAGA-1,3.0
CACTTAATCAGACGGA-1,3.0
CACTTCGCCACAGGCT-1,3.0
CACTTCGTCTTATCTC-1,3.0
CAGAACTTAGCCCTCT-1,5.0
CAGAATAACACACGGA-1,5.0
CAGAATATTCGTTATC-1,3.0
CAGACACCGATCGCTG-1,6.0
CAGACCTGTAAGTGTT-1,3.0
CAGACGAACCTGATAC-1,5.0
CAGAGACGGTCACCCA-1,6.0
CAGAGCATGAGCTTGC-1,3.0
CAGAGGCGATGCATGA-1,6.0
CAGAGTGATTTAACGT-1,3.0
CAGATACTAACATAGT-1,3.0
CAGATCATTTAAAGTC-1,3.0
CAGATCCTGGTTTGAA-1,5.0
CAGCAGCCCGTTCCTT-1,3.0
CAGCAGTCCAGACTAT-1,4.0
CAGCAGTCTGTGCTGC-1,0.0
CAGCCCTCACAGGCAG-1,3.0
CAGCCGGGCCCTCTAT-1,3.0
CAGCCTCCTGCAGAGG-1,3.0
CAGCCTCTCCTCAAGA-1,3.0
CAGCGATTCCCTTCAA-1,6.0
CAGCTCACTGAGACAT-1,3.0
CAGCTCGACAAGTTAA-1,3.0
CAGCTCGTGCTTGTGT-1,3.0
CAGCTGGCGTAACCGT-1,5.0
CAGCTTAGTAGGTAGC-1,3.0
CAGGAAGACTTTATAT-1,3.0
CAGGACAGCTGCCCTT-1,3.0
CAGGATATATCGTTGT-1,5.0
CAGGCCGTTTGGGTGT-1,4.0
CAGGCGCACGGTGGTC-1,6.0
CAGGCGCCATGCTAGG-1,5.0
CAGTAACTATTTATTG-1,3.0
CAGTAATCCCTCCCAG-1,3.0
CAGTACATTCTCTAAA-1,3.0
CAGTACCAGTTTACGT-1,5.0
CAGTAGCCCACGCGGT-1,3.0
CAGTCGAGGATGCAAT-1,3.0
CAGTCTCTCGGCTAAT-1,3.0
CAGTCTGTATACTGGG-1,4.0
CAGTGAATAAATGACT-1,3.0
CAGTGGTTGCACATGA-1,3.0
CAGTGTCCGCAGAATG-1,3.0
CAGTGTCGGCTGGCCC-1,5.0
CAGTTCAAATTGACAC-1,3.0
CAGTTCCGCGGGTCGA-1,3.0
CATAACGGACAGTCGT-1,3.0
CATAAGAAGCTTGGCT-1,6.0
CATAAGCTCTCCGTCT-1,4.0
CATAATGAGCGGGCGA-1,3.0
CATACAAAGCCGAACC-1,3.0
CATACACGGTTCCCAC-1,0.0
CATACCCGTACCCAGT-1,4.0
CATACGAACTAGCTGG-1,0.0
CATACGGCGTCTGGGC-1,4.0
CATACTATGTAATTGT-1,3.0
CATACTTAGGCAATAC-1,3.0
CATAGCCGCCCGGGAT-1,3.0
CATAGCGTTGCCCACC-1,6.0
CATAGTACATTGAGAG-1,3.0
CATAGTAGCATAGTAG-1,3.0
CATAGTCCACAAGAAC-1,5.0
CATATACTACTGATAA-1,3.0
CATATAGGTACAGTCA-1,5.0
CATATGTCAGGCTACG-1,5.0
CATATTATTTGCCCTA-1,3.0
CATCAACACCTACTAA-1,3.0
CATCATCTACCCGGAC-1,3.0
CATCATTACCCTGAGG-1,5.0
CATCCGCAGGCCCGAA-1,3.0
CATCCTCTCAAAGATC-1,5.0
CATCGCCCGCGGCCAA-1,3.0
CATCGGACGGGTTAAT-1,5.0
CATCGTCCGGTTACTA-1,3.0
CATCTAGTGAAGGGAA-1,3.0
CATCTATCCCGTGTCT-1,3.0
CATCTGCAGGATCATT-1,3.0
CATCTTACACCACCTC-1,3.0
CATGAACCGACATTTG-1,3.0
CATGAACCTCTTATCA-1,3.0
CATGACTTCGCTGAAT-1,3.0
CATGAGATGCACTCTC-1,6.0
CATGATGCACAATTCT-1,3.0
CATGATGGAAGTTAGC-1,3.0
CATGCACGTGTTACTG-1,3.0
CATGCATGGAGACCCT-1,3.0
CATGCCAACTCGCAAA-1,5.0
CATGCGACCAGTTTAA-1,3.0
CATGCGTTAGACAGAA-1,3.0
CATGCTGGCTCCAATT-1,3.0
CATGGAAATGGGACCA-1,3.0
CATGGATTGTCTTCCG-1,5.0
CATGGCAGGAAGATCG-1,3.0
CATGGGTATGCCTTAT-1,5.0
CATGGGTCGGGTGTGG-1,3.0
CATGGTAAGTAGCGTT-1,5.0
CATGGTCTAGATACCG-1,3.0
CATGTAAGAGACATTT-1,5.0
CATGTCTCATTTATGG-1,5.0
CATTACATAGATTGTG-1,3.0
CATTACGTCGGCCCGT-1,3.0
CATTATGCTTGTTGTG-1,3.0
CATTCACTGACAGCTA-1,3.0
CATTCCCATTCCGTCG-1,3.0
CATTCCCTAAGTACAA-1,3.0
CATTGATGAACACGCC-1,3.0
CATTGCGAAATGGGCG-1,3.0
CATTGCGGGTCAATTC-1,3.0
CATTGTGTGCTAGATC-1,3.0
CATTTAGCGGACCATG-1,3.0
CATTTATCGTTCAAGA-1,3.0
CATTTCTAGCAGACTA-1,3.0
CATTTGAGTGGTACGT-1,5.0
CCAAACAGAACCCTCG-1,3.0
CCAAATAACAAGATTC-1,4.0
CCAACGATGCACTGAT-1,3.0
CCAACGCTTGCCAGGG-1,3.0
CCAACTTGATAGATCC-1,3.0
CCAAGAAAGTGGGCGA-1,6.0
CCAAGACTTCTGCGAA-1,3.0
CCAAGCGTAACTCGTA-1,3.0
CCAAGGAACAGAGAGG-1,3.0
CCAATAGATTTCATCT-1,3.0
CCAATAGTGCCGTCGA-1,3.0
CCAATCGGTAGATCGA-1,3.0
CCAATGTCACAGCAAG-1,4.0
CCAATTACGGGTCGAG-1,3.0
CCAATTGAATGTTAAT-1,3.0
CCACAATGTACGTCTT-1,3.0
CCACACTGAGATATTA-1,4.0
CCACAGCTGAAATCAT-1,3.0
CCACAGTACCCATCCT-1,4.0
CCACATACTGCACCCA-1,3.0
CCACCAACTTTACTGT-1,6.0
CCACCCAAGGAAAGTG-1,3.0
CCACGAATTTAACCTC-1,3.0
CCACGAGAAGAGAATC-1,3.0
CCACGGAGCCATAAGA-1,5.0
CCACGGTGCCCGGTAG-1,3.0
CCACGTAAATTAGACT-1,3.0
CCACTATCCGGGTCAC-1,3.0
CCACTGGTGGCTGGTT-1,4.0
CCACTGTTTGGATTAA-1,5.0
CCAGAAAGCAACTCAT-1,6.0
CCAGAGACAAAGCCGG-1,3.0
CCAGATAGTTGAGTGA-1,3.0
CCAGATGTAAATGGGT-1,3.0
CCAGCCTGGACCAATA-1,3.0
CCAGCGGGATCACCAG-1,3.0
CCAGCTACGCCTCATA-1,3.0
CCAGCTCGAACGCATT-1,0.0
CCAGCTGATGGTACTT-1,3.0
CCAGCTTCCGCCCGCA-1,3.0
CCAGGGACGTGGCCTC-1,3.0
CCAGTAGTCTGATCCA-1,3.0
CCAGTCAAATCTCTTA-1,3.0
CCAGTCCATTATTCGA-1,3.0
CCAGTCTAGACGGCGC-1,3.0
CCAGTCTTGTCATAGA-1,0.0
CCATAAACAACCCGAC-1,3.0
CCATACCTTTACTTGT-1,3.0
CCATAGGTTGGCGTGG-1,3.0
CCATAGTCAGTAACCC-1,3.0
CCATATGGAAACTATA-1,5.0
CCATCCATACCAAGTC-1,3.0
CCATCGCAGTTAAACT-1,5.0
CCATCTCACCAGTGAA-1,3.0
CCATCTTGTTCACAAT-1,3.0
CCATGCCCTAGATTTC-1,5.0
CCATGCCTGTTTAGTA-1,3.0
CCATGCTCTGCAGGAA-1,3.0
CCATGGCCCTTGTACC-1,3.0
CCATTAGCGATAATCC-1,3.0
CCATTCCCTGCCCACA-1,3.0
CCATTGTTTCCTCCAT-1,3.0
CCATTTCTACCTATTA-1,6.0
CCCAAACATGCTGCTC-1,3.0
CCCAACATACGTCGCG-1,5.0
CCCAACCACACTAACA-1,3.0
CCCAAGAATGCACGGT-1,3.0
CCCAATGAGATTTGCA-1,0.0
CCCAATTTCACAACTT-1,4.0
CCCAGAGGAGGGCGTA-1,3.0
CCCAGGTCTGAAGGCT-1,4.0
CCCAGTAAACTTGGGA-1,5.0
CCCAGTTAAGGCGCCG-1,3.0
CCCGAAGTTTCGCGAA-1,4.0
CCCGACCATAGTCCGC-1,3.0
CCCGAGTTTCTCCGTA-1,3.0
CCCGATAGCCTCGCCT-1,3.0
CCCGCAGCGCGAACTA-1,5.0
CCCGCAGGGCCCAAAG-1,3.0
CCCGCCATGCTCCCGT-1,3.0
CCCGCGCAATGCACCC-1,3.0
CCCGGGTCGTTCAGGG-1,0.0
CCCGGTGGAAGAACCT-1,3.0
CCCGGTGTATCGGAAT-1,5.0
CCCGTAAGTCTAGGCC-1,4.0
CCCGTAGCTGGGAAGA-1,6.0
CCCGTCAGCGTCTGAC-1,3.0
CCCGTTTCGCAGATGT-1,4.0
CCCTAGTGTCAGGTGT-1,3.0
CCCTATGTAGAGCAGA-1,6.0
CCCTCATTCTGGAATT-1,3.0
CCCTCCTCGCTCGTAT-1,4.0
CCCTGAAATGAGTTGA-1,3.0
CCCTGACTAACAAATT-1,3.0
CCCTGATGTAACTCGT-1,3.0
CCCTGCCCAATCCGCT-1,4.0
CCCTGCGCTACGCATA-1,3.0
CCCTGGCTGTTCCTTC-1,4.0
CCCTGGTATGGGCGGC-1,3.0
CCCTTTGACAGGTCTT-1,5.0
CCGAAAGTGGTGAGCA-1,3.0
CCGAACACTGGGCCTC-1,5.0
CCGAACCTTCCCGGCC-1,5.0
CCGAAGGGCGTACCGC-1,3.0
CCGAAGTATATTGTTC-1,3.0
CCGACAAACACATGAG-1,3.0
CCGACAAAGGGAGTGC-1,3.0
CCGACAATAGGCCGCC-1,5.0
CCGACGGGCATGAGGT-1,6.0
CCGACGTAAACACAAC-1,3.0
CCGACTCGCATAGTCT-1,3.0
CCGAGAAGTCGCATAA-1,3.0
CCGAGCTGTGCTTGTC-1,3.0
CCGAGGGATGTTAGGC-1,3.0
CCGATCTCAACCTTAT-1,3.0
CCGATTCGAGGGACCC-1,3.0
CCGCACAAAGACCAAC-1,3.0
CCGCACACGAACGTGT-1,3.0
CCGCACGTGACCTCGG-1,3.0
CCGCATGTGGTACGAT-1,6.0
CCGCCACCACAATCCA-1,3.0
CCGCCGGAACTTCTCG-1,5.0
CCGCCGGTCAACACAC-1,3.0
CCGCCGTTGAGGATAA-1,3.0
CCGCCTGCGAATTGGT-1,3.0
CCGCGATTTGGTAGGT-1,3.0
CCGCGGAATGCGTCAC-1,6.0
CCGCGGGTACGAAGAA-1,3.0
CCGCGTAGGTAAGGGC-1,3.0
CCGCTATCAGCACCAG-1,5.0
CCGCTCTTCCGAACTA-1,5.0
CCGCTGGTGCCATTCA-1,3.0
CCGCTTACCTCACTCT-1,5.0
CCGCTTGCTGACATGG-1,3.0
CCGGAATGGTTTCAGT-1,3.0
CCGGAGCGTACTTTCT-1,0.0
CCGGAGGTCTTATGGT-1,3.0
CCGGCACGACCGTTTC-1,3.0
CCGGCGCATATTGGAT-1,3.0
CCGGCGTGAGACTCTG-1,5.0
CCGGGACCCGCAGAGA-1,3.0
CCGGGCGGTCTCGTCA-1,3.0
CCGGGCTAAGAATTTC-1,
CCGGGCTGCTCCATAC-1,3.0
CCGGGTTCGAGGTTAC-1,4.0
CCGGTAATGGCTAGTC-1,3.0
CCGGTTTGTAATTGTG-1,6.0
CCGTAAGTTGGTCCCA-1,3.0
CCGTACCCAAGCGCCA-1,3.0
CCGTAGGAAATCCCTG-1,5.0
CCGTAGGGTTGTTTAC-1,5.0
CCGTATCTCGTCGTAG-1,5.0
CCGTATTAGCGCAGTT-1,3.0
CCGTCAACCTCTGGCG-1,
CCGTGAGGCATTCATG-1,3.0
CCGTGCCCATGACGGC-1,3.0
CCGTGGAACGATCCAA-1,3.0
CCGTGTTAAATTCCAT-1,5.0
CCGTTACGTTAGAACA-1,3.0
CCGTTCCGAATCTCGG-1,4.0
CCTAAAGGCTGACGCT-1,3.0
CCTAAATTAACGGTTC-1,4.0
CCTAAATTGTATCCTA-1,4.0
CCTAACCCAAACAAGT-1,5.0
CCTAACTAAGGCTCTA-1,3.0
CCTACAAGTCCGGAAT-1,3.0
CCTACATTCACAGACG-1,5.0
CCTACGCGACCTTACA-1,3.0
CCTACGGCTCAGTCGA-1,3.0
CCTACTGCGGCGGCCA-1,3.0
CCTACTGCTTACACTT-1,3.0
CCTAGGCGTAGCGATC-1,3.0
CCTAGGTAAAGGTAGC-1,5.0
CCTAGTTAGTCGCATG-1,3.0
CCTATAATGAGTGCCC-1,5.0
CCTATACCGTCCTGTC-1,6.0
CCTATATCGTGTCACG-1,6.0
CCTATATTTGTCCTGG-1,0.0
CCTATCTATATCGGAA-1,3.0
CCTATGAAGTGGTGCC-1,3.0
CCTATGGCTCCTAGTG-1,6.0
CCTATGGGTTACCGTC-1,3.0
CCTATGTCCACTCCAC-1,6.0
CCTCACCAATCTTGAC-1,3.0
CCTCACCTGAGGGAGC-1,3.0
CCTCACCTTAGCATCG-1,3.0
CCTCATGCAGCTACGA-1,3.0
CCTCCCGACAATCCCT-1,3.0
CCTCCGACAATTCAAG-1,3.0
CCTCCTAGCTAGAGTC-1,
CCTCCTGAGCCCACAT-1,3.0
CCTCCTGTTGTGTCGT-1,6.0
CCTCGAAGTGGACGGG-1,3.0
CCTCGACCCACTGCCT-1,3.0
CCTCGCCAGCAAATTA-1,3.0
CCTCGCGCGATATAGG-1,3.0
CCTCGCGCTGTGCGAT-1,6.0
CCTCGGACCGGGATAG-1,3.0
CCTCGGATGCTACCTG-1,3.0
CCTCTAATCTGCCAAG-1,3.0
CCTCTATCGATTAGCA-1,5.0
CCTCTCTCCCATCTAG-1,3.0
CCTCTGGCCTAGACGG-1,3.0
CCTCTGTACTATTCTA-1,6.0
CCTGAACGATATATTC-1,3.0
CCTGAATATTTACATA-1,3.0
CCTGACCACCGATGGT-1,5.0
CCTGACGCAACCTTTA-1,3.0
CCTGCCCGTTGTCTAG-1,3.0
CCTGCGATAGAACTGT-1,3.0
CCTGCGTTCTACGCTT-1,3.0
CCTGCTATTTGAGAAG-1,3.0
CCTGGAAACGTTCTGC-1,3.0
CCTGGCTAGACCCGCC-1,3.0
CCTGGTCGAATGTGGG-1,0.0
CCTGTAAGACATGATA-1,4.0
CCTGTACTCACGCCCA-1,4.0
CCTGTCACCCGGGCTC-1,3.0
CCTGTCCCTCACGTTA-1,3.0
CCTGTCGCCCGTAAAT-1,3.0
CCTGTGCGGATTGTAA-1,3.0
CCTGTTTGAAGACACG-1,5.0
CCTTCAGTTAAAGTGA-1,0.0
CCTTCTCAGCGTTCCT-1,4.0
CCTTCTTGATCCAGTG-1,3.0
CCTTGACCACTTTATT-1,5.0
CCTTTAAGGGAGCACT-1,0.0
CCTTTCAATGAAGAAA-1,3.0
CGAAACATAGATGGCA-1,3.0
CGAAACGCAATTCATG-1,5.0
CGAACAGTATGGGCGT-1,4.0
CGAACCCGCATGCGTC-1,5.0
CGAACGCCCAGTGCCG-1,3.0
CGAACGGCCGGACAAC-1,5.0
CGAAGCTATAAATTCA-1,3.0
CGAAGTTGCTCTGTGT-1,3.0
CGAATCTGCTCGACGC-1,6.0
CGAATGAAGTCATTGC-1,6.0
CGAATGACGCATAATG-1,0.0
CGAATTACATGGTGTT-1,3.0
CGACAATTTGATCTAA-1,3.0
CGACACGCTCCGACAG-1,4.0
CGACAGTTCGCGTTAT-1,3.0
CGACATGCGATCTTCT-1,3.0
CGACCCTTAACGCCGG-1,5.0
CGACGCATCCGTACCT-1,5.0
CGACTCAGGATGTTAT-1,3.0
CGACTTTGTATAGCCT-1,3.0
CGAGACCCTAGAGTGT-1,5.0
CGAGAGATGTGAACCT-1,3.0
CGAGAGCGCGTAGATA-1,4.0
CGAGAGCTTTCACTAC-1,6.0
CGAGAGGGTAGCCGCG-1,5.0
CGAGATTTCGCTCGGG-1,3.0
CGAGCACTTCAAGTTT-1,3.0
CGAGCGTTGATCAGCC-1,3.0
CGAGCTGGGCTTTAGG-1,3.0
CGAGGAGCTTCCATAT-1,3.0
CGAGGATCGGGAACGA-1,3.0
CGAGGCCAGGCATTGG-1,3.0
CGAGGCTAAATATGGC-1,3.0
CGAGGGACTGCGGTCG-1,3.0
CGAGGGTATCCAGGTG-1,0.0
CGAGTACTAAAGAGGA-1,5.0
CGAGTGAAGGTACCAG-1,6.0
CGAGTGCTATAGTTCG-1,3.0
CGAGTTCTGTCCCACC-1,3.0
CGAGTTTATCGGACTG-1,3.0
CGATAATACTCAGGTT-1,3.0
CGATACCTCGCGGACA-1,5.0
CGATATTAGCCGCAGG-1,3.0
CGATCCGACCCAGTGC-1,4.0
CGATCTGTTGGAGGAC-1,5.0
CGATGGACCCTACGCC-1,3.0
CGATGTTGTTATCTAC-1,6.0
CGATTAAATATCTCCT-1,6.0
CGATTCGCCTGGCTGC-1,6.0
CGCAAACACGAGTTAC-1,3.0
CGCAATCGATCATTAG-1,3.0
CGCAATTACTTTCGGT-1,3.0
CGCAATTAGGGTAATA-1,3.0
CGCAATTCTACAATAA-1,3.0
CGCACATGTCCACTAC-1,3.0
CGCACGTGCGCTATCA-1,3.0
CGCAGAAACATTTGCG-1,3.0
CGCAGATCTTCACCCG-1,3.0
CGCAGGCGATCCAAAC-1,5.0
CGCATCATGGCTTCAG-1,3.0
CGCATCCATCAGCCAG-1,3.0
CGCATGGTGCGATGCT-1,4.0
CGCATTAGCTAATAGG-1,3.0
CGCCAAGAAGCCGAGT-1,3.0
CGCCACAGGTCGCGAT-1,5.0
CGCCATCCGATTATGA-1,3.0
CGCCCAGCACGCCTAG-1,0.0
CGCCCGCTTCCGTACA-1,3.0
CGCCCTAATTGTTCAA-1,
CGCCCTTGAAGGCTGA-1,3.0
CGCCGCCCATGCCTGT-1,3.0
CGCCGTCTACCCATCG-1,3.0
CGCCGTTCAGCATAGT-1,5.0
CGCCTCCCTCCTCTAT-1,4.0
CGCCTGGCCTACGTAA-1,5.0
CGCCTTTAGCATGCTC-1,3.0
CGCGACACTGCGCAGC-1,3.0
CGCGACCGCGACAGAT-1,6.0
CGCGAGTCTGCCGGGT-1,5.0
CGCGCAAATGTCCAGA-1,6.0
CGCGCATGTTTGATTG-1,5.0
CGCGCCCGACTTAATA-1,3.0
CGCGGCAGTATTACGG-1,3.0
CGCGGCTCAACTTGAA-1,3.0
CGCGGGAATTAGGCAG-1,3.0
CGCGGTAAGTCTAGCT-1,3.0
CGCGGTCACAAACCAA-1,3.0
CGCGTACATTCTGGAA-1,
CGCGTCATATTAAACC-1,3.0
CGCGTTCATGAAATAC-1,3.0
CGCTACGGGACATTTA-1,4.0
CGCTAGAGACCGCTGC-1,3.0
CGCTATACCGCCCACT-1,3.0
CGCTATTCAATGTATG-1,3.0
CGCTATTCTTAGGCTC-1,4.0
CGCTCGACATAATGAT-1,3.0
CGCTCTCCGTAGATTA-1,3.0
CGCTGGTGACTACCCT-1,4.0
CGCTGTGACGCCGCAC-1,3.0
CGCTGTGTGGATGTTG-1,0.0
CGCTTAGTATTGATAC-1,0.0
CGCTTATTCCCGGTCG-1,5.0
CGCTTCCACTGAAATC-1,3.0
CGCTTTCATACCGGTG-1,3.0
CGCTTTCTTGCATTCG-1,3.0
CGGAAAGAATCAAACG-1,0.0
CGGAAATTTCACATCC-1,3.0
CGGAACGTAAACATAG-1,5.0
CGGAGCAATTTAATCG-1,6.0
CGGAGCATGGCGATCC-1,3.0
CGGAGCTTATAACACC-1,3.0
CGGAGTCCTAACCTGG-1,3.0
CGGAGTTTGAGAGACA-1,3.0
CGGATAAGCGGACATG-1,3.0
CGGATCCTCAAGGACT-1,6.0
CGGCAAACATCGTGCG-1,6.0
CGGCAATAAGATCGCC-1,5.0
CGGCACCGTTAGCGCC-1,3.0
CGGCACTCAAGAAAGT-1,3.0
CGGCAGGGTCGGGTTG-1,3.0
CGGCCACGCACAAAGT-1,3.0
CGGCCCAACCTGTAGT-1,3.0
CGGCCCAGGTATATCC-1,3.0
CGGCGCCATCAATCCC-1,5.0
CGGCTCTAAAGCTGCA-1,3.0
CGGCTCTTCGTCGAAC-1,3.0
CGGCTGCAAGATTAAG-1,3.0
CGGCTTTGTATGATAA-1,3.0
CGGGAATATAGTATAC-1,3.0
CGGGAATTTATGTAAA-1,5.0
CGGGAGCTTCAGTGTA-1,4.0
CGGGAGTATACCGCCG-1,3.0
CGGGATCAATGTAAGA-1,3.0
CGGGCAGCTAAACCGC-1,3.0
CGGGCCATAGCCGCAC-1,3.0
CGGGCCTTCTTTGTAA-1,5.0
CGGGTGTACCCATTTA-1,3.0
CGGGTTTGTTAGGGCT-1,5.0
CGGTACTAGAATCAAA-1,3.0
CGGTAGAGGTGCAGGT-1,3.0
CGGTCAAGTGGGAACC-1,3.0
CGGTCCATGAGACTCC-1,3.0
CGGTCCGTCGCAAGCC-1,0.0
CGGTCTATCAACCCGT-1,3.0
CGGTGAAGACTAAAGT-1,3.0
CGGTGCAGATAGAACG-1,5.0
CGGTGCGCGTTGGTCC-1,5.0
CGGTGGGCTCCAGCCT-1,3.0
CGGTGTACTTGATCCC-1,3.0
CGGTTATCCAACAGTG-1,3.0
CGGTTCAAGTAGGTGT-1,3.0
CGGTTCCGGCTTCTTG-1,3.0
CGGTTGACCTGGCATA-1,4.0
CGGTTGAGTATCCTTC-1,0.0
CGGTTGGGTTCAAGTT-1,3.0
CGTAAACGCTTGAGTG-1,3.0
CGTACCTGATAGGCCT-1,3.0
CGTAGCGAATTGTCAG-1,3.0
CGTAGCGCCGACGTTG-1,3.0
CGTATTAAGAGATCTA-1,3.0
CGTATTGTTTCCTAAT-1,3.0
CGTCAAATGGTCGCAG-1,3.0
CGTCAAGGCTATAAAT-1,3.0
CGTCACGTCCATTGGT-1,5.0
CGTCAGCTATTTACTC-1,3.0
CGTCAGTGCGCACAAG-1,3.0
CGTCATACCATATCCA-1,3.0
CGTCGCGGCGGGATTT-1,3.0
CGTCGCTTGGTTATAC-1,6.0
CGTCGGATAGTGTTGA-1,3.0
CGTCGGGTCTAAGCGC-1,5.0
CGTCGTCCTTCGCGAA-1,6.0
CGTCTGGAAGGGCCCG-1,3.0
CGTCTTGAGTGTGACG-1,3.0
CGTGAAGTTAATTCAC-1,4.0
CGTGACATTGGGTCGT-1,3.0
CGTGACCAGTCCTCTG-1,0.0
CGTGCAGACTGGGACA-1,3.0
CGTGCATTGTCGACGC-1,4.0
CGTGCCCTCCCGAAGA-1,4.0
CGTGCTGGCCTAGTCG-1,3.0
CGTGCTTCTACCTAAA-1,6.0
CGTGGAAGCCTCGTAC-1,3.0
CGTGGCCGAATATCTA-1,3.0
CGTGTCCCATTCGCGA-1,3.0
CGTGTCTCGTTACGAC-1,0.0
CGTGTGTTAAACCCTG-1,3.0
CGTTAAACTAGTTAGG-1,3.0
CGTTAATGTCCCGACG-1,6.0
CGTTAGCTCACAACTG-1,3.0
CGTTCAGACCCGCGAA-1,0.0
CGTTCATGGTGCGCGT-1,5.0
CGTTCTTCGCACACCT-1,3.0
CGTTGAATACCGCGCT-1,6.0
CGTTGAGCGACCGTCG-1,4.0
CGTTGCCCGCGTGGGA-1,0.0
CGTTGTAAACGTCAGG-1,3.0
CGTTGTAAGATTGATT-1,3.0
CGTTGTCGGCAATTGA-1,0.0
CGTTGTTTCAATTCCC-1,3.0
CGTTTAAGCGGAGCAC-1,3.0
CGTTTACAAGGCAGCT-1,3.0
CGTTTCACTTCGGGCG-1,3.0
CGTTTCGCTCATTACA-1,3.0
CGTTTGTGTAGAGGGT-1,6.0
CTAAAGAATGCCTACT-1,4.0
CTAAAGGGAAATAGGA-1,5.0
CTAAATCCGGTGTACA-1,0.0
CTAAATCCTATTCCGG-1,3.0
CTAACCGCGCGCCCGT-1,4.0
CTAACGAAACTTGCTG-1,3.0
CTAACTGATAATCGCC-1,5.0
CTAACTGGTCCGGTTC-1,5.0
CTAAGGGAATGATTGG-1,4.0
CTAAGTACAGGGCTAC-1,3.0
CTAATTCGCACGCGCT-1,3.0
CTAATTCTCAGATATT-1,3.0
CTAATTTCAACAACAC-1,3.0
CTACAAGAAATAACCC-1,0.0
CTACACTCGCAGATGG-1,5.0
CTACATATCGCGGGAC-1,
CTACCCTAAGGTCATA-1,3.0
CTACGAACTAGGTCGA-1,3.0
CTACGACTAGCTATAA-1,4.0
CTACGCACGGAGTACC-1,3.0
CTACGCCATTTCCGAT-1,3.0
CTACTATCATAGGTTT-1,5.0
CTACTATCTTTCAGAG-1,3.0
CTACTCAAGGTATAGT-1,0.0
CTACTCTAGGCCCGGC-1,3.0
CTACTGCCACCTGACC-1,3.0
CTAGACTGCATTTCGT-1,3.0
CTAGATAAACTCCTCG-1,3.0
CTAGATGTGAGTGTAA-1,3.0
CTAGATTTACGACGGC-1,4.0
CTAGCATAGTATAATG-1,3.0
CTAGCCACAGGCGAGC-1,5.0
CTAGCCGATGTTATGA-1,3.0
CTAGCTTAATGGTCCC-1,3.0
CTAGGCGCCCTATCAG-1,5.0
CTAGGTCTGAAGGAAT-1,3.0
CTAGGTTCGGACGTGA-1,6.0
CTAGTAGAAAGGGATT-1,6.0
CTAGTATTCGGAATTA-1,3.0
CTAGTCACGTCTTAAG-1,3.0
CTAGTGAAGGACAGGA-1,3.0
CTAGTTACAACCCGGT-1,6.0
CTAGTTGGGCCCGGTA-1,3.0
CTATAAGAGCCAATCG-1,3.0
CTATAGGCGTTGATGT-1,0.0
CTATCGACGAAATACA-1,5.0
CTATCGCGTAGAGAAC-1,5.0
CTATCGGGTCTCAACA-1,3.0
CTATGCCCGAATGCAA-1,0.0
CTATGGGAAGCGGAAT-1,5.0
CTATGTCACTAGCCCA-1,3.0
CTATGTCTATTGAAAC-1,3.0
CTATGTGAGTCACGGC-1,5.0
CTATTCATGTGTCCCA-1,6.0
CTATTTGGTTACGGAT-1,3.0
CTCAAACCACTGCCCG-1,0.0
CTCAACTAACCCGGAT-1,6.0
CTCAAGACATTAGCGC-1,3.0
CTCACACGCAAGCCTA-1,3.0
CTCACATTTACTAAAT-1,0.0
CTCACTGTGATACTTA-1,0.0
CTCACTTGGCTGGTAA-1,4.0
CTCAGGACTCACCTGT-1,3.0
CTCAGTCACGACAAAT-1,3.0
CTCATCACTTAGTGAT-1,3.0
CTCATGGCTCACAATC-1,3.0
CTCATGGTAATTTGCG-1,5.0
CTCATTAACGTTGCCC-1,3.0
CTCATTCGTGAACATC-1,3.0
CTCATTGCTCTAACAA-1,6.0
CTCATTTGATGGGCGG-1,3.0
CTCCCAATGAGTCGCG-1,3.0
CTCCCTCCTTTCGATC-1,5.0
CTCCGCCCACATGAGG-1,5.0
CTCCGGCCTAATATGC-1,3.0
CTCCGGCTTGTAGACA-1,3.0
CTCCTAAGTTATGTCT-1,3.0
CTCCTCCAGCTCACAC-1,0.0
CTCCTGTTCAAGGCAG-1,4.0
CTCCTTTACGCAAGTC-1,3.0
CTCGAATGGAACGTAT-1,3.0
CTCGAGGTCGAACAGT-1,3.0
CTCGATATTTGCGAGC-1,3.0
CTCGCACCTATATAGT-1,3.0
CTCGCATTGCATAGCC-1,6.0
CTCGCCGAATGTAGGG-1,0.0
CTCGGGATAACACCTA-1,3.0
CTCGGGTTCTCTGGCC-1,6.0
CTCGGTACCACTGCTC-1,3.0
CTCGGTCCGTAGCCTG-1,3.0
CTCGGTTGTCGGCCCT-1,6.0
CTCGTCGAGGGCTCAT-1,6.0
CTCGTTTCTAATGTTT-1,3.0
CTCTAATGCATTGATC-1,3.0
CTCTACACTGGCGATT-1,4.0
CTCTATTTGGCTGCAG-1,5.0
CTCTCACAATCGATGA-1,3.0
CTCTCGATGTGCGCCT-1,3.0
CTCTCGCTGTACTATG-1,3.0
CTCTCTAACTGCCTAG-1,6.0
CTCTGCAGGCATTCTT-1,
CTCTGCGAAGCAAGCA-1,3.0
CTCTGGACGCCTGGTG-1,3.0
CTCTGTTTGAGGATTC-1,3.0
CTCTTCTATTGACTGG-1,3.0
CTCTTCTGGAAGTTAG-1,0.0
CTCTTGTCCCGCTTGG-1,6.0
CTGAAAGAGATCCGAC-1,3.0
CTGAATCCGAGACCTC-1,5.0
CTGAATTTATTGCCAG-1,3.0
CTGACATAGAAATAGA-1,3.0
CTGACTGCGCAGCTCG-1,3.0
CTGAGAAAGTTCGGCG-1,3.0
CTGAGCAAGTAACAAG-1,3.0
CTGAGCGAGACTTATT-1,3.0
CTGATAGTGTATCTCA-1,3.0
CTGCAAGCACGTTCCG-1,5.0
CTGCACAACTACATAT-1,5.0
CTGCACCTAGTCCACA-1,3.0
CTGCACCTGGAACCGC-1,3.0
CTGCACTCCAGTACAG-1,6.0
CTGCAGAGAATCAGAG-1,5.0
CTGCCAAGGTTGGAAG-1,3.0
CTGCCATGCATCACAT-1,4.0
CTGCCTAGCCACCAAG-1,3.0
CTGCCTCATATGCAAC-1,3.0
CTGCCTTTAATACCTT-1,0.0
CTGCCTTTCTAGTAAA-1,6.0
CTGCGGGTGAAATGTT-1,3.0
CTGCGGTAGTCACGTG-1,3.0
CTGCGTTACGATATAA-1,3.0
CTGCTGAGGCCACGAA-1,5.0
CTGCTGTCTAACGAGC-1,3.0
CTGCTTGGCGATAGCT-1,5.0
CTGCTTTATGTCCGCG-1,3.0
CTGGAAATGGATGCTT-1,3.0
CTGGAAGACACGGTGG-1,5.0
CTGGACGCAGTCCGGC-1,5.0
CTGGATTTACACTTGA-1,5.0
CTGGCATCCGAATGAG-1,5.0
CTGGCGACATAAGTCC-1,3.0
CTGGCGCACAGGTCTG-1,3.0
CTGGCGGGAATAAGTA-1,3.0
CTGGCTCCTGCGGGAT-1,3.0
CTGGCTGATTCATCCT-1,3.0
CTGGCTGGTTGTCAGT-1,6.0
CTGGGATAAATAATGG-1,3.0
CTGGGATACGCTACCC-1,3.0
CTGGGCCTGCTATATC-1,5.0
CTGGGTAGGCAGTTAA-1,4.0
CTGGGTTGAGTTAAAG-1,5.0
CTGGTAAAGTGTGGGC-1,5.0
CTGGTAACACATAGAA-1,3.0
CTGGTAACGAGCTCTT-1,3.0
CTGGTCATTCCAATCC-1,3.0
CTGGTCCTAACTTGGC-1,3.0
CTGGTGAATGGGCCTA-1,6.0
CTGGTTCAACGCATCA-1,3.0
CTGGTTCGCGAGCTAC-1,3.0
CTGGTTTCGAGCAAGA-1,4.0
CTGTACTTCTTAGCAT-1,4.0
CTGTAGCCATCTCACT-1,6.0
CTGTATGGTGTAGAAA-1,3.0
CTGTCAAATGGCTCGG-1,3.0
CTGTCACGCCAGGCGC-1,3.0
CTGTGCAGGGTAGGTC-1,4.0
CTGTGGTCGGGAGATA-1,5.0
CTGTTACCCAATCTAG-1,5.0
CTGTTCACTGCCTGTG-1,3.0
CTGTTCATCTCACGGG-1,3.0
CTTAAATAAGACCCAT-1,3.0
CTTAACTTCGAAGTAC-1,3.0
CTTACACGGTATTCCA-1,3.0
CTTACACTGGGAAATA-1,3.0
CTTAGCCCGGATAGTG-1,3.0
CTTAGCCTTCCACATG-1,3.0
CTTAGGTATAGACCAG-1,6.0
CTTAGTAGGCCTACAG-1,3.0
CTTAGTGTAGTAGCAT-1,6.0
CTTATGCGCTCAGGGC-1,4.0
CTTATGTTGACTACCA-1,3.0
CTTCAACTCCACTTGG-1,6.0
CTTCACGCCCTGGTAC-1,
CTTCAGTGGTCGCCTA-1,5.0
CTTCATAGCTCAAGAA-1,3.0
CTTCATTGTCAGTGGA-1,3.0
CTTCCGCTCCGTGAAG-1,6.0
CTTCCTGCATATTTAC-1,3.0
CTTCGGCCAATTGTTT-1,3.0
CTTCGTAGATAGGTGA-1,4.0
CTTCTATGTTGAAGTA-1,5.0
CTTCTATTAATGCTAG-1,6.0
CTTCTGGGCGTACCTA-1,0.0
CTTCTTACGTCGTATA-1,3.0
CTTGACCCGAAAGATA-1,3.0
CTTGAGGTTATCCCGA-1,3.0
CTTGAGTTAGGGTAAT-1,3.0
CTTGCAACCGCCTCCT-1,5.0
CTTGCCCAGGCTCTAC-1,5.0
CTTGGCCAAGCTGGGA-1,0.0
CTTGTACTTGTTGACT-1,3.0
CTTGTCAACATTCGAG-1,5.0
CTTGTGAGTCTTTGAC-1,3.0
CTTGTGCTCACCGATT-1,3.0
CTTGTTGCTGAGTCAA-1,3.0
CTTGTTTATGTAGCCA-1,3.0
CTTTAACTTTCAAAGG-1,3.0
CTTTAATATTGGTCGA-1,5.0
CTTTACCGAATAGTAG-1,5.0
CTTTAGGAACACTGTT-1,3.0
CTTTAGTGCTATTATT-1,5.0
CTTTCTGTGCGGGCTT-1,6.0
CTTTGCATCGCTCTTG-1,5.0
CTTTGCTGTCATGGAT-1,3.0
CTTTGGCGCTTTATAC-1,3.0
CTTTGGCTTTAGTAAA-1,3.0
CTTTGGGATTGTTGCA-1,0.0
GAAACAGATGACCACC-1,3.0
GAAACAGCCATGCAGT-1,3.0
GAAACATAGGAAACAG-1,6.0
GAAACCATGGTGCGCT-1,3.0
GAAACCGAATTACCTT-1,5.0
GAAACCTATACAAATG-1,0.0
GAAACTCGTGCGATGC-1,3.0
GAAACTCTAATGAAGG-1,3.0
GAAAGAACAGCGTTAT-1,3.0
GAAAGCAGTGCACTTT-1,6.0
GAAAGCCCTTTGGACC-1,3.0
GAAAGTGACTAACTGC-1,3.0
GAAATACCTGCTGGCT-1,3.0
GAAATACTAAACGTTT-1,3.0
GAAATATCACCATCAG-1,3.0
GAAATCGCGCGCAACT-1,3.0
GAAATGGCGGTGTTAG-1,3.0
GAAATGGGATGTAAAC-1,3.0
GAAATTAGCACGGATA-1,3.0
GAAATTCACATCGCTG-1,3.0
GAAATTGTCTCTATAA-1,5.0
GAACACACATCAACCA-1,3.0
GAACAGATTACTAAAT-1,6.0
GAACCATCTGGGAGAC-1,3.0
GAACCCTCTGTGTTCT-1,0.0
GAACCTCGACCTACAC-1,3.0
GAACCTTTAACGATCC-1,0.0
GAACGACCGAATGATA-1,3.0
GAACGATAAGTTAAAG-1,3.0
GAACGCGGGTCACACG-1,3.0
GAACGTCTCATGGTCG-1,3.0
GAACGTTAGGAAGACG-1,3.0
GAACTTAGCGCCCGGT-1,3.0
GAACTTGTGCACGGGA-1,3.0
GAAGAAACGATATTGT-1,6.0
GAAGAACGGTGCAGGT-1,3.0
GAAGACTTCAATGCCG-1,3.0
GAAGCCACTGATTATG-1,0.0
GAAGCCGGGTAAGCTC-1,3.0
GAAGCCTGCACATTCC-1,0.0
GAAGCGTGAGGAATTT-1,3.0
GAAGCTCGGACCCGTC-1,5.0
GAAGCTTGCTGACCGC-1,3.0
GAAGGAGTCGAGTGCG-1,0.0
GAAGGCTACCATTGTT-1,3.0
GAAGTCAGTTGCACTA-1,6.0
GAAGTCTCCCTAGCGA-1,3.0
GAAGTGATTTATCGTG-1,4.0
GAAGTGCTGGATAGCT-1,3.0
GAAGTTTCCACTCAAT-1,3.0
GAATAGACGCGACCCA-1,3.0
GAATAGCATTTAGGGT-1,3.0
GAATAGCCCTGCGGTC-1,3.0
GAATAGTGCTCGATTA-1,0.0
GAATATTCGGAGTCCC-1,3.0
GAATCGACATGGTCAC-1,3.0
GAATCGCCGGACACGG-1,3.0
GAATCTGAACATTCTC-1,4.0
GAATGCCGAAATGACC-1,3.0
GAATGCGAATCGGTTC-1,0.0
GAATGTATGGCAGGTC-1,3.0
GAATGTGGTCCGGATT-1,3.0
GAATGTTGGGTAATCT-1,3.0
GAATTATAGTGAAAGG-1,3.0
GAATTCACCCGGGTGT-1,5.0
GAATTTCTCGCTGCAG-1,3.0
GACAAACATATGCAGG-1,3.0
GACAACGACCATTGAA-1,3.0
GACAACGCAGCTTACG-1,3.0
GACAAGAGATGAGATT-1,5.0
GACACAAGGGAAGAAA-1,3.0
GACACGAGTTAGAGGA-1,3.0
GACACTGAGTTCAGTG-1,5.0
GACACTGGAACCCGAT-1,4.0
GACAGATTTCTGGCTC-1,4.0
GACAGCCAGACCTGAC-1,3.0
GACAGGCACACACTAT-1,3.0
GACATACTGTCGCAGA-1,3.0
GACATCCGTCGAACTG-1,0.0
GACATCGATTTATAAC-1,6.0
GACCAAACGTTGACTG-1,5.0
GACCAGAGCCCTGTAG-1,3.0
GACCAGGTCATTCATA-1,3.0
GACCCAATTATGATAC-1,5.0
GACCCGTCGCCGGCTA-1,3.0
GACCGACGTGAAAGCA-1,3.0
GACCGACTGAAGCGTC-1,3.0
GACCGCGTCTGACGTG-1,3.0
GACCGTCAGGTCGTGA-1,3.0
GACCGTGCTGACGGTG-1,4.0
GACCGTTACATGCGAC-1,3.0
GACGACGATCCGCGTT-1,5.0
GACGAGGCTAATAAAC-1,5.0
GACGCCGTAAAGGCTA-1,6.0
GACGCCTGTTGCAGGG-1,3.0
GACGCTTGCTTCTAAA-1,4.0
GACGGACCGCGTTCCT-1,3.0
GACGGGTTGGCCCGTA-1,0.0
GACGGTCAATAGAAGC-1,3.0
GACGTGAGACTCCATG-1,3.0
GACGTGTAGGGATTAT-1,3.0
GACGTTCGTAAATACA-1,3.0
GACTAACACAGCACCT-1,3.0
GACTAAGATCATGCAC-1,3.0
GACTAAGTAGGCTCAC-1,3.0
GACTACAAAGCGGTGG-1,5.0
GACTACAATTGCTCGT-1,3.0
GACTCACCCACGTGAG-1,3.0
GACTCCCAGAATAAGG-1,3.0
GACTCCTTCCAATTGA-1,5.0
GACTCGCGGGAATGAC-1,3.0
GACTGATTGGTCACAA-1,3.0
GACTGCAAATCGAGCT-1,6.0
GACTGCACCAGCCCAG-1,4.0
GACTGCGGCACGTGTA-1,3.0
GACTGGGCGCCGCAAC-1,3.0
GAGACTGATGGGTAGA-1,3.0
GAGACTTCGCGACCGA-1,6.0
GAGAGCGCAGTCCCTG-1,3.0
GAGAGGGCGCGAGGTT-1,4.0
GAGAGGTGCATTCTGG-1,5.0
GAGATCTGCTTGGCAT-1,3.0
GAGATCTGTCACTCCG-1,3.0
GAGATCTTCCATGACA-1,4.0
GAGATGACAATCCTTA-1,3.0
GAGATGGGAGTCGACA-1,5.0
GAGCACCTGTGTCCAG-1,6.0
GAGCACGGCGCCTCTT-1,3.0
GAGCATCAACAACTTG-1,0.0
GAGCATCATCCCTGGG-1,3.0
GAGCCACGGTAGTAGG-1,3.0
GAGCCAGCTACCTGTG-1,5.0
GAGCGAGGGAGTACCG-1,3.0
GAGCGCAAATACTCCG-1,4.0
GAGCGCGCACGAGTAG-1,4.0
GAGCGCTGTTAGGTAA-1,6.0
GAGCTAAGGGCATATC-1,3.0
GAGCTCTCGGACCTAA-1,3.0
GAGCTGTCGTCTCGGA-1,3.0
GAGGAATGGAGAGGTT-1,3.0
GAGGATAAACAGTGCT-1,3.0
GAGGCCCGACTCCGCA-1,6.0
GAGGCTATCAAAGTCG-1,3.0
GAGGGAGTCAGATCGC-1,0.0
GAGGGCATCGCGTATC-1,3.0
GAGGGCCATAATATTA-1,3.0
GAGGGCGCAGCTCTGC-1,3.0
GAGGGTAGTAACAAAG-1,0.0
GAGGTACATCCATCTT-1,3.0
GAGGTCCCAAAGATCT-1,3.0
GAGGTCTTAGTGGGTC-1,3.0
GAGTAAACCGGAAAGT-1,3.0
GAGTAAGGCCACGGGA-1,5.0
GAGTACGGGTATACAA-1,3.0
GAGTAGATACTAGTTG-1,0.0
GAGTATCAAAGTTACA-1,4.0
GAGTATGCCCGCCTTG-1,5.0
GAGTATGCGCGTGCAT-1,0.0
GAGTCAGACCAGAATC-1,6.0
GAGTCCGCTTACCGGA-1,5.0
GAGTCGACAGACCCTC-1,3.0
GAGTGTCAACCAGAAA-1,6.0
GAGTGTGCGGTACCCA-1,3.0
GAGTTGATGGCAATTT-1,5.0
GATAAATCGGTGGATG-1,3.0
GATAACTCGCACTGTG-1,3.0
GATAAGGCAGATGCAA-1,3.0
GATACGATGGGAGTCA-1,5.0
GATAGGTAACGTTGAC-1,5.0
GATAGGTGTCCCGGGC-1,3.0
GATATCTCATGCAATA-1,3.0
GATATGAGACACTAAC-1,3.0
GATATGCGGTAGCCAA-1,3.0
GATATGGATTACGCGG-1,3.0
GATATTGAGATTGGCG-1,3.0
GATATTTCCTACATGG-1,3.0
GATCAACATAAAGGGA-1,0.0
GATCATTCCAAACATT-1,3.0
GATCCCTTTATACTGC-1,3.0
GATCCGAATATAAGTG-1,3.0
GATCCGGGAATTAACA-1,3.0
GATCCTAAATCGGGAC-1,3.0
GATCCTCGACACTGGC-1,5.0
GATCCTCTTGCGCTTA-1,3.0
GATCGACACTATCTGA-1,3.0
GATCGCGGGCTCTCCA-1,3.0
GATCGCTACCCGATTT-1,4.0
GATCGCTATATCTCAG-1,6.0
GATCGCTGTGGTGCGT-1,
GATCGGATAGAACCAT-1,3.0
GATCGGCGATAAGTCG-1,3.0
GATCGGTGGCCATAAC-1,3.0
GATCGTGACTGATATC-1,3.0
GATCTCGACGCTGTGG-1,3.0
GATCTGCTATCTAAGG-1,0.0
GATCTTCATTGTCCTC-1,3.0
GATCTTGGAGGGCATA-1,5.0
GATCTTTGCAGGGTAT-1,4.0
GATGACAAGTAGGGCA-1,6.0
GATGACGATGATCGCG-1,3.0
GATGCCAGCAGAAGGC-1,3.0
GATGCCTTCTGCGGCA-1,6.0
GATGCGAATGGTATTA-1,3.0
GATGCGTCCTGCATTC-1,3.0
GATGCTACAAGCGCCT-1,3.0
GATGCTGTATTTCATC-1,4.0
GATGGCGCACACATTA-1,3.0
GATGGTGCCCTAGGCA-1,3.0
GATGTAACGAACCACC-1,5.0
GATGTCCGGATCACAT-1,3.0
GATGTCGGTCAACTGC-1,3.0
GATGTGTTGTCACAAG-1,3.0
GATGTTCAATCCACGA-1,5.0
GATGTTTGTGCGAGAT-1,3.0
GATTAACCGAAAGCCC-1,5.0
GATTACTGAATTTGGG-1,5.0
GATTCCCTTGTCGCAG-1,3.0
GATTCCGCGTTTCCGT-1,3.0
GATTCCTATACGGCGC-1,3.0
GATTCGACGGTTCACG-1,4.0
GATTGACACTCTGCTC-1,3.0
GATTGCTCCAGTTGCA-1,0.0
GCAAACCCTACATTAT-1,5.0
GCAAACCTTGGCCATA-1,6.0
GCAAACGTCGCCAGGT-1,3.0
GCAAAGGGCGTTAGCC-1,6.0
GCAAATATTACGCTTT-1,3.0
GCAACACACTAGAACT-1,5.0
GCAACAGCAGTATGCG-1,3.0
GCAACCACCAGACCGG-1,3.0
GCAACCACGGCCGCGT-1,5.0
GCAACGGCTAGTTATG-1,3.0
GCAAGAATTCCTTGGC-1,5.0
GCAAGTGCACAGAGAA-1,3.0
GCAATTAGTCGCACCG-1,3.0
GCACAAACCCTAGATG-1,6.0
GCACAAACGAGGCGTG-1,3.0
GCACAACCTCGGGCGT-1,5.0
GCACAAGTGTCGGAAG-1,3.0
GCACACACTGGTAGCC-1,5.0
GCACACGCCCATGGTC-1,3.0
GCACGCCTACTTAGAT-1,6.0
GCACTAGTCGCGCTAT-1,3.0
GCACTGTGCAAATGTA-1,3.0
GCAGAAGGTAATCTCC-1,3.0
GCAGACCCAGCACGTA-1,3.0
GCAGATCCATAAGACT-1,5.0
GCAGATCCTCGCAAAT-1,3.0
GCAGATTAGGGATATC-1,3.0
GCAGCACACAGCCCAG-1,4.0
GCAGCCTATATCACAT-1,3.0
GCAGCGGTGGGCATTA-1,3.0
GCAGGAACTTAGATCT-1,5.0
GCAGGACTATAGAATA-1,3.0
GCAGGTAGAGTATGGT-1,3.0
GCAGTGTGGCTATAGG-1,6.0
GCAGTTCGATCCGAGC-1,5.0
GCATACGAGGTCTTTA-1,3.0
GCATAGAGCACTCAGG-1,3.0
GCATCCCTAACTTTGA-1,3.0
GCATCGGCCGTGTAGG-1,4.0
GCATGAGGGACGCGGC-1,3.0
GCATTCAAGGCAACGC-1,3.0
GCATTCGAAATGAACA-1,3.0
GCATTGTAATTCATAT-1,4.0
GCATTTCCAAGGCTCC-1,3.0
GCCAACCATTTCCGGA-1,3.0
GCCAAGAATACTTCTG-1,4.0
GCCAATAGGGCATCTC-1,3.0
GCCACAATTTAAGGAC-1,5.0
GCCACTCAGAGCGCGA-1,5.0
GCCACTCCTTACGGTA-1,4.0
GCCAGGAGTAACCGAT-1,3.0
GCCAGGCGTTCGCATG-1,3.0
GCCATATTGCACACAG-1,3.0
GCCATCGAGCTGCGTG-1,6.0
GCCATCGATGCTGCAT-1,3.0
GCCATTAGCCTCAAAC-1,5.0
GCCCACCAAGGCTGTC-1,3.0
GCCCAGATGCTGGAGA-1,3.0
GCCCAGTTGGTATGCC-1,3.0
GCCCGACTTCTTCCCG-1,5.0
GCCCGAGAGTCTAAAT-1,6.0
GCCCGATCTGTGGTCG-1,6.0
GCCCGCGCGTAAACGG-1,5.0
GCCCGCGCGTTTGACA-1,3.0
GCCCGTAATACCTTCT-1,3.0
GCCCTAGCCGTCGCGA-1,5.0
GCCGAAATTCCTACGT-1,3.0
GCCGACCCACGACTGC-1,0.0
GCCGATTGGCCAAGCT-1,4.0
GCCGCACTCCGTTTCA-1,3.0
GCCGCATTAGTCCGGC-1,3.0
GCCGCTAGATACGCAG-1,3.0
GCCGCTTGTGAGAAAC-1,3.0
GCCGGGTTAGGGTCGC-1,4.0
GCCGTGGAAGAAATGT-1,3.0
GCCTAGCGATCTGACC-1,3.0
GCCTATAGTGTCAGGG-1,3.0
GCCTATGCTGGGCCTT-1,3.0
GCCTATTCCGATATAG-1,3.0
GCCTATTTGCTACACA-1,3.0
GCCTCATCTGGAAATA-1,3.0
GCCTCCGACAATTCAC-1,5.0
GCCTCTATACATAGCA-1,6.0
GCCTGCTACACTGAGA-1,3.0
GCCTTCAGCCCTACCG-1,3.0
GCCTTGTATATGCAGT-1,3.0
GCCTTTGTCAGTGGAC-1,6.0
GCGAAACGATCGGGAG-1,5.0
GCGAAACTTAACTGGA-1,4.0
GCGAAGCCATACCCGT-1,3.0
GCGACATGTAAACATC-1,3.0
GCGACCCAACCATCTG-1,6.0
GCGACGATAGTTGTAC-1,5.0
GCGAGAAACGGGAGTT-1,3.0
GCGAGAGGCCATGTAA-1,3.0
GCGAGAGTTGCGTCCA-1,3.0
GCGAGCGCATGCTCCC-1,3.0
GCGAGGCCCGAGCAGA-1,4.0
GCGAGTTCTGCAAAGA-1,3.0
GCGATTCTGGAAGCAG-1,3.0
GCGATTGTTAACGTTA-1,3.0
GCGCAAATATATTCAA-1,6.0
GCGCAAGAGCGCGCTG-1,3.0
GCGCATCCAGTCAGCA-1,3.0
GCGCCGTTCCACGATA-1,4.0
GCGCCTCCCACTCCGA-1,3.0
GCGCGTCATTGGTACA-1,6.0
GCGCTAATTGAATAGA-1,3.0
GCGCTATGCCGAGGCA-1,5.0
GCGCTGATCCAGACTC-1,3.0
GCGCTGCTTTGCATTT-1,3.0
GCGCTTAAATAATTGG-1,5.0
GCGGACCGCGTTGTGG-1,6.0
GCGGAGAAACTTCGCA-1,6.0
GCGGAGAGGGAGAACG-1,5.0
GCGGCAAAGTATTGCC-1,6.0
GCGGCTCTGACGTACC-1,4.0
GCGGGAACCAGGCCCT-1,3.0
GCGGGCATTACGATGC-1,3.0
GCGGGCGAGCCTTACC-1,6.0
GCGGTAACCCAAATGA-1,3.0
GCGGTCCCGGTGAAGG-1,3.0
GCGGTCCCTAGACGCA-1,3.0
GCGGTGAACTGCGCTC-1,3.0
GCGGTTCCCTATCATG-1,5.0
GCGTAAATGGCCATAA-1,3.0
GCGTCCCTAAGACATA-1,0.0
GCGTCGAAATGTCGGT-1,3.0
GCGTCGCCAGGGTGAT-1,6.0
GCGTCTAACCTCCTAA-1,3.0
GCGTCTCTGCATTGGG-1,4.0
GCGTGGTACTGGGTTA-1,3.0
GCGTGTATGTCGTATT-1,3.0
GCGTTATATTTGGAAC-1,3.0
GCGTTCGGAGACCGGG-1,3.0
GCTAAACCTGAGGTGA-1,3.0
GCTAACTGAAGTCTGA-1,5.0
GCTAAGTAAAGGCGAT-1,3.0
GCTAAGTAGTTTCTCT-1,3.0
GCTAATACCGAATGCC-1,3.0
GCTACAGTACGGACCG-1,3.0
GCTACGACTTATTGGG-1,4.0
GCTACTATAGTAGAGT-1,5.0
GCTAGACCGTCTACTG-1,3.0
GCTAGAGTAGAGATGT-1,5.0
GCTAGCACCTGGGCCA-1,3.0
GCTAGCAGGGAGTGGG-1,3.0
GCTAGCGATAGGTCTT-1,0.0
GCTAGCTTGAATAGCT-1,6.0
GCTAGGCACCACGGAG-1,5.0
GCTAGTAGAGCTTGTA-1,3.0
GCTAGTTTCATTGAGG-1,3.0
GCTATACGTCTCGGAC-1,5.0
GCTATCATACTCATGG-1,5.0
GCTATCGCGGCGCAAC-1,3.0
GCTCAACCTCTTAGAG-1,3.0
GCTCAATCCGTTTATT-1,6.0
GCTCAATGTAATACCG-1,0.0
GCTCATTACTGCATGT-1,3.0
GCTCCCAGTCGGTCCA-1,3.0
GCTCCGCTCGCTTCAG-1,3.0
GCTCCGGACGTTGATA-1,3.0
GCTCCTGACATACTGG-1,6.0
GCTCGCGGTTCCGCTC-1,3.0
GCTCGCTCATGTCCAA-1,3.0
GCTCGGAATTTAAAGC-1,3.0
GCTCTAAACCCTGACG-1,3.0
GCTCTATGTTACGTGC-1,3.0
GCTCTCGGGTACCGAA-1,3.0
GCTCTTTCCGCTAGTG-1,0.0
GCTGAACTCTCCAGGG-1,3.0
GCTGAATCTTCCAATC-1,6.0
GCTGAGCAACGGTTCT-1,3.0
GCTGAGGCGTGAGTAT-1,4.0
GCTGCACGGTTTCTTA-1,3.0
GCTGCTAAGTAGTCGA-1,6.0
GCTGCTACTGCGTAGC-1,5.0
GCTGCTCTCCGGACAC-1,3.0
GCTGGCAGGTGCCGTG-1,3.0
GCTGGCATATTCACCT-1,3.0
GCTGGCGGCGCATGCT-1,6.0
GCTGGTTTAGGCCATA-1,6.0
GCTGTATTACTGGCCC-1,5.0
GCTGTCTGTGATCGAC-1,3.0
GCTGTTGCTACCGAAC-1,3.0
GCTTAATGTAACTAAC-1,3.0
GCTTACGTAGTTAGTA-1,3.0
GCTTATGAAGCAGGAA-1,3.0
GCTTCCGTCCCTAGAC-1,3.0
GCTTGATGATAATCAG-1,3.0
GCTTGCAGCACAATTG-1,3.0
GCTTGGATCGATTAGG-1,3.0
GCTTTCAGAGGAGGTG-1,3.0
GGAAACCTTGTTGAAT-1,3.0
GGAAACTAAATGGGCC-1,5.0
GGAAAGTGCCCATGCC-1,3.0
GGAACCCGAACAAGAA-1,3.0
GGAACCGTGTAAATTG-1,5.0
GGAACCTTGACTCTGC-1,6.0
GGAACGGCCTGCAGCC-1,3.0
GGAACTTTGGCGATTA-1,5.0
GGAAGCTCGCTTACAG-1,3.0
GGAATAACCTCAAGAA-1,3.0
GGAATGCGCTAGCGTG-1,3.0
GGACACAAGTTTACAC-1,3.0
GGACCAACAGGATAAC-1,5.0
GGACCTACGGTAACGT-1,3.0
GGACCTCTAGGCCGCC-1,6.0
GGACGGCTTGCGCAAC-1,3.0
GGACTAAGTCAGGAGT-1,3.0
GGACTCACAAATTAGG-1,3.0
GGACTCGTGAGTGGTC-1,0.0
GGAGAAGTCATTGGCA-1,3.0
GGAGACCAATGTGCTT-1,3.0
GGAGACCATCTACATA-1,5.0
GGAGACGACACCTTTG-1,4.0
GGAGCAACATTTCAAG-1,5.0
GGAGCACCAAGAACTA-1,3.0
GGAGGATTGAAAGGAG-1,3.0
GGAGGCCGAAGTCGTC-1,3.0
GGAGGCGAAGAACCGC-1,3.0
GGAGGGCTTGGTTGGC-1,3.0
GGAGTGCCGCCCTGGA-1,3.0
GGATACTCATGAATTG-1,3.0
GGATCAAAGGACGAGG-1,3.0
GGATCATCCCGTACGC-1,3.0
GGATCCGGAATATACT-1,3.0
GGATCTTACTGCCCTT-1,0.0
GGATCTTGACTCAACC-1,5.0
GGATGAAGATCGCTGA-1,3.0
GGATGACGCGAGTTTA-1,4.0
GGATGCTGGCGTTCCT-1,3.0
GGATGTCCTTACCGCA-1,3.0
GGATTAAGCTAAGGTC-1,3.0
GGATTCAGTACGGTGG-1,3.0
GGATTCCGCTATACCC-1,3.0
GGATTGCTGTGACTCC-1,6.0
GGATTTCACTTCTATA-1,3.0
GGCAAAGGCGCCAATA-1,6.0
GGCAAATTACTTTACT-1,5.0
GGCAAGCCAGGGATAG-1,3.0
GGCAAGGCGAAATAGC-1,5.0
GGCAATAGTCAATGAG-1,3.0
GGCACTCAGCCGACCC-1,4.0
GGCACTCCACTGGGCA-1,3.0
GGCAGAGAGATCGGGA-1,3.0
GGCAGCAAACCTATGC-1,4.0
GGCAGCGGTAATCCTA-1,3.0
GGCATACAGGTAGCGG-1,3.0
GGCATATCGGTTCTGC-1,3.0
GGCATCAACGAGCACG-1,3.0
GGCCCGGAGCATGTCT-1,3.0
GGCCCGTATACCATGC-1,3.0
GGCCCTCACCCACTTA-1,3.0
GGCCGAGACTCTGGTG-1,0.0
GGCCGGCGTCTGCTAT-1,0.0
GGCCGTTTGGGTTTCA-1,0.0
GGCCTGCTTCTCCCGA-1,5.0
GGCCTTTGCAACTGGC-1,3.0
GGCGAAATCTAACTTG-1,3.0
GGCGAACCGTTCTGAT-1,3.0
GGCGAGCGAAACGGCA-1,5.0
GGCGCAGGACATCTTC-1,3.0
GGCGCATGAATTGATG-1,5.0
GGCGCGGAGATCTTTC-1,6.0
GGCGCGTTCGAGTTTA-1,5.0
GGCGCTCCTCATCAAT-1,3.0
GGCGGAGTAATATTAG-1,3.0
GGCGGTAGGATCATTG-1,3.0
GGCGGTTTGCCGGTGC-1,3.0
GGCGTAGGGAAAGCTG-1,6.0
GGCGTCCTATCCGCTG-1,3.0
GGCTAAAGGGCGGGTC-1,3.0
GGCTACTATACACTCC-1,0.0
GGCTATTAAGTTGTAT-1,3.0
GGCTCCTCCACCTGTT-1,0.0
GGCTCGCGTTGAGGTA-1,3.0
GGCTCGTGCCACCAGC-1,3.0
GGCTCTGCTCCAACGC-1,3.0
GGCTGAAATAGCAAAG-1,5.0
GGCTGAGCATCGTAAG-1,3.0
GGCTGGCTAGCTTAAA-1,3.0
GGCTTGGCTCTCACCT-1,3.0
GGCTTTCAATAAGGGT-1,0.0
GGGAACGGGAGGTTAG-1,4.0
GGGAACGGTTTCAGAT-1,0.0
GGGAAGACGGTCTGTC-1,0.0
GGGAAGGGCTTTCTCA-1,6.0
GGGAATGAGCCCTCAC-1,3.0
GGGAATTCTGTCCAGT-1,3.0
GGGACAGAGTTACTCC-1,6.0
GGGACCCGTATATCTT-1,6.0
GGGACTGCATAGATAG-1,3.0
GGGAGAACTCACAGTA-1,3.0
GGGAGGATGCCCGAAA-1,4.0
GGGAGTAATGGCTGGC-1,3.0
GGGAGTTAATGAGGCG-1,3.0
GGGATACGGTAATAAT-1,3.0
GGGATCCCAATACAAA-1,3.0
GGGATGGTCGTAACCG-1,5.0
GGGATTTACCGCACCT-1,3.0
GGGCAACCGCACGTGC-1,5.0
GGGCAGAGCAATCGTT-1,0.0
GGGCCCGTCTTAAACA-1,5.0
GGGCCCTACGAAAGGG-1,3.0
GGGCCGGCCGAAGTAC-1,3.0
GGGCCTAAATGGGCTA-1,4.0
GGGCGAATTTCTCCAC-1,3.0
GGGCGATATGTGTGAA-1,3.0
GGGCGCAGCGTTACTC-1,3.0
GGGCGGCAAATGAATT-1,5.0
GGGCGGGTTCCCTACG-1,5.0
GGGCGGTCCTATTGTC-1,3.0
GGGCGTACATTTATAT-1,3.0
GGGCGTCACCACGTAA-1,5.0
GGGCGTCCACTGGCTC-1,3.0
GGGCGTGGTTTCCCAG-1,6.0
GGGCGTTTACATTCAT-1,0.0
GGGCTATGATCGATGG-1,6.0
GGGCTCATCGAACCCA-1,3.0
GGGCTGCCTAGGGCGA-1,3.0
GGGCTGGTTAGTCGCG-1,3.0
GGGTAATGCTGTGTTT-1,3.0
GGGTACCCACGGTCCT-1,3.0
GGGTACTTCATGAACT-1,4.0
GGGTATGTATGCACTT-1,3.0
GGGTATTCTAGCAAAC-1,5.0
GGGTCACCGTGACGGT-1,3.0
GGGTCACGTGCTTATG-1,3.0
GGGTCAGGAGCTAGAT-1,0.0
GGGTCATGCGTACCAT-1,3.0
GGGTCGTGGCAAGTGT-1,3.0
GGGTGACACCTTAACT-1,5.0
GGGTGCATATGAAAGC-1,3.0
GGGTGGTCCAGCCTGT-1,3.0
GGGTGTTTCAGCTATG-1,3.0
GGGTTAACATTTGAGT-1,6.0
GGGTTCAGACGAACAA-1,3.0
GGGTTTAGGATAGGAT-1,3.0
GGTAAATGTGCGTTAC-1,3.0
GGTAACCGGGAGGATA-1,6.0
GGTAACTATGTATCTG-1,3.0
GGTACAAACATGCTAT-1,4.0
GGTACACCAGATTTAT-1,3.0
GGTACATCTGGGACGA-1,3.0
GGTACCATTAAGACGG-1,3.0
GGTACTAAGTGCTTTG-1,3.0
GGTAGAAGACCGCCTG-1,6.0
GGTAGACCGTTGGGCG-1,6.0
GGTAGTGCTCGCACCA-1,3.0
GGTATAGTGACACATA-1,3.0
GGTATTGCCGAGTTTA-1,3.0
GGTCAAGACTACTTCG-1,5.0
GGTCACGTTAGATTCA-1,3.0
GGTCAGTGGGTCCCAC-1,5.0
GGTCCCATAACATAGA-1,3.0
GGTCGGATAAACGGCG-1,3.0
GGTCGGCCAGGAGCTT-1,3.0
GGTCGGTAATTAGACA-1,3.0
GGTCGGTCGTCCACAG-1,6.0
GGTCGTAAGCTCGCAC-1,5.0
GGTCTCCAAGTAGTGC-1,3.0
GGTCTCTGAATGGACT-1,6.0
GGTCTGAGAATCTGGA-1,3.0
GGTCTTGAGCGCTCTT-1,0.0
GGTGAAACCGGGAATG-1,3.0
GGTGAACGGGCTAGCC-1,3.0
GGTGAAGTACAGGGAT-1,5.0
GGTGAGATGCAGATAA-1,3.0
GGTGATAAGGAGCAGT-1,3.0
GGTGATTTCATCTTGT-1,3.0
GGTGCGGATAAGTGGC-1,3.0
GGTGCTGATCACAAAG-1,3.0
GGTGCTGGTACACATT-1,5.0
GGTGGACCACGTGTTA-1,3.0
GGTGGACTGCTCTGGC-1,5.0
GGTGGAGGTTGATACG-1,3.0
GGTGTTCTGTTTCTAC-1,3.0
GGTGTTGGGCGTCTTA-1,3.0
GGTTACCACCCTCGGG-1,5.0
GGTTACCCGACACTTT-1,3.0
GGTTAGCTATATGTCT-1,4.0
GGTTAGGCTTGGAGAA-1,3.0
GGTTAGTTACGGCGCC-1,3.0
GGTTCCACCCGCTTCT-1,3.0
GGTTCTACTCGTCTGA-1,3.0
GGTTGTGCTCTTGTCC-1,3.0
GGTTGTGTAGCCTGGC-1,3.0
GGTTTAATTACCATCG-1,0.0
GGTTTAATTGAGCAGG-1,3.0
GGTTTACAATCTCAAT-1,3.0
GGTTTAGCCTTTCTTG-1,3.0
GGTTTCAATCGGTCAG-1,3.0
GGTTTGAGTGCTGGAA-1,3.0
GGTTTGTGACCTGAGG-1,5.0
GTAACATCTAAGATAA-1,5.0
GTAACTGCCCAAGGAG-1,0.0
GTAACTTGCGGCAGTC-1,3.0
GTAAGCGGGCAGTCAG-1,3.0
GTAAGGATTTGTCGGA-1,3.0
GTAAGTAACAGTCTGG-1,3.0
GTAAGTAGGGTATACC-1,3.0
GTAAGTCCACACTCTA-1,3.0
GTAATAAAGGGCTCCC-1,3.0
GTAATCTGATTCTTCG-1,5.0
GTACACTTACCTGAAG-1,3.0
GTACAGAGGCAAGGGT-1,3.0
GTACGACGGCGCTGCG-1,3.0
GTACGAGATTGCGACA-1,3.0
GTACGCTTCATTGCAC-1,5.0
GTACGTTTGCCCGTCA-1,5.0
GTACTAAGATTTGGAG-1,3.0
GTACTCCCTTATCGCT-1,3.0
GTACTCCTGGGTATGC-1,3.0
GTACTGAGGTCGTAAC-1,3.0
GTACTGCATGAAGCGT-1,3.0
GTACTGGAGTTAGACC-1,3.0
GTACTTGGGCACTTCT-1,3.0
GTAGAAACGGGTGGAG-1,3.0
GTAGACAACCGATGAA-1,3.0
GTAGACACGCCTGACT-1,0.0
GTAGACGTCGTTACAT-1,3.0
GTAGAGGGAGACAAGT-1,5.0
GTAGCCAAACATGGGA-1,5.0
GTAGCGCTGTTGTAGT-1,3.0
GTAGCGGCTATACACT-1,3.0
GTAGCTCCGGGAGGCT-1,0.0
GTAGCTTCCTCTTGTT-1,3.0
GTAGGTGATCCGTGTA-1,3.0
GTAGTCGCGGGAATCA-1,5.0
GTAGTCTACGATATTG-1,0.0
GTAGTTCGAAGGCGAA-1,0.0
GTATAATCTCCCGGAT-1,3.0
GTATAGGACTCAGTAG-1,3.0
GTATAGTGGCCCATGT-1,3.0
GTATCAAACGTTAGCT-1,5.0
GTATCAGCTTGGGTTC-1,3.0
GTATCCTTTGGTAACC-1,6.0
GTATCTCAGTCTTGAC-1,6.0
GTATCTCGGGCGCTTT-1,
GTATCTTTCATAACCA-1,5.0
GTATGAAATTTCACTC-1,5.0
GTATGACGTGGGAAAC-1,3.0
GTATGTGGGTCTAGTT-1,3.0
GTATTAAGGCGTCTAA-1,3.0
GTATTCTGAGAAACGA-1,5.0
GTATTTAATGGCATAA-1,3.0
GTCAAAGAAGTGGTGT-1,6.0
GTCAAAGTTTACATAG-1,3.0
GTCAAGCGGACTCGGG-1,3.0
GTCAATGCTATAATTT-1,3.0
GTCAATTGTACTGAAG-1,3.0
GTCACAAAGTTTCCAA-1,3.0
GTCACCTGTCTATGTC-1,3.0
GTCACTCTCCAAATCT-1,3.0
GTCAGAATAGTCTATG-1,3.0
GTCAGTTGTGCTCGTT-1,3.0
GTCAGTTTGGTAGTCG-1,3.0
GTCATGCACCTCCGTT-1,3.0
GTCATGGACATGACTA-1,3.0
GTCATTAGAGCGAACG-1,3.0
GTCATTGCATTGACCC-1,3.0
GTCCAATATTTAGCCT-1,0.0
GTCCATTACTGCTACG-1,3.0
GTCCCAACGTAAAGTA-1,3.0
GTCCCGCGACGTTATG-1,6.0
GTCCGAGAGCAATCAT-1,3.0
GTCCGGACCTGAAATT-1,5.0
GTCCGGCTGAATTGCG-1,3.0
GTCCTACAGGCGGCTC-1,3.0
GTCCTACGAATAGTCT-1,5.0
GTCCTATTGTTGTGGT-1,3.0
GTCCTTCTACAACCCA-1,3.0
GTCCTTCTAGTGGGTT-1,3.0
GTCCTTTAATGACTTC-1,3.0
GTCGATAGGTGACTTT-1,3.0
GTCGCCGTTGTGTGTT-1,6.0
GTCGCGTAACCCGTTG-1,3.0
GTCGGATATCTCAGAC-1,3.0
GTCGGATGTAGCGCGC-1,3.0
GTCGGGAAGCAGAAAC-1,0.0
GTCGTACCATCTCGGG-1,5.0
GTCGTACCTACGATTG-1,3.0
GTCGTATTGGCGTACA-1,3.0
GTCGTCAATTATAAGG-1,3.0
GTCGTCTGGTTGGCTA-1,3.0
GTCGTGTCTGGTCATC-1,3.0
GTCGTTATTCGCTTAT-1,5.0
GTCTACTCAATTACAA-1,3.0
GTCTATCTGAGTTTCT-1,5.0
GTCTATTGGTTCCGGT-1,5.0
GTCTCAAGGCCCGGCT-1,0.0
GTCTCCTGCCAGTATG-1,6.0
GTCTCGACTAAGTTTG-1,3.0
GTCTCGATCTGCTTTC-1,3.0
GTCTGGGCGGTCGAGA-1,5.0
GTCTTAGTACAGCCGG-1,3.0
GTCTTGAGGAGCAGTG-1,3.0
GTCTTGTAGCTATTCA-1,3.0
GTGAAACGGCGCCACC-1,3.0
GTGAAACGTGCTCCAC-1,3.0
GTGAACTCCCATTCGA-1,3.0
GTGAAGATTTCAAGTG-1,3.0
GTGAAGCCGTATAGTC-1,3.0
GTGACAGCTTCCCACT-1,0.0
GTGACCGCACACTACG-1,3.0
GTGACCTAAAGAATAA-1,3.0
GTGACGAGGGTGACCC-1,3.0
GTGACGCAGGTTTCAT-1,0.0
GTGACTTCAGTAGTGC-1,5.0
GTGAGCGTGCTGCACT-1,3.0
GTGAGGACACTTAAGG-1,3.0
GTGAGGAGCGGTTGAG-1,3.0
GTGAGTCTAAGACGGA-1,3.0
GTGAGTGGTACAACGC-1,6.0
GTGATCAAGCGTGCAC-1,0.0
GTGATCACTAACGCCT-1,4.0
GTGATCATAGATCTGC-1,5.0
GTGATCCTTGTCATGA-1,6.0
GTGATGCACAACATCT-1,3.0
GTGATTCGCCGCTCAA-1,5.0
GTGCAACAAATGTGGC-1,3.0
GTGCACCAGCTTCAAC-1,0.0
GTGCACGAAAGTGACT-1,3.0
GTGCAGCGTAGAGTAG-1,3.0
GTGCCATCACACGGTG-1,5.0
GTGCCCGTTCGGATTC-1,3.0
GTGCCGCTTCAAAGGT-1,5.0
GTGCCTCAGTGTACGG-1,3.0
GTGCGAAATCGAACAC-1,5.0
GTGCGACAGGGAGTGT-1,3.0
GTGCGGGACCATCGGC-1,3.0
GTGCGGGTCTCCAAAT-1,3.0
GTGCGTGTATATGAGC-1,3.0
GTGCTCAAGTACTGTC-1,3.0
GTGCTTACATCAGCGC-1,3.0
GTGGAACCTACATGCG-1,3.0
GTGGACCAACCCGATT-1,5.0
GTGGACGCATTTGTCC-1,6.0
GTGGACGTGCTGAGAC-1,3.0
GTGGAGCATGTCGGCC-1,3.0
GTGGAGCGTTTACCGA-1,6.0
GTGGAGTCGGCGGTTG-1,6.0
GTGGCAAACAGCGGCA-1,5.0
GTGGCCTAATATCATT-1,3.0
GTGGCGGTCCCAGCGT-1,4.0
GTGGCGTGCACCAGAG-1,3.0
GTGGGAAGACTGAATC-1,5.0
GTGGGCTTAGACACAC-1,3.0
GTGGTATAGTCTGCCG-1,6.0
GTGGTCAGCGAAGTAT-1,3.0
GTGGTGGCCAAGTGAA-1,4.0
GTGGTTACTTCTTTCG-1,3.0
GTGGTTTCCGCCTTTC-1,5.0
GTGTACCTTGGCTACG-1,3.0
GTGTATATCAGCGGGC-1,6.0
GTGTCCGATAAGGCAT-1,3.0
GTGTCGTATAGCGTTC-1,5.0
GTGTGAATAACTTAGG-1,3.0
GTGTTACTATGCGTCC-1,3.0
GTTAAAGTAGGACTGG-1,5.0
GTTAACATCACTTAAA-1,6.0
GTTAACTATGTTGTCA-1,3.0
GTTAAGGGTGCGATGT-1,0.0
GTTAAGTTAGAGTGGG-1,3.0
GTTAATGTCTATCTTA-1,3.0
GTTACAATTGGTGACG-1,4.0
GTTACCTACAACTTGC-1,5.0
GTTACTTTGGGCCTAG-1,5.0
GTTAGAGTGTGCCGCT-1,3.0
GTTAGCCGTAAATCAA-1,3.0
GTTAGGCTACCCGTTT-1,5.0
GTTATAATACGGTGAA-1,4.0
GTTATATCAGGAGCCA-1,3.0
GTTATATTATCTCCCT-1,5.0
GTTATCACCTTCTGAA-1,3.0
GTTATTAAATACGACC-1,3.0
GTTATTAACGTGGGAG-1,3.0
GTTCAATCTATGTCAA-1,3.0
GTTCACAGGAGTCTAG-1,3.0
GTTCATCGTTTGGCTG-1,3.0
GTTCCAGTCTGACCAT-1,3.0
GTTCCCGTAAACATAT-1,5.0
GTTCGCCATAAGTGCC-1,4.0
GTTCGCTGAGACGTCT-1,4.0
GTTCGGATCGGGAACA-1,3.0
GTTCGGGCGTACCATT-1,3.0
GTTCGTCTAAAGAACT-1,5.0
GTTCGTCTGGGTCCCT-1,3.0
GTTCTTCCCTCGATGT-1,3.0
GTTGAACCGGTTCCAT-1,5.0
GTTGAGTCCCGCCGGT-1,5.0
GTTGCACGGAGTTTCG-1,3.0
GTTGCGCTAACATTAC-1,3.0
GTTGCGGACGGTCAGG-1,4.0
GTTGGACCGCATCAGG-1,3.0
GTTGGATTCAGTGGCT-1,3.0
GTTGGATTGAGAACAC-1,3.0
GTTGGATTTGCGTTGG-1,3.0
GTTGGTCATGCTATCC-1,6.0
GTTGTCGTGTTAGTTG-1,3.0
GTTTACGTTCCATCTG-1,5.0
GTTTATGGGATTTAGA-1,3.0
GTTTCAAACGAGTTGT-1,5.0
GTTTCATATCGTCGCT-1,4.0
GTTTCCTGGAGGGTGA-1,3.0
GTTTCTGCAGTCTCCC-1,3.0
GTTTGACCAAATCCTA-1,3.0
GTTTGGCCCAAGTTAT-1,3.0
GTTTGGCCGCTCAGCG-1,3.0
GTTTGGGCTTGTGAGC-1,5.0
GTTTGGGTTTCGCCCG-1,6.0
GTTTGGTAGGGTCAAC-1,6.0
GTTTGGTGATCGGTGC-1,0.0
TAAACCCAGGAGGGCA-1,6.0
TAAACGTCGTCAATGA-1,3.0
TAAAGACAACCCTTTA-1,3.0
TAAAGAGCCCGAAACC-1,3.0
TAAAGCGGTATTTCCA-1,0.0
TAAAGCGTTAGGAGAA-1,3.0
TAAAGCTGCAATAGGG-1,3.0
TAAATCTTTACACCTC-1,3.0
TAAATGAATCCGTTTC-1,3.0
TAACAAAGGGAGAAGC-1,3.0
TAACAATATTTGTTGC-1,3.0
TAACAGCGTTTGTGCT-1,0.0
TAACATACAATGTGGG-1,3.0
TAACATACACGCGATC-1,6.0
TAACCGCCCGCAGTGC-1,3.0
TAACCTACCGTCCGAG-1,3.0
TAACCTAGGGAGTCCA-1,5.0
TAACGCTTTGAGAGCG-1,3.0
TAACTATCGAAGGTCC-1,3.0
TAACTATTACGCCAAA-1,3.0
TAACTCATCCGCGCGG-1,5.0
TAACTCCATGGAGGCT-1,3.0
TAAGAGGGACAGGGAC-1,6.0
TAAGCAGGCGACACGC-1,3.0
TAAGCGCGAATCAAAT-1,0.0
TAAGGAACTTGTGGGA-1,3.0
TAAGGCAACATAAGAT-1,3.0
TAAGGCATAACATCAA-1,6.0
TAAGGCCCGTCACCCT-1,0.0
TAAGGCTGAATCCCTC-1,3.0
TAAGGGCCTGTCCGAT-1,5.0
TAAGGGCTGGGAGAGG-1,3.0
TAAGTAAATGTGCCGC-1,3.0
TAAGTAACATCTTGAC-1,5.0
TAAGTCGCCGAGTATC-1,6.0
TAAGTTGCGACGTAGG-1,5.0
TAATAAACAAGGAGAT-1,3.0
TAATACACAGTAGTAT-1,3.0
TAATAGAACAGAGTTA-1,5.0
TAATAGCTAAATGATG-1,3.0
TAATAGGTCACCAGAA-1,6.0
TAATAGTGACGACCAG-1,3.0
TAATATTGAAATTCGC-1,3.0
TAATCAACCAAATGGG-1,3.0
TAATCGATCCGTACGT-1,3.0
TAATGAAAGACCCTTG-1,3.0
TAATTACGTCAGTAGA-1,5.0
TAATTAGATGGATATG-1,3.0
TAATTAGGACATCCGT-1,3.0
TAATTGGAATCGGGAA-1,3.0
TACAACGCACAACTCA-1,5.0
TACAAGTCTCGTGCAT-1,3.0
TACACCGTCGTTAGTC-1,3.0
TACAGAAACGGTGGGC-1,6.0
TACATAGGCATACACC-1,4.0
TACATCCCTATCCCTG-1,4.0
TACATGACCTTATCCG-1,3.0
TACATGCCGGAATTGT-1,4.0
TACATTTCTAACGTGC-1,4.0
TACCAAATAGCCCAGA-1,0.0
TACCAATAAAGTACCA-1,5.0
TACCAGAAGTAGGTTC-1,5.0
TACCAGCTAGGTTTAA-1,3.0
TACCATGTATTGATTT-1,3.0
TACCGCGGACTTGCAG-1,3.0
TACCGGCTCACTGCCC-1,5.0
TACCGGTCGTTTCCAT-1,5.0
TACCGTAGGTTAACTA-1,0.0
TACCGTGCCTCGGACC-1,5.0
TACCTACTCCCAGTAT-1,0.0
TACCTCACGCTTGTAC-1,3.0
TACCTCAGTTGTCTGT-1,0.0
TACCTCCACACCAATG-1,0.0
TACCTGCTGCACTGTG-1,3.0
TACCTTAAGATTTCCC-1,5.0
TACGAACACGACTTCA-1,3.0
TACGACGCTTGCTGCG-1,5.0
TACGACTGCCTCTTAG-1,5.0
TACGAGAACTTCACGT-1,3.0
TACGATGTTGATCATC-1,3.0
TACGCAGTTCTTTCCT-1,5.0
TACGCCATATTCTAAT-1,4.0
TACGCCGAGGGTACCC-1,6.0
TACGCCTCCATTCCGA-1,6.0
TACGCTATAGAAACCT-1,3.0
TACGCTCGGTATTGGA-1,5.0
TACGGGATGCTAGCAG-1,3.0
TACGTACTAGTGCTGA-1,0.0
TACGTGCAAGGTTCCT-1,3.0
TACGTGCACTATGCTG-1,3.0
TACGTTTACCGGCAAT-1,5.0
TACTATGGTTCCTCAG-1,6.0
TACTCCTCTAGTTGAC-1,0.0
TACTCGGCACGCCGGG-1,3.0
TACTCTCCGAACAAAT-1,3.0
TACTCTTACTTTACTG-1,5.0
TACTCTTTCGTCTTCA-1,0.0
TACTGAACAGATTTAG-1,6.0
TACTGCAATCAATTAC-1,3.0
TACTGGACAGCTCGGC-1,3.0
TACTGTTTCTCTGGTA-1,3.0
TACTTGTTAGTAGTCC-1,3.0
TACTTTACTGAGCCGG-1,3.0
TACTTTCCGCACGCCA-1,5.0
TAGAAACCACTAAGTA-1,3.0
TAGAAAGGTGGCGCTA-1,3.0
TAGAAATTCACGTATA-1,3.0
TAGAATAGCCGATGAA-1,5.0
TAGAATTAAGGGCAAC-1,3.0
TAGACGAAACGCCAAT-1,0.0
TAGACGCCCGTACCGG-1,3.0
TAGACTACCTAGCGTT-1,3.0
TAGAGATCATGCAACT-1,5.0
TAGAGCTACGAAGAAC-1,3.0
TAGAGGTTCTACTTGT-1,5.0
TAGAGTCTAAGCGAAC-1,3.0
TAGATATGGACTGGAA-1,5.0
TAGATCCGAAGTCGCA-1,3.0
TAGATGGTTCCTTACT-1,5.0
TAGATTCCTGGTTATT-1,3.0
TAGCAACCTGTCACAA-1,3.0
TAGCCATTTCAAAGTC-1,3.0
TAGCCGGCGGTCAGCG-1,3.0
TAGCGTCCCTCGATTG-1,3.0
TAGCGTCCGGTGTGGT-1,5.0
TAGCGTTGGGTCTTAC-1,3.0
TAGCTAAGTCCGGGAG-1,3.0
TAGCTAGAAGGCATGA-1,6.0
TAGCTAGTGATGATGG-1,0.0
TAGCTCGCCTGATAAC-1,5.0
TAGCTGATGTGAAGCG-1,3.0
TAGGAACAGCCTCCAG-1,3.0
TAGGCATGTTACGCCA-1,3.0
TAGGCGATGAGGTCTC-1,5.0
TAGGGAGCTTGGGATG-1,3.0
TAGGGTGTTTCAAGAG-1,3.0
TAGGTCCAAGTAAGGA-1,3.0
TAGGTCGCCGGAACTG-1,3.0
TAGGTGACGATAACCT-1,6.0
TAGGTGAGCCCTACTC-1,3.0
TAGGTGCTCGCCTAGC-1,3.0
TAGGTGTTCCACAGAT-1,0.0
TAGGTTCGAGTTCGTC-1,3.0
TAGTACCACAACTTTC-1,6.0
TAGTACCTTAGTGGTC-1,3.0
TAGTAGCTTATACCAG-1,0.0
TAGTCCCGGAGACCAC-1,0.0
TAGTCCGCAGAGAATG-1,4.0
TAGTCCGTATGCATAA-1,3.0
TAGTCGATCACGGGTT-1,4.0
TAGTCTAACAACGAGA-1,5.0
TAGTCTGTGACGTTGC-1,3.0
TAGTCTTTCCGAATTG-1,3.0
TAGTGCCCTCCAGAGT-1,3.0
TAGTGTCAGAAACGGC-1,3.0
TAGTTAAGATAGGATA-1,3.0
TAGTTTATTCTTGCTT-1,3.0
TATAAATCCACAAGCT-1,3.0
TATAAGTGAGGATAGC-1,3.0
TATACACAGACGCCTT-1,5.0
TATACACGCAAAGTAT-1,3.0
TATACCGAGTGCCACA-1,3.0
TATACGCGTCATCACT-1,0.0
TATACTCATGCGGCAA-1,3.0
TATAGAGTCGCTTGAA-1,0.0
TATAGATGGTCGCAGT-1,3.0
TATAGCGCACGTTATC-1,4.0
TATAGGGTACTCATGA-1,3.0
TATATAGGGCTTTACG-1,0.0
TATATATCGAGAAATG-1,6.0
TATATCCCTGGGAGGA-1,3.0
TATATGCTGGGTTGCC-1,3.0
TATATTACAAATGTCG-1,3.0
TATATTCGCGTCGATA-1,3.0
TATCAAAGGTCTGTAA-1,3.0
TATCACAGCACGGGCA-1,3.0
TATCACCATGTAAAGT-1,3.0
TATCACCCAACCGACC-1,3.0
TATCACTTCGAGTAAC-1,3.0
TATCAGTGGCGTAGTC-1,5.0
TATCCAATTGGTTATC-1,5.0
TATCCATATCATGCGA-1,3.0
TATCCATCTCGGTTAG-1,6.0
TATCCGCACCGTCGGG-1,0.0
TATCCTGCATGGGAAT-1,3.0
TATCGATCTATGCATA-1,3.0
TATCGATGATTAAACG-1,3.0
TATCTACAGAGGTAAT-1,3.0
TATCTACCACAGCGGG-1,4.0
TATCTAGCCTAAAGGA-1,3.0
TATCTTGCAATACAAC-1,5.0
TATGAAGACAGGTGCG-1,3.0
TATGATAAATCTAACG-1,3.0
TATGATCCGGCACGCC-1,3.0
TATGATCTTCTCTTTA-1,5.0
TATGATTCTGCTTGGT-1,3.0
TATGCTCCCTACTTAC-1,3.0
TATGGAGTTTCTCGTT-1,3.0
TATGGATGTGCTACGC-1,3.0
TATGGCCCGGCCTCGC-1,3.0
TATGGCTAGGCTAATT-1,3.0
TATGGGACCGAGCAGG-1,3.0
TATGGGTACGTATCGT-1,3.0
TATGGTCTGAGTAACA-1,3.0
TATGGTTAGTGGGAGA-1,3.0
TATGTCAAGACCGACT-1,3.0
TATGTCTCATTGTGCC-1,3.0
TATTAACACCAAAGCA-1,5.0
TATTAACCTGACCGCG-1,6.0
TATTACCATCCTGCTT-1,3.0
TATTATGTTTGCCTGC-1,6.0
TATTCAATTCTAATCC-1,3.0
TATTCCACTCAGCTCG-1,5.0
TATTCCGAGCTGTTAT-1,5.0
TATTCCGGCAGTCCTA-1,3.0
TATTCCTCCGCCCACT-1,5.0
TATTCGTGCCAGAATA-1,3.0
TATTGACATTTCTGCC-1,3.0
TATTTAGTCTAGATCG-1,3.0
TATTTATACCGAGTAG-1,3.0
TATTTGATTTGCACAG-1,4.0
TATTTGTTACCCTTTA-1,3.0
TCAAACAACCGCGTCG-1,3.0
TCAAACTTAGATTGTT-1,3.0
TCAAAGTCACGGCGTC-1,
TCAAATTTGAGACTCA-1,0.0
TCAACAAAGATAATTC-1,5.0
TCAACACATTGGGTAA-1,3.0
TCAACATAGCGCCCTA-1,0.0
TCAACATCGACCGAGA-1,5.0
TCAACCATGTTCGGGC-1,3.0
TCAACGAGGAGACAAA-1,5.0
TCAACGCAGGAAATAA-1,5.0
TCAACGCGACCGGCAG-1,4.0
TCAACTAACGTATAAC-1,3.0
TCAACTGCAGAGTCAG-1,5.0
TCAAGAAATACTAGCT-1,3.0
TCAAGCGCGGACGGTA-1,5.0
TCAAGCTGCCTTGAAA-1,3.0
TCAAGGTTACTACACC-1,3.0
TCAATACGCCGTCATG-1,0.0
TCACAAACCGAGGTAC-1,5.0
TCACAGATCCTCAAAC-1,3.0
TCACAGCAAACTCGAA-1,6.0
TCACAGGAGAATAAGA-1,6.0
TCACAGGGAATCGCAA-1,5.0
TCACAGGTTATTGGGC-1,3.0
TCACATCTTATCTGAT-1,3.0
TCACCCTCTTAAGATT-1,5.0
TCACCGCTCGGCACTC-1,3.0
TCACGATGTCCGTGGA-1,5.0
TCACGCATTGTAGATC-1,3.0
TCACGGTCATCGCACA-1,3.0
TCACGTGCCCGATTCA-1,3.0
TCACTACGACCAATGC-1,3.0
TCACTCGTGCAACGGC-1,3.0
TCACTCTTCGTCTGTC-1,3.0
TCAGAACCTCCACAGG-1,3.0
TCAGACGCTATAGAAG-1,5.0
TCAGCAAATGCATCTC-1,3.0
TCAGCAGTAGGCCCTG-1,0.0
TCAGGGCGACTTCCTT-1,3.0
TCAGGGCGCAAACTCG-1,3.0
TCAGGGTGCACGAAAC-1,3.0
TCAGGGTGTAACGTAA-1,3.0
TCAGGTTCTTTGAGAA-1,3.0
TCAGTACTGACCCGCG-1,3.0
TCAGTAGGGACTATAA-1,5.0
TCAGTGTATACGTCAT-1,6.0
TCAGTTACGGAATGAT-1,3.0
TCATACTTACAGATCC-1,3.0
TCATATGAGCTTTGTT-1,0.0
TCATCACTCGAGCTCG-1,3.0
TCATCCCAGAGGGTGG-1,3.0
TCATCGATGGTCCCAA-1,6.0
TCATGCAGGTTCTCAT-1,3.0
TCATTTAAGTCTCCGA-1,3.0
TCATTTAGAAGTGTGA-1,5.0
TCCAACTTTAAATTCT-1,5.0
TCCAATAAAGGCTACC-1,0.0
TCCACAATGGTTTACG-1,3.0
TCCACCTCTAGCCTTT-1,0.0
TCCACTTTATCTAGGT-1,3.0
TCCAGAGCACCGGTTC-1,3.0
TCCAGATGTACGCCAA-1,3.0
TCCAGCGCTATAAGCG-1,4.0
TCCAGGCGAGTACGGT-1,3.0
TCCAGGGTATATACGA-1,0.0
TCCATCAATACTAATC-1,6.0
TCCATTAGTTGGATAG-1,3.0
TCCATTCCCACTAGAG-1,3.0
TCCATTGTGACCTCGT-1,3.0
TCCCAAACAGACAACG-1,3.0
TCCCAAAGACGAAGGA-1,3.0
TCCCAAAGCCCTAAAT-1,3.0
TCCCACTCTCTTCCGG-1,3.0
TCCCAGCTTTAGTCTG-1,3.0
TCCCAGGCTTAGCTAA-1,3.0
TCCCGCCTATGTGCGT-1,3.0
TCCCGCGTACTCCTGG-1,3.0
TCCCGGGTGTGCTGCT-1,3.0
TCCCGGTCAGGAATTT-1,3.0
TCCCGTCAGTCCCGCA-1,3.0
TCCCGTCGCGTCATAG-1,3.0
TCCCGTGTGCAATTTG-1,4.0
TCCCTAGATCAATAGG-1,3.0
TCCCTGGCGTATTAAC-1,6.0
TCCCTGGCTCGCTGGA-1,3.0
TCCCTTAGATTACTCG-1,3.0
TCCGAACGTTGCCGCT-1,3.0
TCCGAACTTGGCTTAC-1,3.0
TCCGAATGGTCCTGAG-1,3.0
TCCGAGAAGGCTAAGC-1,3.0
TCCGATAATTGCCATA-1,3.0
TCCGATGACTGAGCTC-1,3.0
TCCGATGGTGCGACAT-1,3.0
TCCGATTACATTGCCG-1,3.0
TCCGCCTGTCTACAAG-1,6.0
TCCGCGGCAGCATCTG-1,3.0
TCCGCGGCCCAATGAA-1,5.0
TCCGCTGTCATCCCGG-1,5.0
TCCGCTTATCCCATTA-1,5.0
TCCGGCCTAGCGTACA-1,3.0
TCCGGTTCGTCCGGTC-1,6.0
TCCGTAACCACAATCC-1,3.0
TCCGTTAAGCTAATAT-1,5.0
TCCGTTTAGCCTTGAA-1,3.0
TCCTAAATTGGGAAGC-1,6.0
TCCTAACCGTCGGGCA-1,0.0
TCCTACATCCACGGCC-1,4.0
TCCTAGCAAAGAAGCT-1,5.0
TCCTATCATAGGTAAC-1,3.0
TCCTCCTAAGACATTC-1,5.0
TCCTCGGGCTGGGCTT-1,3.0
TCCTCTACGAGATGGC-1,3.0
TCCTCTCCAGTTGTCC-1,3.0
TCCTCTGGCCCATTAG-1,3.0
TCCTGCCAACTGGAGA-1,3.0
TCCTGCGTTGATACTC-1,4.0
TCCTTACGACGGTCCG-1,4.0
TCCTTCAGTGGTCGAA-1,3.0
TCCTTTAAATCCGCTT-1,5.0
TCCTTTCTTACGCTTA-1,3.0
TCGAAATTTAGGACCA-1,3.0
TCGAAGAACCGAGCAC-1,3.0
TCGAATATCCCGCAGG-1,6.0
TCGACAACTGAACCCG-1,6.0
TCGAGACCAACACCGT-1,4.0
TCGAGCCAGGCAGGCC-1,6.0
TCGAGGGCAACAGACG-1,5.0
TCGATAGGCTAGTCGC-1,3.0
TCGCAAAGATGCATTT-1,5.0
TCGCACCAGGAGGCAG-1,5.0
TCGCATCCCTAAGTGT-1,3.0
TCGCATTCAATGACTT-1,3.0
TCGCCCACTGCGAGAG-1,3.0
TCGCCGAAGTTGCGTC-1,5.0
TCGCCGGATGGGCAAG-1,3.0
TCGCCGGTCGATCCGT-1,3.0
TCGCGTAGCAGTGTCC-1,5.0
TCGCGTCCAGAAGGTC-1,3.0
TCGCTAAACCGCTATC-1,3.0
TCGCTACTGGCTTTGA-1,0.0
TCGCTCGATATATTCC-1,3.0
TCGCTCGGCACCAGCG-1,3.0
TCGCTGGGCGGATTGT-1,3.0
TCGCTGTGCGTAAATC-1,3.0
TCGCTTTAAACGTTTG-1,3.0
TCGGAATGACCATCAA-1,3.0
TCGGAATGCGCTCTGA-1,3.0
TCGGACGCCCAGCCCA-1,3.0
TCGGAGAGTATCGGGA-1,5.0
TCGGAGTACATGAGTA-1,3.0
TCGGCGAACCCAAACC-1,4.0
TCGGCGTACTGCACAA-1,5.0
TCGGCTTGTATCGACG-1,5.0
TCGGGAACGTGCCTAG-1,3.0
TCGGGAGACAGCGTAC-1,0.0
TCGGGATTCAAACATA-1,3.0
TCGGGCCGTCGTGGTA-1,3.0
TCGGGTGAAACTGCTA-1,3.0
TCGGTCCCGACAATAG-1,6.0
TCGGTCCCTGACTCCA-1,3.0
TCGGTTAGCCATGTAG-1,3.0
TCGTAAGACGACATTG-1,3.0
TCGTAAGCTCCGAGGA-1,3.0
TCGTATAGTGCAATTA-1,3.0
TCGTATTACCCATTGC-1,3.0
TCGTATTTCGTCCGGA-1,3.0
TCGTCAAGTACGCGCA-1,6.0
TCGTCACACTGTTAGC-1,3.0
TCGTCCGCTGGCGTCT-1,3.0
TCGTCTTAGGCGTTAA-1,5.0
TCGTGTACTATGGATG-1,5.0
TCGTGTATTGGTCACG-1,4.0
TCGTGTCACGCTGACA-1,5.0
TCGTGTTCGACCACAA-1,5.0
TCGTTAGGAGTCCCTA-1,6.0
TCGTTCGTTATTATGT-1,3.0
TCGTTGACAGGGTCCC-1,3.0
TCGTTGCTATCCGGTC-1,6.0
TCGTTGGCTCGTCAAT-1,3.0
TCTAAAGAACAGTCTC-1,5.0
TCTAACTGTATGTAAA-1,3.0
TCTAATACTGCCTCAG-1,6.0
TCTACACGTTCATGCA-1,3.0
TCTACCCAATAGAGAG-1,5.0
TCTACCGTCCACAAGC-1,3.0
TCTAGCAATCTCCGCC-1,5.0
TCTAGCATCTTCGATG-1,3.0
TCTAGCATGCCCAGAA-1,5.0
TCTAGGTGGCGACGCT-1,3.0
TCTAGTGATATCGTGG-1,3.0
TCTAGTTATCAGAAGA-1,3.0
TCTATCATGCAGTTAC-1,3.0
TCTATCGGTCGCAACA-1,3.0
TCTATTACGCTGGCGA-1,3.0
TCTATTACTAGAGGAT-1,4.0
TCTCATGAGATAGGGT-1,5.0
TCTCCAACGTAGGTTA-1,3.0
TCTCCACAAGTTGAAT-1,6.0
TCTCCCTGGGCAGCGT-1,5.0
TCTCGAACGAGGTCAC-1,3.0
TCTCGACGTATCGCCG-1,3.0
TCTCGAGGAGGTTCGC-1,4.0
TCTCGGCTCCAGGACT-1,3.0
TCTCTAATAGCTGGTA-1,3.0
TCTCTCGCCGCACATA-1,5.0
TCTCTTACCGCGAACC-1,0.0
TCTGAACCGGTCGGCT-1,3.0
TCTGAACTCGTACCCG-1,4.0
TCTGAAGCACGTGGTC-1,5.0
TCTGAATTCCGTACAA-1,3.0
TCTGACGGGCTAACCC-1,3.0
TCTGAGCAATTGACTG-1,4.0
TCTGATCGGGTGCTAG-1,3.0
TCTGATGTATTCTGTC-1,5.0
TCTGATTGGAAATGGA-1,3.0
TCTGCACCATTAGTAA-1,3.0
TCTGCAGATTCGAGTC-1,3.0
TCTGCATACCTTGCTT-1,5.0
TCTGCCAGAAACTGCA-1,3.0
TCTGCGAATCGTTCGC-1,3.0
TCTGCGTCCGGTTTCT-1,3.0
TCTGGAGCGTAAGAGT-1,3.0
TCTGGCCGTTCAAGTT-1,3.0
TCTGGGAACCTTTGAA-1,3.0
TCTGGGTAGCGCTCAT-1,5.0
TCTGTCATACAAGAGC-1,3.0
TCTGTGCCATCATAGT-1,3.0
TCTGTTACCCAGCATA-1,5.0
TCTTACAGAGGTACCG-1,3.0
TCTTACCGGAACTCGT-1,3.0
TCTTACGGCATCCGAC-1,3.0
TCTTACTTATGCCTCT-1,3.0
TCTTAGAGCTCCAATT-1,3.0
TCTTAGAGTGAACTCT-1,3.0
TCTTCCCATGGGCACA-1,3.0
TCTTCGAATAGACGTT-1,3.0
TCTTCGATACCAATAA-1,3.0
TCTTCGCGGTGAGAGG-1,5.0
TCTTCTATAACCCGCC-1,3.0
TCTTGATGCGTAGCGA-1,3.0
TCTTGCTCCCGATACT-1,0.0
TCTTGGTAACACCAAA-1,3.0
TCTTTAAGACTATGAA-1,3.0
TCTTTAGAGTCTAACA-1,3.0
TCTTTAGCAGGCGAAC-1,3.0
TCTTTCCTTCGAGATA-1,5.0
TCTTTCTCTTAAGGAG-1,3.0
TGAAACTTATGCAAGC-1,3.0
TGAAAGGACCTGACTC-1,3.0
TGAACAAGCAGGGACT-1,0.0
TGAAGAGCGGTCCTAG-1,3.0
TGAAGTAGCTTACGGA-1,3.0
TGAATGAGATACAGCA-1,3.0
TGAATGAGTGTTTCCC-1,0.0
TGAATGTCAGCCGGCC-1,3.0
TGACAACGCATGTCGC-1,3.0
TGACACTTCTCTTTGC-1,3.0
TGACAGGACAAGTCCA-1,5.0
TGACATATATGACGAT-1,3.0
TGACATCGAGCGGACC-1,3.0
TGACCAAATCTTAAAC-1,0.0
TGACCAGCTTCAAAGT-1,3.0
TGACCCACGTTAGACA-1,3.0
TGACCCAGCATTCCCG-1,3.0
TGACGAATATTTCCCT-1,5.0
TGACGATGCACTAGAA-1,3.0
TGACTATAATCCTTTC-1,5.0
TGACTCCGAATCATAC-1,6.0
TGAGAATGCTTTACCG-1,3.0
TGAGAGATTTACCACG-1,3.0
TGAGATCAAATACTCA-1,3.0
TGAGATTAGGCCCTAA-1,3.0
TGAGCCATACAGTCTC-1,5.0
TGAGCGGAAAGTGTTC-1,6.0
TGAGCTTTAATGACGC-1,3.0
TGAGGAGTGCCAGCTT-1,0.0
TGAGGCATGTACTGTG-1,5.0
TGAGTAAATTAGCGTA-1,5.0
TGAGTGCCTCTTAAAT-1,5.0
TGAGTGGTCCGTGACG-1,3.0
TGAGTTAAAGACATTC-1,3.0
TGATACATTTAGCCGT-1,6.0
TGATAGCGGGATTCTA-1,3.0
TGATCAGGGAACTGCT-1,5.0
TGATCCCAGCATTAGT-1,3.0
TGATCGGTTTGACCCT-1,3.0
TGATCTACGCTGATCT-1,3.0
TGATCTCCGGCGCCAG-1,3.0
TGATGGCTGTTTCTGA-1,3.0
TGATGTCAATTAAGTG-1,5.0
TGATTCAGGTCCCGCG-1,5.0
TGATTCCCGGTTACCT-1,0.0
TGATTCGTCTATCACT-1,3.0
TGATTCTGTCGCCGGT-1,5.0
TGATTTATTAGCTGTG-1,4.0
TGATTTCCTCCTGACG-1,3.0
TGCAACCCATCTGCGG-1,6.0
TGCAAGAATGACGTAA-1,3.0
TGCAATCTAACACGGT-1,6.0
TGCACGAGTCGGCAGC-1,3.0
TGCACTATGTGAGTGC-1,3.0
TGCAGAACTATATCGT-1,5.0
TGCAGAGTACCGAGCA-1,4.0
TGCAGATCGTCCTAGG-1,4.0
TGCAGCTACGTACTTC-1,4.0
TGCAGGATCGGCAAAG-1,3.0
TGCAGTTTCCTCCCAT-1,3.0
TGCATATGTCTGTCAC-1,3.0
TGCATGGATCGGATCT-1,3.0
TGCATGGCAGTCTTGC-1,3.0
TGCATGTGGTAATCTA-1,3.0
TGCCAAAGTCAGACTT-1,5.0
TGCCAATGGGTACTCT-1,6.0
TGCCACCTGGCGAAAC-1,3.0
TGCCAGTACGTGGAGA-1,5.0
TGCCATGGCTTATAAG-1,3.0
TGCCATTACTAAAGAA-1,3.0
TGCCCGTACCGTTAAA-1,4.0
TGCCGAAAGCGTATTC-1,3.0
TGCCGGATGTACGAGC-1,0.0
TGCCGTGGATCGTCCT-1,6.0
TGCCTAATTGAAGATT-1,5.0
TGCCTGACATCGGTCA-1,3.0
TGCCTGATCAAACGAT-1,3.0
TGCCTTGGCCAGGCAA-1,5.0
TGCGAATATGGGATTT-1,5.0
TGCGACACCCTAGTGC-1,5.0
TGCGACGGCCGAACGT-1,0.0
TGCGAGAATATTACCC-1,5.0
TGCGATGCTAATGGCT-1,3.0
TGCGCAAAGCATTTGG-1,3.0
TGCGCCGTTAATAACG-1,3.0
TGCGCGATTAACGGAG-1,3.0
TGCGGAGTAAAGGTGC-1,3.0
TGCGGCATAGTTCAAC-1,3.0
TGCGGTGAAATTTCAT-1,3.0
TGCGTAAGAACCTGAT-1,5.0
TGCGTCATGACTGAGC-1,5.0
TGCGTGATTGGGTGTC-1,3.0
TGCGTTTGTTGACACT-1,3.0
TGCTAAGTGTCTATTT-1,5.0
TGCTATACAAACGGAC-1,3.0
TGCTCCACAGTTCTTA-1,3.0
TGCTCGGCGAAACCCA-1,6.0
TGCTCGGTGGGTCACC-1,0.0
TGCTCTGCCGGTTCAC-1,3.0
TGCTCTTGAGAGTTTG-1,0.0
TGCTGGTTGGACAATT-1,3.0
TGCTGTTGAAGAACTC-1,3.0
TGCTTAGAGAGAATGC-1,6.0
TGCTTCCCAAGCAGTA-1,0.0
TGCTTGAAACCATGCA-1,3.0
TGGAACCACTGACACA-1,3.0
TGGAAGAAGGGAACGT-1,4.0
TGGAAGACGAACACCA-1,3.0
TGGAAGGATAAAGATG-1,3.0
TGGAATATCCTTGACC-1,3.0
TGGAATTAGACGCTTT-1,3.0
TGGACACCGTTGCTTG-1,3.0
TGGACCAATCTAAGAT-1,6.0
TGGACGCAATCCAGCC-1,6.0
TGGACTGTTCGCTCAA-1,3.0
TGGAGCTAAAGTTCCC-1,3.0
TGGAGGGAAACACCTC-1,3.0
TGGAGTGATGCGATGA-1,3.0
TGGCAAACTAAATTAC-1,5.0
TGGCAACTCGCGCGCC-1,3.0
TGGCAAGCACAAGTCG-1,0.0
TGGCAATGGGACGGCG-1,5.0
TGGCACGAGCTCGAGT-1,3.0
TGGCAGATTACGATCA-1,5.0
TGGCAGCAGTAATAGT-1,4.0
TGGCATGAAGTTTGGG-1,5.0
TGGCCAAACTGAAGTA-1,3.0
TGGCCAATTTGGTACT-1,5.0
TGGCCGTATATTGACC-1,3.0
TGGCGACTGCTCCAAA-1,6.0
TGGCGATCAAGTTATG-1,6.0
TGGCGGTGTGCGATTG-1,3.0
TGGCTATGTGACATAC-1,6.0
TGGCTCTTGTCGCGTA-1,4.0
TGGCTTTGGGTAGACA-1,3.0
TGGGAAATGCCTTTCC-1,3.0
TGGGATGCACTCATTC-1,3.0
TGGGCAATAGTTGGGT-1,3.0
TGGGCACAAACAGAAC-1,3.0
TGGGCACGTTCTATGG-1,3.0
TGGGCAGGCCACCGCA-1,4.0
TGGGCCACAAGAGCGC-1,3.0
TGGGCCCATACTAATT-1,4.0
TGGGTAAGGTTCCCGC-1,3.0
TGGTAAGCAGGATTGA-1,3.0
TGGTAGAATATATGGG-1,4.0
TGGTATCGCATCCCAA-1,3.0
TGGTATCGGTCTGTAT-1,3.0
TGGTCCCACGCTACGG-1,5.0
TGGTCGTTTGATAGAT-1,3.0
TGGTCTAGCTTACATG-1,3.0
TGGTCTGTTGGGCGTA-1,4.0
TGGTGATCGTATTTGT-1,3.0
TGGTTAACTTACATTT-1,6.0
TGGTTAAGGGCGCTGG-1,3.0
TGGTTATGCTTGCGGT-1,3.0
TGGTTCAACGGGTAAT-1,5.0
TGGTTCGTAGCAAAGG-1,3.0
TGGTTGGAGGATCCTG-1,3.0
TGGTTTAAACGTGGGT-1,3.0
TGTAATGACCACAATA-1,3.0
TGTAATGCCTTCGGAC-1,3.0
TGTACCTACACGAGGG-1,5.0
TGTACGAACAAATCCG-1,4.0
TGTACTACTCTCACGG-1,3.0
TGTACTGTGCCAAAGT-1,3.0
TGTAGGAGAAATTTCC-1,3.0
TGTAGTGATCTATAAT-1,3.0
TGTATAACAGATCCTG-1,3.0
TGTATACGGATGATGA-1,3.0
TGTATCCTTATTCCAT-1,3.0
TGTATGGCGCAGACAG-1,3.0
TGTCATTTGTTGGGAA-1,3.0
TGTCCCGACATAGCAC-1,3.0
TGTCCGTGGCGCCTTT-1,3.0
TGTCCTAAGTCACCGC-1,3.0
TGTCGGCATGGTGGAA-1,3.0
TGTCGTTATCACATAT-1,6.0
TGTCTACAGTTTCTGT-1,3.0
TGTGACTACGCCAGTC-1,3.0
TGTGAGACTAGCCCAA-1,0.0
TGTGCCGGTGCCGGAA-1,5.0
TGTGCTTTACGTAAGA-1,3.0
TGTGGCAAAGCGTATG-1,3.0
TGTGGCGGGCTTCTGG-1,0.0
TGTGGCTCCCACCAAC-1,3.0
TGTGGTTGCTAAAGCT-1,0.0
TGTGTAGTAGCACGTG-1,5.0
TGTGTCGCGAGTTGCA-1,3.0
TGTGTTCGTATCCAAG-1,3.0
TGTTATTGTATGTGGC-1,3.0
TGTTCATAAATGTGCT-1,3.0
TGTTCCGCTTCCATGA-1,3.0
TGTTCGTATTGCGGTG-1,5.0
TGTTCTTCCATTGACT-1,3.0
TGTTGCCGTCGTCCCA-1,3.0
TGTTGTCAAGAAGTCT-1,3.0
TGTTTAATACTTCATC-1,3.0
TGTTTCGGTACTTCTC-1,3.0
TGTTTGAGATCGTCAG-1,3.0
TTAAACAGAGTCCCGC-1,3.0
TTAAACCGGTAGCGAC-1,3.0
TTAAACCTGGTTCCTT-1,3.0
TTAAACTCGAATTCAT-1,3.0
TTAACACCTCGAACAT-1,3.0
TTAACCAACCCTCCCT-1,3.0
TTAACGAACAAGCAGT-1,3.0
TTAACGTCGCAAGACC-1,3.0
TTAACGTTAAAGCCTG-1,3.0
TTAACTCACGCGTGGA-1,3.0
TTAACTTCAGGTAGGA-1,5.0
TTAAGACGAACGAACC-1,3.0
TTAAGATAGGATTGAC-1,3.0
TTAAGCCGACAACTTC-1,3.0
TTAAGCGCCTGACCCA-1,3.0
TTAAGGATACGGAGGT-1,3.0
TTAAGGCCCGTACTTT-1,6.0
TTAAGTATTGTTATCC-1,6.0
TTAATCAGTACGTCAG-1,3.0
TTAATGCGAGGTAACT-1,3.0
TTAATGTAGACCAGGT-1,3.0
TTAATTGCTTTGGGTG-1,0.0
TTAATTTCAGACGCGG-1,3.0
TTACAACTACGCATCC-1,3.0
TTACAGACCTAAATGA-1,3.0
TTACATCGTGGCCTGG-1,3.0
TTACATGCCACAACTA-1,3.0
TTACCATTGATTACCC-1,3.0
TTACCCATTGCCGGGT-1,3.0
TTACCCTAACAGTCCT-1,3.0
TTACCCTAGGGATTGG-1,0.0
TTACCGCCTTAGGGAA-1,3.0
TTACGGATGGTTCGAG-1,3.0
TTACGTAGCGCGTGCT-1,3.0
TTACTAAAGGACTTTA-1,5.0
TTACTATCGGCTTCTC-1,3.0
TTACTCCGGCCGGGAA-1,3.0
TTACTCTGGTACGTAC-1,5.0
TTACTGGGATATTTCA-1,5.0
TTACTGTCTAGAGCTC-1,3.0
TTACTGTTTCTCTACG-1,3.0
TTAGAAGAACATGACT-1,6.0
TTAGAATAAGGGTCGG-1,0.0
TTAGACACGATCGTTG-1,3.0
TTAGACGAGTCACCTC-1,5.0
TTAGAGTTTAGAAGGA-1,4.0
TTAGATAGGTCGATAC-1,3.0
TTAGCAACATGGATGT-1,3.0
TTAGCTAATACGATCT-1,3.0
TTAGCTCTGTAATCCG-1,3.0
TTAGCTGATTTGCCGT-1,3.0
TTAGGTCATAACCGAC-1,0.0
TTAGTAAACCTGCTCT-1,6.0
TTAGTAGGGCGGCGGG-1,3.0
TTAGTTATTCGTGGCA-1,4.0
TTAGTTCAAGTGTTCG-1,3.0
TTATAGATGCACATTA-1,3.0
TTATAGGTAATTGTCT-1,0.0
TTATATACGCTGTCAC-1,3.0
TTATATTTGGCAATCC-1,3.0
TTATCCAATCGAACTC-1,3.0
TTATCCGGGATCTATA-1,5.0
TTATCCTCAAGGAATA-1,5.0
TTATCGCCTGCGAAGC-1,3.0
TTATCTGACATTAGGA-1,4.0
TTATCTGTATCATAAC-1,3.0
TTATGAATGAAAGGGA-1,4.0
TTATGACAAACTGGAT-1,3.0
TTATGATCTTAACGAA-1,3.0
TTATGCGTCCCGGTCC-1,3.0
TTATGTTTGCGATAGA-1,3.0
TTATTAGAGCGTGTTC-1,5.0
TTATTAGGGAAGCATC-1,3.0
TTATTATCTGGAAGGC-1,4.0
TTCAAAGTCTCTAGCC-1,3.0
TTCAACGACCCGACCG-1,3.0
TTCAAGCCGAGCTGAG-1,3.0
TTCAATACTCTGAATC-1,3.0
TTCAATTAGCCATAAT-1,3.0
TTCACGAAAGGATCAC-1,4.0
TTCACTCGAGCACCTA-1,6.0
TTCAGCCCTGGTCCAC-1,4.0
TTCAGCTGGCGTGCCC-1,5.0
TTCAGGCGTCAAAGCC-1,3.0
TTCAGTTTGTGGCAGC-1,3.0
TTCATGGCGCAACAGG-1,3.0
TTCCAATCAGAGCTAG-1,3.0
TTCCAATCTGGCTATC-1,5.0
TTCCACACAGATTTGA-1,5.0
TTCCAGACGAGATTTA-1,3.0
TTCCATCATGCGGTGA-1,3.0
TTCCATCGACAGCGTG-1,5.0
TTCCCGACGCTTCACT-1,3.0
TTCCCGGCGCCAATAG-1,5.0
TTCCGCAGAGAAATAT-1,3.0
TTCCGCGTGAGGCGAT-1,5.0
TTCCGGCCTTGAGGCT-1,6.0
TTCCGGTATCTGTGTC-1,3.0
TTCCGGTTACCCACTT-1,4.0
TTCCTCGAGGGTGTCT-1,3.0
TTCCTCGGACTAACCA-1,5.0
TTCCTCTGCCCGAATA-1,3.0
TTCCTTTCTGTGTTGC-1,3.0
TTCGACAGAGCCCGTG-1,5.0
TTCGACGGGAAGGGCG-1,3.0
TTCGCACTCGCGTGCT-1,3.0
TTCGCACTGTACGACA-1,0.0
TTCGCATCCGGAAGCA-1,3.0
TTCGCCGCTCGCGCTA-1,5.0
TTCGCGCGCCATACGA-1,0.0
TTCGCTAGGAAGTTGT-1,3.0
TTCGCTATCTGACGTG-1,3.0
TTCGGACTGATGCCTT-1,3.0
TTCGGACTGGGCATGG-1,
TTCGGCAACCCGCTGA-1,3.0
TTCGGCTAGAGATGGT-1,3.0
TTCGGGACTAATCGCG-1,3.0
TTCGGGCGCTAGTCTT-1,6.0
TTCGGTGGAGACGCCC-1,3.0
TTCGTAATCCCAGCGG-1,3.0
TTCGTACTCCAGAACG-1,3.0
TTCGTTCAACGAAGTT-1,3.0
TTCTAACCGAAGCTTA-1,3.0
TTCTACCTCAATCGGT-1,
TTCTACCTTTATGTTG-1,3.0
TTCTACTTGCGAGGGC-1,3.0
TTCTAGAAAGTCTTAT-1,0.0
TTCTAGGCCAATTGTG-1,3.0
TTCTATGCCTTTCGCA-1,3.0
TTCTGACCGGGCTCAA-1,5.0
TTCTGCCGCGCCTAGA-1,5.0
TTCTGCGAGCGCCCTT-1,3.0
TTCTGCGGGTTAGCGG-1,3.0
TTCTGCTAGACTCCAA-1,3.0
TTCTGTTTCCTGTCGC-1,3.0
TTCTTAGTGAACGGTG-1,3.0
TTCTTAGTGGCTCAGA-1,3.0
TTCTTATCCGCTGGGT-1,4.0
TTCTTCCCTTTGATAT-1,3.0
TTCTTGAGCCGCGCTA-1,5.0
TTCTTGCTAGCATCTC-1,3.0
TTCTTGGACGATCTGC-1,5.0
TTCTTGGAGTAATGAG-1,3.0
TTCTTGTAACCTAATG-1,3.0
TTCTTGTGTCCATCAG-1,3.0
TTCTTTGGTCGCGACG-1,3.0
TTGAACGAATCCTTTG-1,3.0
TTGAACGACGTGCTGA-1,6.0
TTGAAGAATTCCCAGG-1,3.0
TTGAAGGATGGGCGCC-1,6.0
TTGAATATGGACTTTC-1,3.0
TTGAATCGTTGTATAA-1,5.0
TTGAATTCACGTGAGG-1,3.0
TTGACAGGAGCTCCCG-1,3.0
TTGACATGAACGTGGA-1,5.0
TTGACCAGGAACAACT-1,0.0
TTGACCATGTTCTCCG-1,3.0
TTGACCGTGTTAATGA-1,5.0
TTGACGATTCAGCACG-1,3.0
TTGACGCTCCATGAGC-1,3.0
TTGACTACCATATGGT-1,5.0
TTGACTATTGTCCGGC-1,3.0
TTGAGAAGTTTAGCAT-1,5.0
TTGAGAGTACTGCTAA-1,5.0
TTGAGCAGCCCACGGT-1,3.0
TTGAGCGCCACGTGAT-1,3.0
TTGAGGCATTTAACTC-1,3.0
TTGAGTCCCGCTGCTG-1,3.0
TTGATAGTCAATACAT-1,3.0
TTGATCTAACTTTGTC-1,3.0
TTGATGTGTAGTCCCG-1,3.0
TTGATTAGCTGTTTCT-1,5.0
TTGATTATGCAGATGA-1,3.0
TTGCACAATTCAGAAA-1,5.0
TTGCACGGAGCAGCAC-1,3.0
TTGCATGCTGATCACG-1,5.0
TTGCCAAGCAGAACCC-1,3.0
TTGCCATAGCCCGCTC-1,5.0
TTGCCCTGATCACGGG-1,4.0
TTGCCGCAGACCTACA-1,6.0
TTGCCGCTTTCTAGTA-1,0.0
TTGCCGGTGATCCCTC-1,3.0
TTGCGCTCTCTCGCTT-1,3.0
TTGCGGCATCAGAAAG-1,6.0
TTGCGGCGACTCATGC-1,3.0
TTGCGTAGTTTGAGGA-1,3.0
TTGCGTCGGCCAACCG-1,5.0
TTGCGTGAACGCTTAG-1,3.0
TTGCTCCCATACCGGA-1,3.0
TTGCTGAAGGAACCAC-1,3.0
TTGCTGATCATGTTCG-1,3.0
TTGCTGCACCTATCCA-1,3.0
TTGCTGGCCGGGCTTC-1,3.0
TTGGAAGAATACAGTC-1,5.0
TTGGACATGTGGCTTA-1,5.0
TTGGACCATCTGGCAA-1,4.0
TTGGACCTATAACAGT-1,5.0
TTGGAGTCTCCCTTCT-1,3.0
TTGGATATCGTCTACG-1,5.0
TTGGATCGACTTCTGG-1,3.0
TTGGATTGGGTACCAC-1,3.0
TTGGCCATCTTGCGCT-1,3.0
TTGGCCTAGAATTTCG-1,3.0
TTGGCGATCCGAATAT-1,3.0
TTGGCTCGCATGAGAC-1,3.0
TTGGGACACTGCCCGC-1,3.0
TTGGGACGTAAGAGTT-1,4.0
TTGGGCGGCGGTTGCC-1,3.0
TTGGGTTTATTCAGCG-1,3.0
TTGGTATGGCTTGTGT-1,3.0
TTGGTCACACTCGTAA-1,5.0
TTGGTTCGCTCAAAGG-1,3.0
TTGGTTGCGGTGCGCG-1,5.0
TTGTAAGGACCTAAGT-1,5.0
TTGTAAGGCCAGTTGG-1,3.0
TTGTAATCCGTACTCG-1,3.0
TTGTATCACACAGAAT-1,3.0
TTGTCGTTCAGTTACC-1,3.0
TTGTGAACCTAATCCG-1,5.0
TTGTGAGGCATGACGC-1,4.0
TTGTGCAGCCACGTCA-1,0.0
TTGTGGCCCTGACAGT-1,3.0
TTGTGGTAGGAGGGAT-1,5.0
TTGTGGTATAGGTATG-1,3.0
TTGTGGTGGTACTAAG-1,6.0
TTGTGTATGCCACCAA-1,6.0
TTGTGTTTCCCGAAAG-1,6.0
TTGTTAGCAAATTCGA-1,3.0
TTGTTCAGTGTGCTAC-1,3.0
TTGTTGTGTGTCAAGA-1,3.0
TTGTTTCACATCCAGG-1,0.0
TTGTTTCATTAGTCTA-1,6.0
TTGTTTCCATACAACT-1,5.0
TTGTTTGTGTAAATTC-1,3.0
